ISO-10303-21;
HEADER;
/* Generated by software containing ST-Developer
 * from STEP Tools, Inc. (www.steptools.com) 
 */

FILE_DESCRIPTION(
/* description */ (''),
/* implementation_level */ '2;1');

FILE_NAME(
/* name */ 'Kere.step',
/* time_stamp */ '2026-05-07T11:46:25+03:00',
/* author */ (''),
/* organization */ (''),
/* preprocessor_version */ 'ST-DEVELOPER v20.1',
/* originating_system */ 'Autodesk Translation Framework v15.8.0.0',
/* authorisation */ '');

FILE_SCHEMA (('AUTOMOTIVE_DESIGN { 1 0 10303 214 3 1 1 }'));
ENDSEC;

DATA;
#10=MECHANICAL_DESIGN_GEOMETRIC_PRESENTATION_REPRESENTATION('',(#13),#6709);
#11=SHAPE_REPRESENTATION_RELATIONSHIP('SRR','None',#6716,#12);
#12=ADVANCED_BREP_SHAPE_REPRESENTATION('',(#14),#6708);
#13=STYLED_ITEM('',(#6726),#14);
#14=MANIFOLD_SOLID_BREP('Body1',#3950);
#15=CYLINDRICAL_SURFACE('',#4070,2.00000000000001);
#16=CYLINDRICAL_SURFACE('',#4075,1.30000000000001);
#17=CYLINDRICAL_SURFACE('',#4079,1.30000000000001);
#18=CYLINDRICAL_SURFACE('',#4082,1.30000000000001);
#19=CYLINDRICAL_SURFACE('',#4085,1.29999999999999);
#20=CYLINDRICAL_SURFACE('',#4130,21.5);
#21=CYLINDRICAL_SURFACE('',#4166,12.5);
#22=CYLINDRICAL_SURFACE('',#4172,21.5);
#23=CYLINDRICAL_SURFACE('',#4195,2.);
#24=CYLINDRICAL_SURFACE('',#4196,2.);
#25=CYLINDRICAL_SURFACE('',#4197,2.);
#26=CYLINDRICAL_SURFACE('',#4198,2.);
#27=CYLINDRICAL_SURFACE('',#4215,6.);
#28=CYLINDRICAL_SURFACE('',#4216,6.);
#29=CYLINDRICAL_SURFACE('',#4225,1.50000000003668);
#30=CYLINDRICAL_SURFACE('',#4226,1.50000000003668);
#31=CYLINDRICAL_SURFACE('',#4227,6.);
#32=CYLINDRICAL_SURFACE('',#4228,6.);
#33=CYLINDRICAL_SURFACE('',#4229,6.);
#34=CYLINDRICAL_SURFACE('',#4230,6.);
#35=CYLINDRICAL_SURFACE('',#4231,6.);
#36=CYLINDRICAL_SURFACE('',#4232,2.);
#37=CYLINDRICAL_SURFACE('',#4233,2.);
#38=CYLINDRICAL_SURFACE('',#4234,2.);
#39=CYLINDRICAL_SURFACE('',#4235,2.);
#40=CYLINDRICAL_SURFACE('',#4236,2.);
#41=CYLINDRICAL_SURFACE('',#4237,2.);
#42=CYLINDRICAL_SURFACE('',#4238,2.);
#43=CYLINDRICAL_SURFACE('',#4239,2.);
#44=CYLINDRICAL_SURFACE('',#4240,2.);
#45=CYLINDRICAL_SURFACE('',#4243,2.);
#46=CYLINDRICAL_SURFACE('',#4246,2.);
#47=CYLINDRICAL_SURFACE('',#4247,2.);
#48=CYLINDRICAL_SURFACE('',#4258,2.);
#49=CYLINDRICAL_SURFACE('',#4261,2.);
#50=CYLINDRICAL_SURFACE('',#4264,2.);
#51=CYLINDRICAL_SURFACE('',#4267,2.);
#52=CYLINDRICAL_SURFACE('',#4270,2.);
#53=CYLINDRICAL_SURFACE('',#4273,2.);
#54=CYLINDRICAL_SURFACE('',#4276,2.);
#55=CYLINDRICAL_SURFACE('',#4279,2.);
#56=CYLINDRICAL_SURFACE('',#4286,5.);
#57=CYLINDRICAL_SURFACE('',#4287,5.);
#58=CYLINDRICAL_SURFACE('',#4288,5.);
#59=CYLINDRICAL_SURFACE('',#4289,5.);
#60=(
BOUNDED_SURFACE()
B_SPLINE_SURFACE(2,1,((#5657,#5658),(#5659,#5660),(#5661,#5662)),
 .UNSPECIFIED.,.F.,.F.,.F.)
B_SPLINE_SURFACE_WITH_KNOTS((3,3),(2,2),(0.,1.),(0.,19.8),.UNSPECIFIED.)
GEOMETRIC_REPRESENTATION_ITEM()
RATIONAL_B_SPLINE_SURFACE(((1.,1.),(0.707106781186547,0.707106781186547),
(1.,1.)))
REPRESENTATION_ITEM('')
SURFACE()
);
#61=(
BOUNDED_SURFACE()
B_SPLINE_SURFACE(2,1,((#6124,#6125),(#6126,#6127),(#6128,#6129)),
 .UNSPECIFIED.,.F.,.F.,.F.)
B_SPLINE_SURFACE_WITH_KNOTS((3,3),(2,2),(0.,1.),(0.,19.8),.UNSPECIFIED.)
GEOMETRIC_REPRESENTATION_ITEM()
RATIONAL_B_SPLINE_SURFACE(((1.,1.),(0.707106781186547,0.707106781186547),
(1.,1.)))
REPRESENTATION_ITEM('')
SURFACE()
);
#62=(
BOUNDED_SURFACE()
B_SPLINE_SURFACE(2,1,((#6478,#6479),(#6480,#6481),(#6482,#6483)),
 .UNSPECIFIED.,.F.,.F.,.F.)
B_SPLINE_SURFACE_WITH_KNOTS((3,3),(2,2),(0.,1.),(0.,19.8),.UNSPECIFIED.)
GEOMETRIC_REPRESENTATION_ITEM()
RATIONAL_B_SPLINE_SURFACE(((1.,1.),(0.707106781186544,0.707106781186544),
(1.,1.)))
REPRESENTATION_ITEM('')
SURFACE()
);
#63=CIRCLE('',#3984,21.5);
#64=CIRCLE('',#3985,12.5);
#65=CIRCLE('',#3986,21.5);
#66=CIRCLE('',#3996,21.5);
#67=CIRCLE('',#4000,21.5);
#68=CIRCLE('',#4004,21.5);
#69=CIRCLE('',#4005,12.5);
#70=CIRCLE('',#4006,21.5);
#71=CIRCLE('',#4013,21.5);
#72=CIRCLE('',#4026,2.);
#73=CIRCLE('',#4027,2.);
#74=CIRCLE('',#4028,2.);
#75=CIRCLE('',#4029,2.);
#76=CIRCLE('',#4030,2.00000000000001);
#77=CIRCLE('',#4031,2.);
#78=CIRCLE('',#4032,2.);
#79=CIRCLE('',#4033,2.);
#80=CIRCLE('',#4034,2.);
#81=CIRCLE('',#4035,2.);
#82=CIRCLE('',#4036,5.);
#83=CIRCLE('',#4037,5.);
#84=CIRCLE('',#4038,5.);
#85=CIRCLE('',#4039,5.);
#86=CIRCLE('',#4040,2.);
#87=CIRCLE('',#4041,2.);
#88=CIRCLE('',#4042,2.);
#89=CIRCLE('',#4043,2.);
#90=CIRCLE('',#4044,2.);
#91=CIRCLE('',#4045,2.);
#92=CIRCLE('',#4046,2.);
#93=CIRCLE('',#4047,2.);
#94=CIRCLE('',#4048,2.);
#95=CIRCLE('',#4049,1.29999999999999);
#96=CIRCLE('',#4050,1.30000000000001);
#97=CIRCLE('',#4051,1.30000000000001);
#98=CIRCLE('',#4052,1.30000000000001);
#99=CIRCLE('',#4057,2.00000000000001);
#100=CIRCLE('',#4076,1.30000000000001);
#101=CIRCLE('',#4080,1.30000000000001);
#102=CIRCLE('',#4083,1.30000000000001);
#103=CIRCLE('',#4086,1.29999999999999);
#104=CIRCLE('',#4090,12.5);
#105=CIRCLE('',#4093,12.5);
#106=CIRCLE('',#4095,12.5);
#107=CIRCLE('',#4097,12.5);
#108=CIRCLE('',#4099,12.5);
#109=CIRCLE('',#4103,2.);
#110=CIRCLE('',#4104,2.);
#111=CIRCLE('',#4105,6.);
#112=CIRCLE('',#4106,2.);
#113=CIRCLE('',#4108,2.);
#114=CIRCLE('',#4109,2.00000000000001);
#115=CIRCLE('',#4111,2.);
#116=CIRCLE('',#4112,6.);
#117=CIRCLE('',#4113,2.);
#118=CIRCLE('',#4114,2.);
#119=CIRCLE('',#4115,6.);
#120=CIRCLE('',#4116,2.);
#121=CIRCLE('',#4117,5.);
#122=CIRCLE('',#4118,5.);
#123=CIRCLE('',#4119,5.);
#124=CIRCLE('',#4120,5.);
#125=CIRCLE('',#4121,2.);
#126=CIRCLE('',#4122,2.);
#127=CIRCLE('',#4123,2.);
#128=CIRCLE('',#4124,2.);
#129=CIRCLE('',#4125,2.);
#130=CIRCLE('',#4126,2.);
#131=CIRCLE('',#4132,21.5);
#132=CIRCLE('',#4138,6.);
#133=CIRCLE('',#4139,6.);
#134=CIRCLE('',#4140,6.);
#135=CIRCLE('',#4142,6.);
#136=CIRCLE('',#4143,6.);
#137=CIRCLE('',#4144,6.);
#138=CIRCLE('',#4152,12.5);
#139=CIRCLE('',#4154,6.);
#140=CIRCLE('',#4155,2.);
#141=CIRCLE('',#4156,2.);
#142=CIRCLE('',#4157,2.);
#143=CIRCLE('',#4159,2.);
#144=CIRCLE('',#4160,2.);
#145=CIRCLE('',#4161,2.);
#146=CIRCLE('',#4162,2.);
#147=CIRCLE('',#4168,2.);
#148=CIRCLE('',#4169,2.);
#149=CIRCLE('',#4170,2.);
#150=CIRCLE('',#4171,2.);
#151=CIRCLE('',#4200,1.50000000003668);
#152=CIRCLE('',#4202,6.);
#153=CIRCLE('',#4203,6.);
#154=CIRCLE('',#4204,6.);
#155=CIRCLE('',#4207,1.50000000003668);
#156=CIRCLE('',#4209,6.);
#157=CIRCLE('',#4210,6.);
#158=CIRCLE('',#4211,6.);
#159=CIRCLE('',#4259,2.);
#160=CIRCLE('',#4262,2.);
#161=CIRCLE('',#4265,2.);
#162=CIRCLE('',#4268,2.);
#163=CIRCLE('',#4271,2.);
#164=CIRCLE('',#4274,2.);
#165=CIRCLE('',#4277,2.);
#166=CIRCLE('',#4280,2.);
#167=ELLIPSE('',#3971,15.0000000001609,8.00000000016495);
#168=ELLIPSE('',#3978,25.1741836995329,21.5);
#169=ELLIPSE('',#3980,25.2819957318259,21.5);
#170=ELLIPSE('',#3982,25.1741836995328,21.5);
#171=ELLIPSE('',#3989,25.1741836995329,21.5);
#172=ELLIPSE('',#3992,25.1741836995328,21.5);
#173=ELLIPSE('',#3994,25.1741836995328,21.5);
#174=ELLIPSE('',#3998,25.1741836995329,21.5);
#175=ELLIPSE('',#4002,25.1741836995329,21.5);
#176=ELLIPSE('',#4008,25.1741836995328,21.5);
#177=ELLIPSE('',#4010,25.1741836995334,21.5);
#178=ELLIPSE('',#4012,14.9999999999991,7.99999999999964);
#179=ELLIPSE('',#4014,9.99999999999887,2.99999999999967);
#180=ELLIPSE('',#4015,15.00000000034,8.00000000035251);
#181=ELLIPSE('',#4100,15.0000000000006,8.00000000000029);
#182=ELLIPSE('',#4131,25.2819957318259,21.5);
#183=ELLIPSE('',#4133,25.1741836995329,21.5);
#184=ELLIPSE('',#4134,25.0692439185128,21.5);
#185=ELLIPSE('',#4135,25.0692439185128,21.5);
#186=ELLIPSE('',#4136,25.0692439185128,21.5);
#187=ELLIPSE('',#4165,10.0000000000003,3.00000000000016);
#188=ELLIPSE('',#4173,25.1741836995337,21.5);
#189=ELLIPSE('',#4174,25.1741836995334,21.5);
#190=ELLIPSE('',#4175,25.1741836995337,21.5);
#191=ELLIPSE('',#4181,30.5941170815568,6.);
#192=ELLIPSE('',#4186,3.12409987036266,2.);
#193=ELLIPSE('',#4187,3.12409987036266,2.);
#194=ELLIPSE('',#4188,3.12409987036266,2.);
#195=ELLIPSE('',#4189,3.12409987036266,2.);
#196=ELLIPSE('',#4218,1.63341030977616,1.50000000003668);
#197=ELLIPSE('',#4222,1.63341030977616,1.50000000003668);
#198=ELLIPSE('',#4241,2.40370085030932,2.);
#199=ELLIPSE('',#4242,2.40370085030932,2.);
#200=ELLIPSE('',#4244,2.40370085030932,2.);
#201=ELLIPSE('',#4245,2.40370085030932,2.);
#202=FACE_BOUND('',#461,.T.);
#203=FACE_BOUND('',#462,.T.);
#204=FACE_BOUND('',#463,.T.);
#205=FACE_BOUND('',#464,.T.);
#206=FACE_BOUND('',#465,.T.);
#207=FACE_BOUND('',#466,.T.);
#208=FACE_BOUND('',#467,.T.);
#209=FACE_BOUND('',#468,.T.);
#210=FACE_BOUND('',#504,.T.);
#211=FACE_BOUND('',#505,.T.);
#212=FACE_BOUND('',#506,.T.);
#213=FACE_BOUND('',#507,.T.);
#214=FACE_BOUND('',#508,.T.);
#215=FACE_BOUND('',#509,.T.);
#216=FACE_BOUND('',#510,.T.);
#217=FACE_BOUND('',#511,.T.);
#218=FACE_BOUND('',#512,.T.);
#219=FACE_BOUND('',#513,.T.);
#220=FACE_BOUND('',#514,.T.);
#221=FACE_BOUND('',#515,.T.);
#222=FACE_BOUND('',#516,.T.);
#223=FACE_BOUND('',#517,.T.);
#224=FACE_BOUND('',#518,.T.);
#225=FACE_BOUND('',#519,.T.);
#226=FACE_BOUND('',#520,.T.);
#227=FACE_BOUND('',#521,.T.);
#228=FACE_BOUND('',#562,.T.);
#229=FACE_BOUND('',#565,.T.);
#230=FACE_BOUND('',#566,.T.);
#231=FACE_BOUND('',#567,.T.);
#232=FACE_BOUND('',#568,.T.);
#233=FACE_BOUND('',#569,.T.);
#234=FACE_BOUND('',#570,.T.);
#235=FACE_BOUND('',#575,.T.);
#236=FACE_BOUND('',#576,.T.);
#237=FACE_BOUND('',#587,.T.);
#238=FACE_BOUND('',#589,.T.);
#239=FACE_BOUND('',#590,.T.);
#240=FACE_BOUND('',#591,.T.);
#241=FACE_BOUND('',#592,.T.);
#242=FACE_BOUND('',#596,.T.);
#243=FACE_BOUND('',#598,.T.);
#244=FACE_BOUND('',#599,.T.);
#245=FACE_BOUND('',#600,.T.);
#246=FACE_BOUND('',#601,.T.);
#247=FACE_BOUND('',#603,.T.);
#248=FACE_BOUND('',#604,.T.);
#249=FACE_BOUND('',#605,.T.);
#250=FACE_BOUND('',#626,.T.);
#251=FACE_BOUND('',#630,.T.);
#252=FACE_BOUND('',#638,.T.);
#253=FACE_BOUND('',#642,.T.);
#254=B_SPLINE_CURVE_WITH_KNOTS('',3,(#5413,#5414,#5415,#5416,#5417,#5418),
 .UNSPECIFIED.,.F.,.F.,(4,2,4),(-5.49999986588955,-2.74999993294478,-1.50999986588955),
 .UNSPECIFIED.);
#255=B_SPLINE_CURVE_WITH_KNOTS('',3,(#5426,#5427,#5428,#5429,#5430,#5431),
 .UNSPECIFIED.,.F.,.F.,(4,2,4),(-3.99,-2.7,0.),.UNSPECIFIED.);
#256=B_SPLINE_CURVE_WITH_KNOTS('',3,(#5489,#5490,#5491,#5492,#5493,#5494,
#5495,#5496),.UNSPECIFIED.,.F.,.F.,(4,2,2,4),(-1.14643635815443,-0.959239086706078,
-0.646967364310999,-0.153982751524942),.UNSPECIFIED.);
#257=B_SPLINE_CURVE_WITH_KNOTS('',3,(#5524,#5525,#5526,#5527),
 .UNSPECIFIED.,.F.,.F.,(4,4),(-1.46,-0.0499999999999989),.UNSPECIFIED.);
#258=B_SPLINE_CURVE_WITH_KNOTS('',3,(#5666,#5667,#5668,#5669,#5670,#5671),
 .UNSPECIFIED.,.F.,.F.,(4,2,4),(-0.759438674346356,-0.304018306326989,-0.0694076791940222),
 .UNSPECIFIED.);
#259=B_SPLINE_CURVE_WITH_KNOTS('',3,(#5673,#5674,#5675,#5676),
 .UNSPECIFIED.,.F.,.F.,(4,4),(-1.50999986588955,0.),.UNSPECIFIED.);
#260=B_SPLINE_CURVE_WITH_KNOTS('',3,(#5678,#5679,#5680,#5681,#5682,#5683,
#5684,#5685),.UNSPECIFIED.,.F.,.F.,(4,2,2,4),(-0.459278766468786,-0.393640141079773,
-0.177779289378107,0.),.UNSPECIFIED.);
#261=B_SPLINE_CURVE_WITH_KNOTS('',3,(#5689,#5690,#5691,#5692,#5693,#5694,
#5695,#5696,#5697,#5698,#5699,#5700,#5701,#5702,#5703,#5704,#5705,#5706,
#5707,#5708,#5709,#5710,#5711,#5712,#5713,#5714,#5715,#5716,#5717,#5718,
#5719,#5720,#5721,#5722,#5723,#5724,#5725,#5726,#5727,#5728,#5729,#5730,
#5731,#5732,#5733,#5734,#5735,#5736,#5737,#5738,#5739,#5740,#5741,#5742,
#5743,#5744,#5745,#5746,#5747,#5748,#5749,#5750,#5751,#5752,#5753,#5754,
#5755,#5756,#5757,#5758,#5759,#5760,#5761),.UNSPECIFIED.,.F.,.F.,(4,3,3,
3,3,3,3,3,3,3,3,3,3,3,3,3,3,3,3,3,3,3,3,3,4),(-0.418057516215276,-0.389155861425005,
-0.356487015965655,-0.341829104817733,-0.316506706709889,-0.293110663078653,
-0.2840547335618,-0.261839415721509,-0.240928555984196,-0.239624097881217,
-0.221323798893653,-0.214097081653284,-0.209069293950068,-0.20405491605134,
-0.196894064479946,-0.178999492803798,-0.158105329127861,-0.136698522043533,
-0.134638033252802,-0.111395962806337,-0.0863821817439145,-0.0769841626680944,
-0.0446218677182664,-0.0152551657186776,0.),.UNSPECIFIED.);
#262=B_SPLINE_CURVE_WITH_KNOTS('',3,(#6090,#6091,#6092,#6093,#6094,#6095,
#6096,#6097),.UNSPECIFIED.,.F.,.F.,(4,2,2,4),(-1.79708107870067,-1.56010683762134,
-1.28985502994485,-1.08527163571694),.UNSPECIFIED.);
#263=B_SPLINE_CURVE_WITH_KNOTS('',3,(#6131,#6132,#6133,#6134,#6135,#6136,
#6137,#6138,#6139,#6140,#6141,#6142,#6143,#6144,#6145,#6146,#6147,#6148,
#6149,#6150,#6151,#6152,#6153,#6154,#6155,#6156,#6157,#6158,#6159,#6160,
#6161,#6162,#6163,#6164,#6165,#6166,#6167,#6168,#6169,#6170,#6171,#6172,
#6173,#6174,#6175,#6176,#6177,#6178,#6179,#6180,#6181,#6182,#6183,#6184,
#6185,#6186,#6187,#6188,#6189,#6190,#6191,#6192,#6193,#6194,#6195,#6196,
#6197,#6198,#6199,#6200,#6201,#6202,#6203),.UNSPECIFIED.,.F.,.F.,(4,3,3,
3,3,3,3,3,3,3,3,3,3,3,3,3,3,3,3,3,3,3,3,3,4),(-0.410897797612196,-0.381590206451275,
-0.349109945870796,-0.338028937092237,-0.3127624852617,-0.289398427511558,
-0.28028679087667,-0.258093891105341,-0.237190655637877,-0.235900991334013,
-0.217700276947104,-0.210493528067257,-0.205473103541275,-0.200460729808856,
-0.193293523845506,-0.175336368487979,-0.154443049202936,-0.133040437856913,
-0.130991764740572,-0.107762182715886,-0.0827709049173435,-0.0733215087105051,
-0.0411643550089585,-0.0115115550481949,0.),.UNSPECIFIED.);
#264=FACE_OUTER_BOUND('',#456,.T.);
#265=FACE_OUTER_BOUND('',#457,.T.);
#266=FACE_OUTER_BOUND('',#458,.T.);
#267=FACE_OUTER_BOUND('',#459,.T.);
#268=FACE_OUTER_BOUND('',#460,.T.);
#269=FACE_OUTER_BOUND('',#469,.T.);
#270=FACE_OUTER_BOUND('',#470,.T.);
#271=FACE_OUTER_BOUND('',#471,.T.);
#272=FACE_OUTER_BOUND('',#472,.T.);
#273=FACE_OUTER_BOUND('',#473,.T.);
#274=FACE_OUTER_BOUND('',#474,.T.);
#275=FACE_OUTER_BOUND('',#475,.T.);
#276=FACE_OUTER_BOUND('',#476,.T.);
#277=FACE_OUTER_BOUND('',#477,.T.);
#278=FACE_OUTER_BOUND('',#478,.T.);
#279=FACE_OUTER_BOUND('',#479,.T.);
#280=FACE_OUTER_BOUND('',#480,.T.);
#281=FACE_OUTER_BOUND('',#481,.T.);
#282=FACE_OUTER_BOUND('',#482,.T.);
#283=FACE_OUTER_BOUND('',#483,.T.);
#284=FACE_OUTER_BOUND('',#484,.T.);
#285=FACE_OUTER_BOUND('',#485,.T.);
#286=FACE_OUTER_BOUND('',#486,.T.);
#287=FACE_OUTER_BOUND('',#487,.T.);
#288=FACE_OUTER_BOUND('',#488,.T.);
#289=FACE_OUTER_BOUND('',#489,.T.);
#290=FACE_OUTER_BOUND('',#490,.T.);
#291=FACE_OUTER_BOUND('',#491,.T.);
#292=FACE_OUTER_BOUND('',#492,.T.);
#293=FACE_OUTER_BOUND('',#493,.T.);
#294=FACE_OUTER_BOUND('',#494,.T.);
#295=FACE_OUTER_BOUND('',#495,.T.);
#296=FACE_OUTER_BOUND('',#496,.T.);
#297=FACE_OUTER_BOUND('',#497,.T.);
#298=FACE_OUTER_BOUND('',#498,.T.);
#299=FACE_OUTER_BOUND('',#499,.T.);
#300=FACE_OUTER_BOUND('',#500,.T.);
#301=FACE_OUTER_BOUND('',#501,.T.);
#302=FACE_OUTER_BOUND('',#502,.T.);
#303=FACE_OUTER_BOUND('',#503,.T.);
#304=FACE_OUTER_BOUND('',#522,.T.);
#305=FACE_OUTER_BOUND('',#523,.T.);
#306=FACE_OUTER_BOUND('',#524,.T.);
#307=FACE_OUTER_BOUND('',#525,.T.);
#308=FACE_OUTER_BOUND('',#526,.T.);
#309=FACE_OUTER_BOUND('',#527,.T.);
#310=FACE_OUTER_BOUND('',#528,.T.);
#311=FACE_OUTER_BOUND('',#529,.T.);
#312=FACE_OUTER_BOUND('',#530,.T.);
#313=FACE_OUTER_BOUND('',#531,.T.);
#314=FACE_OUTER_BOUND('',#532,.T.);
#315=FACE_OUTER_BOUND('',#533,.T.);
#316=FACE_OUTER_BOUND('',#534,.T.);
#317=FACE_OUTER_BOUND('',#535,.T.);
#318=FACE_OUTER_BOUND('',#536,.T.);
#319=FACE_OUTER_BOUND('',#537,.T.);
#320=FACE_OUTER_BOUND('',#538,.T.);
#321=FACE_OUTER_BOUND('',#539,.T.);
#322=FACE_OUTER_BOUND('',#540,.T.);
#323=FACE_OUTER_BOUND('',#541,.T.);
#324=FACE_OUTER_BOUND('',#542,.T.);
#325=FACE_OUTER_BOUND('',#543,.T.);
#326=FACE_OUTER_BOUND('',#544,.T.);
#327=FACE_OUTER_BOUND('',#545,.T.);
#328=FACE_OUTER_BOUND('',#546,.T.);
#329=FACE_OUTER_BOUND('',#547,.T.);
#330=FACE_OUTER_BOUND('',#548,.T.);
#331=FACE_OUTER_BOUND('',#549,.T.);
#332=FACE_OUTER_BOUND('',#550,.T.);
#333=FACE_OUTER_BOUND('',#551,.T.);
#334=FACE_OUTER_BOUND('',#552,.T.);
#335=FACE_OUTER_BOUND('',#553,.T.);
#336=FACE_OUTER_BOUND('',#554,.T.);
#337=FACE_OUTER_BOUND('',#555,.T.);
#338=FACE_OUTER_BOUND('',#556,.T.);
#339=FACE_OUTER_BOUND('',#557,.T.);
#340=FACE_OUTER_BOUND('',#558,.T.);
#341=FACE_OUTER_BOUND('',#559,.T.);
#342=FACE_OUTER_BOUND('',#560,.T.);
#343=FACE_OUTER_BOUND('',#561,.T.);
#344=FACE_OUTER_BOUND('',#563,.T.);
#345=FACE_OUTER_BOUND('',#564,.T.);
#346=FACE_OUTER_BOUND('',#571,.T.);
#347=FACE_OUTER_BOUND('',#572,.T.);
#348=FACE_OUTER_BOUND('',#573,.T.);
#349=FACE_OUTER_BOUND('',#574,.T.);
#350=FACE_OUTER_BOUND('',#577,.T.);
#351=FACE_OUTER_BOUND('',#578,.T.);
#352=FACE_OUTER_BOUND('',#579,.T.);
#353=FACE_OUTER_BOUND('',#580,.T.);
#354=FACE_OUTER_BOUND('',#581,.T.);
#355=FACE_OUTER_BOUND('',#582,.T.);
#356=FACE_OUTER_BOUND('',#583,.T.);
#357=FACE_OUTER_BOUND('',#584,.T.);
#358=FACE_OUTER_BOUND('',#585,.T.);
#359=FACE_OUTER_BOUND('',#586,.T.);
#360=FACE_OUTER_BOUND('',#588,.T.);
#361=FACE_OUTER_BOUND('',#593,.T.);
#362=FACE_OUTER_BOUND('',#594,.T.);
#363=FACE_OUTER_BOUND('',#595,.T.);
#364=FACE_OUTER_BOUND('',#597,.T.);
#365=FACE_OUTER_BOUND('',#602,.T.);
#366=FACE_OUTER_BOUND('',#606,.T.);
#367=FACE_OUTER_BOUND('',#607,.T.);
#368=FACE_OUTER_BOUND('',#608,.T.);
#369=FACE_OUTER_BOUND('',#609,.T.);
#370=FACE_OUTER_BOUND('',#610,.T.);
#371=FACE_OUTER_BOUND('',#611,.T.);
#372=FACE_OUTER_BOUND('',#612,.T.);
#373=FACE_OUTER_BOUND('',#613,.T.);
#374=FACE_OUTER_BOUND('',#614,.T.);
#375=FACE_OUTER_BOUND('',#615,.T.);
#376=FACE_OUTER_BOUND('',#616,.T.);
#377=FACE_OUTER_BOUND('',#617,.T.);
#378=FACE_OUTER_BOUND('',#618,.T.);
#379=FACE_OUTER_BOUND('',#619,.T.);
#380=FACE_OUTER_BOUND('',#620,.T.);
#381=FACE_OUTER_BOUND('',#621,.T.);
#382=FACE_OUTER_BOUND('',#622,.T.);
#383=FACE_OUTER_BOUND('',#623,.T.);
#384=FACE_OUTER_BOUND('',#624,.T.);
#385=FACE_OUTER_BOUND('',#625,.T.);
#386=FACE_OUTER_BOUND('',#627,.T.);
#387=FACE_OUTER_BOUND('',#628,.T.);
#388=FACE_OUTER_BOUND('',#629,.T.);
#389=FACE_OUTER_BOUND('',#631,.T.);
#390=FACE_OUTER_BOUND('',#632,.T.);
#391=FACE_OUTER_BOUND('',#633,.T.);
#392=FACE_OUTER_BOUND('',#634,.T.);
#393=FACE_OUTER_BOUND('',#635,.T.);
#394=FACE_OUTER_BOUND('',#636,.T.);
#395=FACE_OUTER_BOUND('',#637,.T.);
#396=FACE_OUTER_BOUND('',#639,.T.);
#397=FACE_OUTER_BOUND('',#640,.T.);
#398=FACE_OUTER_BOUND('',#641,.T.);
#399=FACE_OUTER_BOUND('',#643,.T.);
#400=FACE_OUTER_BOUND('',#644,.T.);
#401=FACE_OUTER_BOUND('',#645,.T.);
#402=FACE_OUTER_BOUND('',#646,.T.);
#403=FACE_OUTER_BOUND('',#647,.T.);
#404=FACE_OUTER_BOUND('',#648,.T.);
#405=FACE_OUTER_BOUND('',#649,.T.);
#406=FACE_OUTER_BOUND('',#650,.T.);
#407=FACE_OUTER_BOUND('',#651,.T.);
#408=FACE_OUTER_BOUND('',#652,.T.);
#409=FACE_OUTER_BOUND('',#653,.T.);
#410=FACE_OUTER_BOUND('',#654,.T.);
#411=FACE_OUTER_BOUND('',#655,.T.);
#412=FACE_OUTER_BOUND('',#656,.T.);
#413=FACE_OUTER_BOUND('',#657,.T.);
#414=FACE_OUTER_BOUND('',#658,.T.);
#415=FACE_OUTER_BOUND('',#659,.T.);
#416=FACE_OUTER_BOUND('',#660,.T.);
#417=FACE_OUTER_BOUND('',#661,.T.);
#418=FACE_OUTER_BOUND('',#662,.T.);
#419=FACE_OUTER_BOUND('',#663,.T.);
#420=FACE_OUTER_BOUND('',#664,.T.);
#421=FACE_OUTER_BOUND('',#665,.T.);
#422=FACE_OUTER_BOUND('',#666,.T.);
#423=FACE_OUTER_BOUND('',#667,.T.);
#424=FACE_OUTER_BOUND('',#668,.T.);
#425=FACE_OUTER_BOUND('',#669,.T.);
#426=FACE_OUTER_BOUND('',#670,.T.);
#427=FACE_OUTER_BOUND('',#671,.T.);
#428=FACE_OUTER_BOUND('',#672,.T.);
#429=FACE_OUTER_BOUND('',#673,.T.);
#430=FACE_OUTER_BOUND('',#674,.T.);
#431=FACE_OUTER_BOUND('',#675,.T.);
#432=FACE_OUTER_BOUND('',#676,.T.);
#433=FACE_OUTER_BOUND('',#677,.T.);
#434=FACE_OUTER_BOUND('',#678,.T.);
#435=FACE_OUTER_BOUND('',#679,.T.);
#436=FACE_OUTER_BOUND('',#680,.T.);
#437=FACE_OUTER_BOUND('',#681,.T.);
#438=FACE_OUTER_BOUND('',#682,.T.);
#439=FACE_OUTER_BOUND('',#683,.T.);
#440=FACE_OUTER_BOUND('',#684,.T.);
#441=FACE_OUTER_BOUND('',#685,.T.);
#442=FACE_OUTER_BOUND('',#686,.T.);
#443=FACE_OUTER_BOUND('',#687,.T.);
#444=FACE_OUTER_BOUND('',#688,.T.);
#445=FACE_OUTER_BOUND('',#689,.T.);
#446=FACE_OUTER_BOUND('',#690,.T.);
#447=FACE_OUTER_BOUND('',#691,.T.);
#448=FACE_OUTER_BOUND('',#692,.T.);
#449=FACE_OUTER_BOUND('',#693,.T.);
#450=FACE_OUTER_BOUND('',#694,.T.);
#451=FACE_OUTER_BOUND('',#695,.T.);
#452=FACE_OUTER_BOUND('',#696,.T.);
#453=FACE_OUTER_BOUND('',#697,.T.);
#454=FACE_OUTER_BOUND('',#698,.T.);
#455=FACE_OUTER_BOUND('',#699,.T.);
#456=EDGE_LOOP('',(#2480,#2481,#2482,#2483));
#457=EDGE_LOOP('',(#2484,#2485,#2486,#2487));
#458=EDGE_LOOP('',(#2488,#2489,#2490,#2491));
#459=EDGE_LOOP('',(#2492,#2493,#2494,#2495));
#460=EDGE_LOOP('',(#2496,#2497,#2498,#2499,#2500,#2501,#2502,#2503,#2504,
#2505,#2506,#2507,#2508,#2509));
#461=EDGE_LOOP('',(#2510,#2511,#2512));
#462=EDGE_LOOP('',(#2513,#2514,#2515));
#463=EDGE_LOOP('',(#2516,#2517,#2518));
#464=EDGE_LOOP('',(#2519,#2520,#2521));
#465=EDGE_LOOP('',(#2522,#2523,#2524));
#466=EDGE_LOOP('',(#2525,#2526,#2527));
#467=EDGE_LOOP('',(#2528,#2529,#2530));
#468=EDGE_LOOP('',(#2531,#2532,#2533));
#469=EDGE_LOOP('',(#2534,#2535,#2536,#2537));
#470=EDGE_LOOP('',(#2538,#2539,#2540,#2541,#2542));
#471=EDGE_LOOP('',(#2543,#2544,#2545,#2546));
#472=EDGE_LOOP('',(#2547,#2548,#2549,#2550));
#473=EDGE_LOOP('',(#2551,#2552,#2553,#2554));
#474=EDGE_LOOP('',(#2555,#2556,#2557,#2558,#2559,#2560,#2561,#2562,#2563,
#2564,#2565,#2566,#2567,#2568));
#475=EDGE_LOOP('',(#2569,#2570,#2571,#2572));
#476=EDGE_LOOP('',(#2573,#2574,#2575,#2576));
#477=EDGE_LOOP('',(#2577,#2578,#2579,#2580));
#478=EDGE_LOOP('',(#2581,#2582,#2583,#2584));
#479=EDGE_LOOP('',(#2585,#2586,#2587,#2588,#2589,#2590,#2591,#2592));
#480=EDGE_LOOP('',(#2593,#2594,#2595,#2596,#2597,#2598));
#481=EDGE_LOOP('',(#2599,#2600,#2601,#2602));
#482=EDGE_LOOP('',(#2603,#2604,#2605,#2606));
#483=EDGE_LOOP('',(#2607,#2608,#2609,#2610));
#484=EDGE_LOOP('',(#2611,#2612,#2613,#2614));
#485=EDGE_LOOP('',(#2615,#2616,#2617,#2618));
#486=EDGE_LOOP('',(#2619,#2620,#2621,#2622));
#487=EDGE_LOOP('',(#2623,#2624,#2625,#2626));
#488=EDGE_LOOP('',(#2627,#2628,#2629,#2630));
#489=EDGE_LOOP('',(#2631,#2632,#2633,#2634,#2635,#2636,#2637,#2638));
#490=EDGE_LOOP('',(#2639,#2640,#2641,#2642));
#491=EDGE_LOOP('',(#2643,#2644,#2645,#2646));
#492=EDGE_LOOP('',(#2647,#2648,#2649,#2650,#2651,#2652,#2653,#2654,#2655,
#2656,#2657,#2658,#2659,#2660));
#493=EDGE_LOOP('',(#2661,#2662,#2663,#2664,#2665,#2666,#2667,#2668,#2669));
#494=EDGE_LOOP('',(#2670,#2671,#2672,#2673,#2674));
#495=EDGE_LOOP('',(#2675,#2676,#2677,#2678));
#496=EDGE_LOOP('',(#2679,#2680,#2681,#2682));
#497=EDGE_LOOP('',(#2683,#2684,#2685,#2686));
#498=EDGE_LOOP('',(#2687,#2688,#2689,#2690));
#499=EDGE_LOOP('',(#2691,#2692,#2693,#2694));
#500=EDGE_LOOP('',(#2695,#2696,#2697,#2698));
#501=EDGE_LOOP('',(#2699,#2700,#2701,#2702));
#502=EDGE_LOOP('',(#2703,#2704,#2705,#2706));
#503=EDGE_LOOP('',(#2707,#2708,#2709,#2710,#2711,#2712,#2713,#2714,#2715,
#2716,#2717,#2718,#2719,#2720,#2721,#2722,#2723,#2724,#2725,#2726,#2727,
#2728,#2729,#2730,#2731,#2732,#2733,#2734,#2735,#2736));
#504=EDGE_LOOP('',(#2737,#2738,#2739,#2740,#2741,#2742,#2743,#2744,#2745,
#2746,#2747,#2748,#2749,#2750,#2751,#2752,#2753,#2754,#2755,#2756,#2757,
#2758,#2759,#2760,#2761,#2762,#2763));
#505=EDGE_LOOP('',(#2764));
#506=EDGE_LOOP('',(#2765));
#507=EDGE_LOOP('',(#2766));
#508=EDGE_LOOP('',(#2767));
#509=EDGE_LOOP('',(#2768));
#510=EDGE_LOOP('',(#2769,#2770,#2771,#2772,#2773,#2774,#2775,#2776));
#511=EDGE_LOOP('',(#2777,#2778,#2779,#2780,#2781,#2782,#2783,#2784));
#512=EDGE_LOOP('',(#2785,#2786,#2787,#2788,#2789,#2790,#2791,#2792));
#513=EDGE_LOOP('',(#2793));
#514=EDGE_LOOP('',(#2794));
#515=EDGE_LOOP('',(#2795));
#516=EDGE_LOOP('',(#2796));
#517=EDGE_LOOP('',(#2797));
#518=EDGE_LOOP('',(#2798));
#519=EDGE_LOOP('',(#2799));
#520=EDGE_LOOP('',(#2800));
#521=EDGE_LOOP('',(#2801));
#522=EDGE_LOOP('',(#2802,#2803,#2804,#2805));
#523=EDGE_LOOP('',(#2806,#2807,#2808,#2809));
#524=EDGE_LOOP('',(#2810,#2811,#2812,#2813));
#525=EDGE_LOOP('',(#2814,#2815,#2816,#2817,#2818,#2819,#2820,#2821,#2822,
#2823,#2824,#2825,#2826,#2827,#2828,#2829,#2830,#2831,#2832,#2833,#2834,
#2835,#2836,#2837,#2838,#2839,#2840));
#526=EDGE_LOOP('',(#2841,#2842,#2843,#2844));
#527=EDGE_LOOP('',(#2845,#2846,#2847,#2848));
#528=EDGE_LOOP('',(#2849,#2850,#2851,#2852));
#529=EDGE_LOOP('',(#2853,#2854,#2855,#2856));
#530=EDGE_LOOP('',(#2857,#2858,#2859,#2860));
#531=EDGE_LOOP('',(#2861,#2862,#2863,#2864));
#532=EDGE_LOOP('',(#2865,#2866,#2867,#2868));
#533=EDGE_LOOP('',(#2869,#2870,#2871,#2872));
#534=EDGE_LOOP('',(#2873,#2874,#2875,#2876));
#535=EDGE_LOOP('',(#2877,#2878,#2879,#2880));
#536=EDGE_LOOP('',(#2881,#2882,#2883,#2884));
#537=EDGE_LOOP('',(#2885,#2886,#2887,#2888));
#538=EDGE_LOOP('',(#2889,#2890,#2891,#2892));
#539=EDGE_LOOP('',(#2893,#2894,#2895,#2896));
#540=EDGE_LOOP('',(#2897,#2898,#2899,#2900));
#541=EDGE_LOOP('',(#2901,#2902,#2903,#2904));
#542=EDGE_LOOP('',(#2905,#2906,#2907,#2908));
#543=EDGE_LOOP('',(#2909,#2910,#2911,#2912));
#544=EDGE_LOOP('',(#2913));
#545=EDGE_LOOP('',(#2914,#2915,#2916,#2917));
#546=EDGE_LOOP('',(#2918,#2919,#2920,#2921));
#547=EDGE_LOOP('',(#2922));
#548=EDGE_LOOP('',(#2923,#2924,#2925,#2926));
#549=EDGE_LOOP('',(#2927));
#550=EDGE_LOOP('',(#2928,#2929,#2930,#2931));
#551=EDGE_LOOP('',(#2932));
#552=EDGE_LOOP('',(#2933,#2934,#2935,#2936));
#553=EDGE_LOOP('',(#2937,#2938,#2939,#2940,#2941,#2942,#2943,#2944,#2945,
#2946));
#554=EDGE_LOOP('',(#2947,#2948,#2949,#2950));
#555=EDGE_LOOP('',(#2951,#2952,#2953,#2954,#2955,#2956,#2957,#2958,#2959,
#2960));
#556=EDGE_LOOP('',(#2961,#2962,#2963));
#557=EDGE_LOOP('',(#2964,#2965,#2966));
#558=EDGE_LOOP('',(#2967,#2968,#2969));
#559=EDGE_LOOP('',(#2970,#2971,#2972,#2973,#2974,#2975,#2976,#2977,#2978));
#560=EDGE_LOOP('',(#2979,#2980,#2981,#2982));
#561=EDGE_LOOP('',(#2983,#2984,#2985,#2986,#2987,#2988,#2989,#2990,#2991,
#2992));
#562=EDGE_LOOP('',(#2993));
#563=EDGE_LOOP('',(#2994,#2995,#2996,#2997,#2998,#2999,#3000));
#564=EDGE_LOOP('',(#3001,#3002,#3003,#3004,#3005,#3006,#3007,#3008,#3009,
#3010,#3011,#3012,#3013,#3014,#3015,#3016,#3017,#3018,#3019,#3020,#3021,
#3022,#3023,#3024,#3025,#3026,#3027,#3028,#3029,#3030,#3031,#3032,#3033,
#3034,#3035,#3036));
#565=EDGE_LOOP('',(#3037));
#566=EDGE_LOOP('',(#3038));
#567=EDGE_LOOP('',(#3039));
#568=EDGE_LOOP('',(#3040));
#569=EDGE_LOOP('',(#3041));
#570=EDGE_LOOP('',(#3042));
#571=EDGE_LOOP('',(#3043,#3044,#3045,#3046,#3047));
#572=EDGE_LOOP('',(#3048,#3049,#3050,#3051,#3052));
#573=EDGE_LOOP('',(#3053,#3054,#3055,#3056));
#574=EDGE_LOOP('',(#3057,#3058,#3059,#3060,#3061,#3062,#3063,#3064,#3065,
#3066,#3067,#3068));
#575=EDGE_LOOP('',(#3069,#3070,#3071));
#576=EDGE_LOOP('',(#3072,#3073,#3074));
#577=EDGE_LOOP('',(#3075,#3076,#3077,#3078,#3079,#3080,#3081,#3082,#3083,
#3084));
#578=EDGE_LOOP('',(#3085,#3086,#3087,#3088,#3089,#3090,#3091,#3092,#3093,
#3094));
#579=EDGE_LOOP('',(#3095,#3096,#3097,#3098));
#580=EDGE_LOOP('',(#3099,#3100,#3101,#3102,#3103,#3104));
#581=EDGE_LOOP('',(#3105,#3106,#3107,#3108));
#582=EDGE_LOOP('',(#3109,#3110,#3111,#3112));
#583=EDGE_LOOP('',(#3113,#3114,#3115,#3116,#3117,#3118));
#584=EDGE_LOOP('',(#3119,#3120,#3121,#3122,#3123,#3124,#3125,#3126));
#585=EDGE_LOOP('',(#3127,#3128,#3129));
#586=EDGE_LOOP('',(#3130,#3131,#3132,#3133,#3134,#3135,#3136,#3137,#3138,
#3139));
#587=EDGE_LOOP('',(#3140));
#588=EDGE_LOOP('',(#3141,#3142,#3143,#3144,#3145,#3146,#3147,#3148));
#589=EDGE_LOOP('',(#3149));
#590=EDGE_LOOP('',(#3150));
#591=EDGE_LOOP('',(#3151));
#592=EDGE_LOOP('',(#3152));
#593=EDGE_LOOP('',(#3153,#3154,#3155,#3156));
#594=EDGE_LOOP('',(#3157,#3158,#3159,#3160,#3161,#3162,#3163,#3164,#3165,
#3166,#3167,#3168,#3169,#3170));
#595=EDGE_LOOP('',(#3171,#3172,#3173,#3174));
#596=EDGE_LOOP('',(#3175,#3176,#3177,#3178,#3179,#3180,#3181,#3182,#3183,
#3184,#3185,#3186));
#597=EDGE_LOOP('',(#3187,#3188,#3189,#3190,#3191,#3192,#3193,#3194));
#598=EDGE_LOOP('',(#3195));
#599=EDGE_LOOP('',(#3196));
#600=EDGE_LOOP('',(#3197));
#601=EDGE_LOOP('',(#3198));
#602=EDGE_LOOP('',(#3199,#3200,#3201,#3202,#3203,#3204,#3205));
#603=EDGE_LOOP('',(#3206,#3207,#3208));
#604=EDGE_LOOP('',(#3209,#3210,#3211));
#605=EDGE_LOOP('',(#3212,#3213,#3214));
#606=EDGE_LOOP('',(#3215,#3216,#3217,#3218,#3219,#3220));
#607=EDGE_LOOP('',(#3221,#3222,#3223,#3224));
#608=EDGE_LOOP('',(#3225,#3226,#3227,#3228));
#609=EDGE_LOOP('',(#3229,#3230,#3231,#3232));
#610=EDGE_LOOP('',(#3233,#3234,#3235,#3236));
#611=EDGE_LOOP('',(#3237,#3238,#3239,#3240,#3241,#3242,#3243));
#612=EDGE_LOOP('',(#3244,#3245,#3246,#3247));
#613=EDGE_LOOP('',(#3248,#3249,#3250,#3251));
#614=EDGE_LOOP('',(#3252,#3253,#3254,#3255));
#615=EDGE_LOOP('',(#3256,#3257,#3258,#3259,#3260,#3261,#3262,#3263,#3264,
#3265));
#616=EDGE_LOOP('',(#3266,#3267,#3268,#3269));
#617=EDGE_LOOP('',(#3270,#3271,#3272,#3273));
#618=EDGE_LOOP('',(#3274,#3275,#3276,#3277));
#619=EDGE_LOOP('',(#3278,#3279,#3280,#3281));
#620=EDGE_LOOP('',(#3282,#3283,#3284,#3285));
#621=EDGE_LOOP('',(#3286,#3287,#3288,#3289));
#622=EDGE_LOOP('',(#3290,#3291,#3292,#3293,#3294,#3295));
#623=EDGE_LOOP('',(#3296,#3297,#3298,#3299));
#624=EDGE_LOOP('',(#3300,#3301,#3302,#3303,#3304,#3305));
#625=EDGE_LOOP('',(#3306,#3307,#3308,#3309));
#626=EDGE_LOOP('',(#3310));
#627=EDGE_LOOP('',(#3311,#3312,#3313,#3314,#3315,#3316,#3317,#3318,#3319));
#628=EDGE_LOOP('',(#3320,#3321,#3322,#3323));
#629=EDGE_LOOP('',(#3324,#3325,#3326,#3327));
#630=EDGE_LOOP('',(#3328));
#631=EDGE_LOOP('',(#3329,#3330,#3331,#3332,#3333,#3334,#3335,#3336));
#632=EDGE_LOOP('',(#3337,#3338,#3339,#3340));
#633=EDGE_LOOP('',(#3341,#3342,#3343,#3344));
#634=EDGE_LOOP('',(#3345,#3346,#3347,#3348));
#635=EDGE_LOOP('',(#3349,#3350,#3351,#3352));
#636=EDGE_LOOP('',(#3353,#3354,#3355,#3356));
#637=EDGE_LOOP('',(#3357,#3358,#3359,#3360));
#638=EDGE_LOOP('',(#3361));
#639=EDGE_LOOP('',(#3362,#3363,#3364,#3365));
#640=EDGE_LOOP('',(#3366,#3367,#3368,#3369));
#641=EDGE_LOOP('',(#3370,#3371,#3372,#3373));
#642=EDGE_LOOP('',(#3374));
#643=EDGE_LOOP('',(#3375,#3376,#3377,#3378));
#644=EDGE_LOOP('',(#3379,#3380,#3381,#3382));
#645=EDGE_LOOP('',(#3383,#3384,#3385,#3386));
#646=EDGE_LOOP('',(#3387,#3388,#3389,#3390));
#647=EDGE_LOOP('',(#3391,#3392,#3393,#3394));
#648=EDGE_LOOP('',(#3395,#3396,#3397,#3398));
#649=EDGE_LOOP('',(#3399,#3400,#3401,#3402));
#650=EDGE_LOOP('',(#3403,#3404,#3405,#3406));
#651=EDGE_LOOP('',(#3407,#3408,#3409,#3410,#3411,#3412,#3413,#3414,#3415));
#652=EDGE_LOOP('',(#3416,#3417,#3418,#3419));
#653=EDGE_LOOP('',(#3420,#3421,#3422,#3423));
#654=EDGE_LOOP('',(#3424,#3425,#3426,#3427));
#655=EDGE_LOOP('',(#3428,#3429,#3430,#3431));
#656=EDGE_LOOP('',(#3432,#3433,#3434,#3435,#3436,#3437,#3438,#3439));
#657=EDGE_LOOP('',(#3440,#3441,#3442,#3443,#3444,#3445,#3446,#3447));
#658=EDGE_LOOP('',(#3448,#3449,#3450,#3451));
#659=EDGE_LOOP('',(#3452,#3453,#3454,#3455));
#660=EDGE_LOOP('',(#3456,#3457,#3458,#3459,#3460,#3461));
#661=EDGE_LOOP('',(#3462,#3463,#3464,#3465,#3466,#3467));
#662=EDGE_LOOP('',(#3468,#3469,#3470,#3471));
#663=EDGE_LOOP('',(#3472,#3473,#3474,#3475));
#664=EDGE_LOOP('',(#3476,#3477,#3478));
#665=EDGE_LOOP('',(#3479,#3480,#3481,#3482));
#666=EDGE_LOOP('',(#3483,#3484,#3485));
#667=EDGE_LOOP('',(#3486,#3487,#3488,#3489));
#668=EDGE_LOOP('',(#3490,#3491,#3492,#3493));
#669=EDGE_LOOP('',(#3494,#3495,#3496,#3497));
#670=EDGE_LOOP('',(#3498,#3499,#3500,#3501));
#671=EDGE_LOOP('',(#3502,#3503,#3504,#3505));
#672=EDGE_LOOP('',(#3506,#3507,#3508,#3509));
#673=EDGE_LOOP('',(#3510,#3511,#3512,#3513));
#674=EDGE_LOOP('',(#3514,#3515,#3516,#3517));
#675=EDGE_LOOP('',(#3518));
#676=EDGE_LOOP('',(#3519,#3520,#3521,#3522));
#677=EDGE_LOOP('',(#3523));
#678=EDGE_LOOP('',(#3524,#3525,#3526,#3527));
#679=EDGE_LOOP('',(#3528));
#680=EDGE_LOOP('',(#3529,#3530,#3531,#3532));
#681=EDGE_LOOP('',(#3533));
#682=EDGE_LOOP('',(#3534,#3535,#3536,#3537));
#683=EDGE_LOOP('',(#3538));
#684=EDGE_LOOP('',(#3539,#3540,#3541,#3542));
#685=EDGE_LOOP('',(#3543));
#686=EDGE_LOOP('',(#3544,#3545,#3546,#3547));
#687=EDGE_LOOP('',(#3548));
#688=EDGE_LOOP('',(#3549,#3550,#3551,#3552));
#689=EDGE_LOOP('',(#3553));
#690=EDGE_LOOP('',(#3554,#3555,#3556,#3557,#3558,#3559,#3560,#3561,#3562,
#3563));
#691=EDGE_LOOP('',(#3564,#3565,#3566,#3567));
#692=EDGE_LOOP('',(#3568,#3569,#3570,#3571));
#693=EDGE_LOOP('',(#3572,#3573,#3574,#3575));
#694=EDGE_LOOP('',(#3576,#3577,#3578,#3579));
#695=EDGE_LOOP('',(#3580,#3581,#3582,#3583));
#696=EDGE_LOOP('',(#3584,#3585,#3586,#3587));
#697=EDGE_LOOP('',(#3588,#3589,#3590,#3591));
#698=EDGE_LOOP('',(#3592,#3593,#3594,#3595,#3596,#3597,#3598,#3599,#3600,
#3601,#3602));
#699=EDGE_LOOP('',(#3603,#3604,#3605,#3606,#3607,#3608,#3609,#3610,#3611,
#3612,#3613));
#700=LINE('',#5372,#1118);
#701=LINE('',#5374,#1119);
#702=LINE('',#5376,#1120);
#703=LINE('',#5377,#1121);
#704=LINE('',#5380,#1122);
#705=LINE('',#5382,#1123);
#706=LINE('',#5383,#1124);
#707=LINE('',#5386,#1125);
#708=LINE('',#5387,#1126);
#709=LINE('',#5391,#1127);
#710=LINE('',#5393,#1128);
#711=LINE('',#5395,#1129);
#712=LINE('',#5396,#1130);
#713=LINE('',#5399,#1131);
#714=LINE('',#5401,#1132);
#715=LINE('',#5403,#1133);
#716=LINE('',#5405,#1134);
#717=LINE('',#5407,#1135);
#718=LINE('',#5409,#1136);
#719=LINE('',#5411,#1137);
#720=LINE('',#5420,#1138);
#721=LINE('',#5422,#1139);
#722=LINE('',#5424,#1140);
#723=LINE('',#5432,#1141);
#724=LINE('',#5435,#1142);
#725=LINE('',#5437,#1143);
#726=LINE('',#5438,#1144);
#727=LINE('',#5441,#1145);
#728=LINE('',#5443,#1146);
#729=LINE('',#5444,#1147);
#730=LINE('',#5447,#1148);
#731=LINE('',#5449,#1149);
#732=LINE('',#5450,#1150);
#733=LINE('',#5453,#1151);
#734=LINE('',#5455,#1152);
#735=LINE('',#5456,#1153);
#736=LINE('',#5459,#1154);
#737=LINE('',#5461,#1155);
#738=LINE('',#5462,#1156);
#739=LINE('',#5465,#1157);
#740=LINE('',#5467,#1158);
#741=LINE('',#5468,#1159);
#742=LINE('',#5471,#1160);
#743=LINE('',#5473,#1161);
#744=LINE('',#5474,#1162);
#745=LINE('',#5477,#1163);
#746=LINE('',#5479,#1164);
#747=LINE('',#5480,#1165);
#748=LINE('',#5483,#1166);
#749=LINE('',#5484,#1167);
#750=LINE('',#5497,#1168);
#751=LINE('',#5500,#1169);
#752=LINE('',#5501,#1170);
#753=LINE('',#5504,#1171);
#754=LINE('',#5506,#1172);
#755=LINE('',#5507,#1173);
#756=LINE('',#5510,#1174);
#757=LINE('',#5512,#1175);
#758=LINE('',#5513,#1176);
#759=LINE('',#5516,#1177);
#760=LINE('',#5518,#1178);
#761=LINE('',#5519,#1179);
#762=LINE('',#5521,#1180);
#763=LINE('',#5522,#1181);
#764=LINE('',#5528,#1182);
#765=LINE('',#5530,#1183);
#766=LINE('',#5533,#1184);
#767=LINE('',#5536,#1185);
#768=LINE('',#5539,#1186);
#769=LINE('',#5543,#1187);
#770=LINE('',#5546,#1188);
#771=LINE('',#5549,#1189);
#772=LINE('',#5553,#1190);
#773=LINE('',#5557,#1191);
#774=LINE('',#5561,#1192);
#775=LINE('',#5563,#1193);
#776=LINE('',#5565,#1194);
#777=LINE('',#5567,#1195);
#778=LINE('',#5568,#1196);
#779=LINE('',#5571,#1197);
#780=LINE('',#5575,#1198);
#781=LINE('',#5577,#1199);
#782=LINE('',#5578,#1200);
#783=LINE('',#5581,#1201);
#784=LINE('',#5585,#1202);
#785=LINE('',#5588,#1203);
#786=LINE('',#5591,#1204);
#787=LINE('',#5595,#1205);
#788=LINE('',#5598,#1206);
#789=LINE('',#5601,#1207);
#790=LINE('',#5605,#1208);
#791=LINE('',#5608,#1209);
#792=LINE('',#5611,#1210);
#793=LINE('',#5615,#1211);
#794=LINE('',#5619,#1212);
#795=LINE('',#5623,#1213);
#796=LINE('',#5626,#1214);
#797=LINE('',#5629,#1215);
#798=LINE('',#5635,#1216);
#799=LINE('',#5637,#1217);
#800=LINE('',#5639,#1218);
#801=LINE('',#5641,#1219);
#802=LINE('',#5643,#1220);
#803=LINE('',#5645,#1221);
#804=LINE('',#5647,#1222);
#805=LINE('',#5649,#1223);
#806=LINE('',#5653,#1224);
#807=LINE('',#5656,#1225);
#808=LINE('',#5687,#1226);
#809=LINE('',#5762,#1227);
#810=LINE('',#5764,#1228);
#811=LINE('',#5769,#1229);
#812=LINE('',#5771,#1230);
#813=LINE('',#5773,#1231);
#814=LINE('',#5774,#1232);
#815=LINE('',#5777,#1233);
#816=LINE('',#5779,#1234);
#817=LINE('',#5780,#1235);
#818=LINE('',#5784,#1236);
#819=LINE('',#5786,#1237);
#820=LINE('',#5788,#1238);
#821=LINE('',#5789,#1239);
#822=LINE('',#5792,#1240);
#823=LINE('',#5794,#1241);
#824=LINE('',#5795,#1242);
#825=LINE('',#5798,#1243);
#826=LINE('',#5800,#1244);
#827=LINE('',#5801,#1245);
#828=LINE('',#5804,#1246);
#829=LINE('',#5806,#1247);
#830=LINE('',#5807,#1248);
#831=LINE('',#5810,#1249);
#832=LINE('',#5812,#1250);
#833=LINE('',#5813,#1251);
#834=LINE('',#5818,#1252);
#835=LINE('',#5820,#1253);
#836=LINE('',#5822,#1254);
#837=LINE('',#5824,#1255);
#838=LINE('',#5826,#1256);
#839=LINE('',#5828,#1257);
#840=LINE('',#5830,#1258);
#841=LINE('',#5832,#1259);
#842=LINE('',#5838,#1260);
#843=LINE('',#5840,#1261);
#844=LINE('',#5842,#1262);
#845=LINE('',#5844,#1263);
#846=LINE('',#5846,#1264);
#847=LINE('',#5848,#1265);
#848=LINE('',#5850,#1266);
#849=LINE('',#5852,#1267);
#850=LINE('',#5854,#1268);
#851=LINE('',#5856,#1269);
#852=LINE('',#5858,#1270);
#853=LINE('',#5860,#1271);
#854=LINE('',#5862,#1272);
#855=LINE('',#5864,#1273);
#856=LINE('',#5865,#1274);
#857=LINE('',#5868,#1275);
#858=LINE('',#5870,#1276);
#859=LINE('',#5872,#1277);
#860=LINE('',#5874,#1278);
#861=LINE('',#5876,#1279);
#862=LINE('',#5880,#1280);
#863=LINE('',#5882,#1281);
#864=LINE('',#5884,#1282);
#865=LINE('',#5886,#1283);
#866=LINE('',#5888,#1284);
#867=LINE('',#5890,#1285);
#868=LINE('',#5892,#1286);
#869=LINE('',#5894,#1287);
#870=LINE('',#5896,#1288);
#871=LINE('',#5897,#1289);
#872=LINE('',#5899,#1290);
#873=LINE('',#5901,#1291);
#874=LINE('',#5903,#1292);
#875=LINE('',#5904,#1293);
#876=LINE('',#5917,#1294);
#877=LINE('',#5921,#1295);
#878=LINE('',#5925,#1296);
#879=LINE('',#5929,#1297);
#880=LINE('',#5933,#1298);
#881=LINE('',#5937,#1299);
#882=LINE('',#5941,#1300);
#883=LINE('',#5943,#1301);
#884=LINE('',#5945,#1302);
#885=LINE('',#5946,#1303);
#886=LINE('',#5949,#1304);
#887=LINE('',#5953,#1305);
#888=LINE('',#5957,#1306);
#889=LINE('',#5959,#1307);
#890=LINE('',#5961,#1308);
#891=LINE('',#5962,#1309);
#892=LINE('',#5983,#1310);
#893=LINE('',#5984,#1311);
#894=LINE('',#5988,#1312);
#895=LINE('',#5989,#1313);
#896=LINE('',#5990,#1314);
#897=LINE('',#5992,#1315);
#898=LINE('',#5994,#1316);
#899=LINE('',#5996,#1317);
#900=LINE('',#5998,#1318);
#901=LINE('',#6000,#1319);
#902=LINE('',#6002,#1320);
#903=LINE('',#6004,#1321);
#904=LINE('',#6006,#1322);
#905=LINE('',#6008,#1323);
#906=LINE('',#6010,#1324);
#907=LINE('',#6012,#1325);
#908=LINE('',#6014,#1326);
#909=LINE('',#6018,#1327);
#910=LINE('',#6020,#1328);
#911=LINE('',#6022,#1329);
#912=LINE('',#6024,#1330);
#913=LINE('',#6025,#1331);
#914=LINE('',#6027,#1332);
#915=LINE('',#6028,#1333);
#916=LINE('',#6030,#1334);
#917=LINE('',#6032,#1335);
#918=LINE('',#6034,#1336);
#919=LINE('',#6036,#1337);
#920=LINE('',#6038,#1338);
#921=LINE('',#6040,#1339);
#922=LINE('',#6041,#1340);
#923=LINE('',#6043,#1341);
#924=LINE('',#6046,#1342);
#925=LINE('',#6049,#1343);
#926=LINE('',#6051,#1344);
#927=LINE('',#6053,#1345);
#928=LINE('',#6056,#1346);
#929=LINE('',#6061,#1347);
#930=LINE('',#6064,#1348);
#931=LINE('',#6067,#1349);
#932=LINE('',#6072,#1350);
#933=LINE('',#6077,#1351);
#934=LINE('',#6083,#1352);
#935=LINE('',#6085,#1353);
#936=LINE('',#6087,#1354);
#937=LINE('',#6088,#1355);
#938=LINE('',#6099,#1356);
#939=LINE('',#6103,#1357);
#940=LINE('',#6105,#1358);
#941=LINE('',#6107,#1359);
#942=LINE('',#6108,#1360);
#943=LINE('',#6110,#1361);
#944=LINE('',#6115,#1362);
#945=LINE('',#6118,#1363);
#946=LINE('',#6123,#1364);
#947=LINE('',#6206,#1365);
#948=LINE('',#6207,#1366);
#949=LINE('',#6210,#1367);
#950=LINE('',#6212,#1368);
#951=LINE('',#6216,#1369);
#952=LINE('',#6220,#1370);
#953=LINE('',#6224,#1371);
#954=LINE('',#6225,#1372);
#955=LINE('',#6231,#1373);
#956=LINE('',#6233,#1374);
#957=LINE('',#6237,#1375);
#958=LINE('',#6239,#1376);
#959=LINE('',#6242,#1377);
#960=LINE('',#6246,#1378);
#961=LINE('',#6248,#1379);
#962=LINE('',#6252,#1380);
#963=LINE('',#6254,#1381);
#964=LINE('',#6256,#1382);
#965=LINE('',#6258,#1383);
#966=LINE('',#6260,#1384);
#967=LINE('',#6264,#1385);
#968=LINE('',#6266,#1386);
#969=LINE('',#6268,#1387);
#970=LINE('',#6270,#1388);
#971=LINE('',#6274,#1389);
#972=LINE('',#6277,#1390);
#973=LINE('',#6279,#1391);
#974=LINE('',#6281,#1392);
#975=LINE('',#6285,#1393);
#976=LINE('',#6287,#1394);
#977=LINE('',#6289,#1395);
#978=LINE('',#6291,#1396);
#979=LINE('',#6293,#1397);
#980=LINE('',#6297,#1398);
#981=LINE('',#6299,#1399);
#982=LINE('',#6303,#1400);
#983=LINE('',#6307,#1401);
#984=LINE('',#6311,#1402);
#985=LINE('',#6327,#1403);
#986=LINE('',#6329,#1404);
#987=LINE('',#6331,#1405);
#988=LINE('',#6332,#1406);
#989=LINE('',#6335,#1407);
#990=LINE('',#6336,#1408);
#991=LINE('',#6337,#1409);
#992=LINE('',#6340,#1410);
#993=LINE('',#6342,#1411);
#994=LINE('',#6344,#1412);
#995=LINE('',#6345,#1413);
#996=LINE('',#6349,#1414);
#997=LINE('',#6355,#1415);
#998=LINE('',#6356,#1416);
#999=LINE('',#6361,#1417);
#1000=LINE('',#6365,#1418);
#1001=LINE('',#6369,#1419);
#1002=LINE('',#6373,#1420);
#1003=LINE('',#6374,#1421);
#1004=LINE('',#6375,#1422);
#1005=LINE('',#6379,#1423);
#1006=LINE('',#6383,#1424);
#1007=LINE('',#6384,#1425);
#1008=LINE('',#6386,#1426);
#1009=LINE('',#6388,#1427);
#1010=LINE('',#6392,#1428);
#1011=LINE('',#6396,#1429);
#1012=LINE('',#6398,#1430);
#1013=LINE('',#6399,#1431);
#1014=LINE('',#6401,#1432);
#1015=LINE('',#6402,#1433);
#1016=LINE('',#6403,#1434);
#1017=LINE('',#6405,#1435);
#1018=LINE('',#6406,#1436);
#1019=LINE('',#6408,#1437);
#1020=LINE('',#6409,#1438);
#1021=LINE('',#6413,#1439);
#1022=LINE('',#6414,#1440);
#1023=LINE('',#6415,#1441);
#1024=LINE('',#6416,#1442);
#1025=LINE('',#6418,#1443);
#1026=LINE('',#6423,#1444);
#1027=LINE('',#6424,#1445);
#1028=LINE('',#6426,#1446);
#1029=LINE('',#6431,#1447);
#1030=LINE('',#6437,#1448);
#1031=LINE('',#6438,#1449);
#1032=LINE('',#6439,#1450);
#1033=LINE('',#6440,#1451);
#1034=LINE('',#6451,#1452);
#1035=LINE('',#6452,#1453);
#1036=LINE('',#6455,#1454);
#1037=LINE('',#6457,#1455);
#1038=LINE('',#6458,#1456);
#1039=LINE('',#6460,#1457);
#1040=LINE('',#6462,#1458);
#1041=LINE('',#6463,#1459);
#1042=LINE('',#6464,#1460);
#1043=LINE('',#6477,#1461);
#1044=LINE('',#6485,#1462);
#1045=LINE('',#6487,#1463);
#1046=LINE('',#6489,#1464);
#1047=LINE('',#6491,#1465);
#1048=LINE('',#6494,#1466);
#1049=LINE('',#6496,#1467);
#1050=LINE('',#6497,#1468);
#1051=LINE('',#6500,#1469);
#1052=LINE('',#6502,#1470);
#1053=LINE('',#6505,#1471);
#1054=LINE('',#6506,#1472);
#1055=LINE('',#6508,#1473);
#1056=LINE('',#6517,#1474);
#1057=LINE('',#6521,#1475);
#1058=LINE('',#6522,#1476);
#1059=LINE('',#6524,#1477);
#1060=LINE('',#6525,#1478);
#1061=LINE('',#6532,#1479);
#1062=LINE('',#6533,#1480);
#1063=LINE('',#6539,#1481);
#1064=LINE('',#6542,#1482);
#1065=LINE('',#6546,#1483);
#1066=LINE('',#6549,#1484);
#1067=LINE('',#6552,#1485);
#1068=LINE('',#6553,#1486);
#1069=LINE('',#6558,#1487);
#1070=LINE('',#6562,#1488);
#1071=LINE('',#6566,#1489);
#1072=LINE('',#6569,#1490);
#1073=LINE('',#6571,#1491);
#1074=LINE('',#6573,#1492);
#1075=LINE('',#6577,#1493);
#1076=LINE('',#6578,#1494);
#1077=LINE('',#6582,#1495);
#1078=LINE('',#6583,#1496);
#1079=LINE('',#6585,#1497);
#1080=LINE('',#6586,#1498);
#1081=LINE('',#6588,#1499);
#1082=LINE('',#6589,#1500);
#1083=LINE('',#6593,#1501);
#1084=LINE('',#6595,#1502);
#1085=LINE('',#6597,#1503);
#1086=LINE('',#6599,#1504);
#1087=LINE('',#6606,#1505);
#1088=LINE('',#6608,#1506);
#1089=LINE('',#6610,#1507);
#1090=LINE('',#6612,#1508);
#1091=LINE('',#6614,#1509);
#1092=LINE('',#6616,#1510);
#1093=LINE('',#6618,#1511);
#1094=LINE('',#6620,#1512);
#1095=LINE('',#6624,#1513);
#1096=LINE('',#6629,#1514);
#1097=LINE('',#6632,#1515);
#1098=LINE('',#6634,#1516);
#1099=LINE('',#6648,#1517);
#1100=LINE('',#6653,#1518);
#1101=LINE('',#6658,#1519);
#1102=LINE('',#6663,#1520);
#1103=LINE('',#6668,#1521);
#1104=LINE('',#6673,#1522);
#1105=LINE('',#6678,#1523);
#1106=LINE('',#6683,#1524);
#1107=LINE('',#6686,#1525);
#1108=LINE('',#6687,#1526);
#1109=LINE('',#6688,#1527);
#1110=LINE('',#6689,#1528);
#1111=LINE('',#6691,#1529);
#1112=LINE('',#6692,#1530);
#1113=LINE('',#6694,#1531);
#1114=LINE('',#6695,#1532);
#1115=LINE('',#6697,#1533);
#1116=LINE('',#6698,#1534);
#1117=LINE('',#6704,#1535);
#1118=VECTOR('',#4296,10.);
#1119=VECTOR('',#4297,10.);
#1120=VECTOR('',#4298,10.);
#1121=VECTOR('',#4299,10.);
#1122=VECTOR('',#4302,10.);
#1123=VECTOR('',#4303,10.);
#1124=VECTOR('',#4304,10.);
#1125=VECTOR('',#4307,10.);
#1126=VECTOR('',#4308,10.);
#1127=VECTOR('',#4311,10.);
#1128=VECTOR('',#4312,10.);
#1129=VECTOR('',#4313,10.);
#1130=VECTOR('',#4314,10.);
#1131=VECTOR('',#4317,10.);
#1132=VECTOR('',#4318,10.);
#1133=VECTOR('',#4319,10.);
#1134=VECTOR('',#4320,10.);
#1135=VECTOR('',#4321,10.);
#1136=VECTOR('',#4322,10.);
#1137=VECTOR('',#4323,10.);
#1138=VECTOR('',#4324,10.);
#1139=VECTOR('',#4325,10.);
#1140=VECTOR('',#4326,10.);
#1141=VECTOR('',#4327,10.);
#1142=VECTOR('',#4328,10.);
#1143=VECTOR('',#4329,10.);
#1144=VECTOR('',#4330,10.);
#1145=VECTOR('',#4331,10.);
#1146=VECTOR('',#4332,10.);
#1147=VECTOR('',#4333,10.);
#1148=VECTOR('',#4334,10.);
#1149=VECTOR('',#4335,10.);
#1150=VECTOR('',#4336,10.);
#1151=VECTOR('',#4337,10.);
#1152=VECTOR('',#4338,10.);
#1153=VECTOR('',#4339,10.);
#1154=VECTOR('',#4340,10.);
#1155=VECTOR('',#4341,10.);
#1156=VECTOR('',#4342,10.);
#1157=VECTOR('',#4343,10.);
#1158=VECTOR('',#4344,10.);
#1159=VECTOR('',#4345,10.);
#1160=VECTOR('',#4346,10.);
#1161=VECTOR('',#4347,10.);
#1162=VECTOR('',#4348,10.);
#1163=VECTOR('',#4349,10.);
#1164=VECTOR('',#4350,10.);
#1165=VECTOR('',#4351,10.);
#1166=VECTOR('',#4354,10.);
#1167=VECTOR('',#4355,10.);
#1168=VECTOR('',#4360,10.);
#1169=VECTOR('',#4363,10.);
#1170=VECTOR('',#4364,10.);
#1171=VECTOR('',#4367,10.);
#1172=VECTOR('',#4368,10.);
#1173=VECTOR('',#4369,10.);
#1174=VECTOR('',#4372,10.);
#1175=VECTOR('',#4373,10.);
#1176=VECTOR('',#4374,10.);
#1177=VECTOR('',#4377,10.);
#1178=VECTOR('',#4378,10.);
#1179=VECTOR('',#4379,10.);
#1180=VECTOR('',#4380,10.);
#1181=VECTOR('',#4381,10.);
#1182=VECTOR('',#4382,10.);
#1183=VECTOR('',#4385,6.);
#1184=VECTOR('',#4388,6.72891743398915);
#1185=VECTOR('',#4391,25.);
#1186=VECTOR('',#4394,25.);
#1187=VECTOR('',#4399,18.5048077731845);
#1188=VECTOR('',#4402,6.50000000000005);
#1189=VECTOR('',#4405,18.5048077731748);
#1190=VECTOR('',#4408,9.15500775653214);
#1191=VECTOR('',#4411,9.15500775653211);
#1192=VECTOR('',#4416,28.);
#1193=VECTOR('',#4417,3.);
#1194=VECTOR('',#4418,10.);
#1195=VECTOR('',#4419,3.);
#1196=VECTOR('',#4420,28.);
#1197=VECTOR('',#4423,6.92665404550719);
#1198=VECTOR('',#4428,25.);
#1199=VECTOR('',#4429,21.4328089223819);
#1200=VECTOR('',#4430,25.);
#1201=VECTOR('',#4433,6.81997921687451);
#1202=VECTOR('',#4438,18.5048077731844);
#1203=VECTOR('',#4441,6.50000000000006);
#1204=VECTOR('',#4444,18.5048077731852);
#1205=VECTOR('',#4449,19.1806856896619);
#1206=VECTOR('',#4452,6.50672192271263);
#1207=VECTOR('',#4455,17.6281874293931);
#1208=VECTOR('',#4460,17.883948133897);
#1209=VECTOR('',#4463,6.50672192271263);
#1210=VECTOR('',#4466,19.490578393363);
#1211=VECTOR('',#4469,9.15500775653211);
#1212=VECTOR('',#4472,9.15500775653214);
#1213=VECTOR('',#4477,6.81997921687413);
#1214=VECTOR('',#4480,25.);
#1215=VECTOR('',#4483,25.);
#1216=VECTOR('',#4490,112.);
#1217=VECTOR('',#4491,11.5372045046061);
#1218=VECTOR('',#4492,6.32848969560303);
#1219=VECTOR('',#4493,73.9132726031778);
#1220=VECTOR('',#4494,16.9705627484771);
#1221=VECTOR('',#4495,18.0000000000001);
#1222=VECTOR('',#4496,15.6204993518133);
#1223=VECTOR('',#4497,2.99999999999997);
#1224=VECTOR('',#4500,0.210331143956104);
#1225=VECTOR('',#4503,28.);
#1226=VECTOR('',#4506,10.);
#1227=VECTOR('',#4507,10.);
#1228=VECTOR('',#4510,10.);
#1229=VECTOR('',#4515,10.);
#1230=VECTOR('',#4516,10.);
#1231=VECTOR('',#4517,10.);
#1232=VECTOR('',#4518,10.);
#1233=VECTOR('',#4521,10.);
#1234=VECTOR('',#4522,10.);
#1235=VECTOR('',#4523,10.);
#1236=VECTOR('',#4526,10.);
#1237=VECTOR('',#4527,10.);
#1238=VECTOR('',#4528,10.);
#1239=VECTOR('',#4529,10.);
#1240=VECTOR('',#4532,10.);
#1241=VECTOR('',#4533,10.);
#1242=VECTOR('',#4534,10.);
#1243=VECTOR('',#4537,10.);
#1244=VECTOR('',#4538,10.);
#1245=VECTOR('',#4539,10.);
#1246=VECTOR('',#4542,10.);
#1247=VECTOR('',#4543,10.);
#1248=VECTOR('',#4544,10.);
#1249=VECTOR('',#4547,10.);
#1250=VECTOR('',#4548,10.);
#1251=VECTOR('',#4549,10.);
#1252=VECTOR('',#4554,10.);
#1253=VECTOR('',#4555,10.);
#1254=VECTOR('',#4556,10.);
#1255=VECTOR('',#4557,10.);
#1256=VECTOR('',#4558,10.);
#1257=VECTOR('',#4559,10.);
#1258=VECTOR('',#4560,10.);
#1259=VECTOR('',#4561,10.);
#1260=VECTOR('',#4566,10.);
#1261=VECTOR('',#4567,112.);
#1262=VECTOR('',#4568,29.1547594742265);
#1263=VECTOR('',#4569,28.9632902654894);
#1264=VECTOR('',#4570,22.0207483377688);
#1265=VECTOR('',#4571,4.6064296536627);
#1266=VECTOR('',#4572,12.60516918);
#1267=VECTOR('',#4573,23.1459545931339);
#1268=VECTOR('',#4574,12.60516918);
#1269=VECTOR('',#4575,4.60116830848165);
#1270=VECTOR('',#4576,22.0773051349996);
#1271=VECTOR('',#4577,32.0707685691245);
#1272=VECTOR('',#4578,21.7385206577324);
#1273=VECTOR('',#4579,50.9901951359278);
#1274=VECTOR('',#4580,29.1547594742265);
#1275=VECTOR('',#4583,10.);
#1276=VECTOR('',#4584,10.);
#1277=VECTOR('',#4585,10.);
#1278=VECTOR('',#4586,10.);
#1279=VECTOR('',#4587,10.);
#1280=VECTOR('',#4590,10.);
#1281=VECTOR('',#4591,10.);
#1282=VECTOR('',#4592,10.);
#1283=VECTOR('',#4593,10.);
#1284=VECTOR('',#4594,10.);
#1285=VECTOR('',#4595,10.);
#1286=VECTOR('',#4596,10.);
#1287=VECTOR('',#4597,10.);
#1288=VECTOR('',#4598,10.);
#1289=VECTOR('',#4599,10.);
#1290=VECTOR('',#4600,10.);
#1291=VECTOR('',#4601,10.);
#1292=VECTOR('',#4602,10.);
#1293=VECTOR('',#4603,10.);
#1294=VECTOR('',#4614,45.);
#1295=VECTOR('',#4617,10.);
#1296=VECTOR('',#4620,45.);
#1297=VECTOR('',#4623,10.);
#1298=VECTOR('',#4626,26.0000000000001);
#1299=VECTOR('',#4629,61.);
#1300=VECTOR('',#4632,26.);
#1301=VECTOR('',#4633,12.0208152801713);
#1302=VECTOR('',#4634,48.);
#1303=VECTOR('',#4635,12.0208152801713);
#1304=VECTOR('',#4636,26.);
#1305=VECTOR('',#4639,61.);
#1306=VECTOR('',#4642,26.);
#1307=VECTOR('',#4643,12.0208152801713);
#1308=VECTOR('',#4644,48.);
#1309=VECTOR('',#4645,12.0208152801713);
#1310=VECTOR('',#4666,10.);
#1311=VECTOR('',#4667,10.);
#1312=VECTOR('',#4670,10.);
#1313=VECTOR('',#4671,10.);
#1314=VECTOR('',#4672,10.);
#1315=VECTOR('',#4675,10.);
#1316=VECTOR('',#4678,10.);
#1317=VECTOR('',#4679,10.);
#1318=VECTOR('',#4680,10.);
#1319=VECTOR('',#4681,10.);
#1320=VECTOR('',#4682,10.);
#1321=VECTOR('',#4683,10.);
#1322=VECTOR('',#4684,10.);
#1323=VECTOR('',#4685,10.);
#1324=VECTOR('',#4686,10.);
#1325=VECTOR('',#4687,10.);
#1326=VECTOR('',#4688,10.);
#1327=VECTOR('',#4691,10.);
#1328=VECTOR('',#4692,10.);
#1329=VECTOR('',#4693,10.);
#1330=VECTOR('',#4694,10.);
#1331=VECTOR('',#4695,10.);
#1332=VECTOR('',#4698,10.);
#1333=VECTOR('',#4699,10.);
#1334=VECTOR('',#4702,10.);
#1335=VECTOR('',#4705,10.);
#1336=VECTOR('',#4708,10.);
#1337=VECTOR('',#4711,10.);
#1338=VECTOR('',#4714,10.);
#1339=VECTOR('',#4717,10.);
#1340=VECTOR('',#4718,10.);
#1341=VECTOR('',#4721,10.);
#1342=VECTOR('',#4726,10.);
#1343=VECTOR('',#4731,10.);
#1344=VECTOR('',#4734,10.);
#1345=VECTOR('',#4737,10.);
#1346=VECTOR('',#4742,10.);
#1347=VECTOR('',#4749,1.30000000000001);
#1348=VECTOR('',#4754,10.);
#1349=VECTOR('',#4757,1.30000000000001);
#1350=VECTOR('',#4764,1.30000000000001);
#1351=VECTOR('',#4771,1.29999999999999);
#1352=VECTOR('',#4778,10.);
#1353=VECTOR('',#4779,10.);
#1354=VECTOR('',#4780,10.);
#1355=VECTOR('',#4781,10.);
#1356=VECTOR('',#4786,10.);
#1357=VECTOR('',#4789,10.);
#1358=VECTOR('',#4790,10.);
#1359=VECTOR('',#4791,10.);
#1360=VECTOR('',#4792,10.);
#1361=VECTOR('',#4795,10.);
#1362=VECTOR('',#4802,14.5);
#1363=VECTOR('',#4805,14.5);
#1364=VECTOR('',#4812,5.50000000000009);
#1365=VECTOR('',#4817,30.);
#1366=VECTOR('',#4818,5.50000000000009);
#1367=VECTOR('',#4821,3.05941170815567);
#1368=VECTOR('',#4822,0.570890651652711);
#1369=VECTOR('',#4825,61.);
#1370=VECTOR('',#4828,20.);
#1371=VECTOR('',#4831,3.21033114395632);
#1372=VECTOR('',#4832,30.);
#1373=VECTOR('',#4837,137.029414592216);
#1374=VECTOR('',#4838,7.40163924955016);
#1375=VECTOR('',#4841,59.3949069054569);
#1376=VECTOR('',#4842,59.3949069054569);
#1377=VECTOR('',#4845,7.40163924955046);
#1378=VECTOR('',#4848,49.5);
#1379=VECTOR('',#4849,1.26794919243104);
#1380=VECTOR('',#4852,26.0000000000001);
#1381=VECTOR('',#4853,12.0208152801713);
#1382=VECTOR('',#4854,48.);
#1383=VECTOR('',#4855,12.0208152801713);
#1384=VECTOR('',#4856,5.99999999999998);
#1385=VECTOR('',#4859,15.2103311439562);
#1386=VECTOR('',#4860,30.);
#1387=VECTOR('',#4861,18.0000000000001);
#1388=VECTOR('',#4862,44.3311558978914);
#1389=VECTOR('',#4865,57.6285887700439);
#1390=VECTOR('',#4868,44.2774328721525);
#1391=VECTOR('',#4869,30.);
#1392=VECTOR('',#4870,15.2103311439562);
#1393=VECTOR('',#4873,6.);
#1394=VECTOR('',#4874,12.0208152801714);
#1395=VECTOR('',#4875,48.);
#1396=VECTOR('',#4876,12.0208152801713);
#1397=VECTOR('',#4877,26.);
#1398=VECTOR('',#4880,1.26794919243114);
#1399=VECTOR('',#4881,49.5);
#1400=VECTOR('',#4884,10.);
#1401=VECTOR('',#4887,45.);
#1402=VECTOR('',#4890,10.);
#1403=VECTOR('',#4907,11.5443185767249);
#1404=VECTOR('',#4908,0.832788189631779);
#1405=VECTOR('',#4909,0.570890651652615);
#1406=VECTOR('',#4910,12.);
#1407=VECTOR('',#4913,0.832788189631769);
#1408=VECTOR('',#4914,11.5443185767249);
#1409=VECTOR('',#4915,12.);
#1410=VECTOR('',#4918,0.246275109566764);
#1411=VECTOR('',#4919,7.47742570679311);
#1412=VECTOR('',#4920,0.210331143956104);
#1413=VECTOR('',#4921,10.);
#1414=VECTOR('',#4926,32.);
#1415=VECTOR('',#4935,3.94046517835907);
#1416=VECTOR('',#4936,22.2968958314232);
#1417=VECTOR('',#4941,1.05256599158419);
#1418=VECTOR('',#4944,4.73683674723004);
#1419=VECTOR('',#4947,3.65773517158419);
#1420=VECTOR('',#4950,5.87213595499959);
#1421=VECTOR('',#4951,1.2);
#1422=VECTOR('',#4952,13.5999985020007);
#1423=VECTOR('',#4955,4.73683674723005);
#1424=VECTOR('',#4958,1.05256599158418);
#1425=VECTOR('',#4959,13.5999985020007);
#1426=VECTOR('',#4960,1.2);
#1427=VECTOR('',#4961,5.8721359549996);
#1428=VECTOR('',#4964,3.65773517158419);
#1429=VECTOR('',#4969,16.9705627484771);
#1430=VECTOR('',#4970,30.);
#1431=VECTOR('',#4971,16.9705627484771);
#1432=VECTOR('',#4974,3.);
#1433=VECTOR('',#4975,12.);
#1434=VECTOR('',#4976,15.);
#1435=VECTOR('',#4979,3.00000000000002);
#1436=VECTOR('',#4980,3.00000000000002);
#1437=VECTOR('',#4983,3.00000000000002);
#1438=VECTOR('',#4984,3.00000000000002);
#1439=VECTOR('',#4987,20.0000000000001);
#1440=VECTOR('',#4988,12.);
#1441=VECTOR('',#4989,3.);
#1442=VECTOR('',#4990,15.);
#1443=VECTOR('',#4993,30.);
#1444=VECTOR('',#5000,3.05941170815564);
#1445=VECTOR('',#5001,73.9132726031778);
#1446=VECTOR('',#5002,3.21033114395631);
#1447=VECTOR('',#5007,61.);
#1448=VECTOR('',#5014,150.);
#1449=VECTOR('',#5015,2.99999999999997);
#1450=VECTOR('',#5016,86.);
#1451=VECTOR('',#5017,32.);
#1452=VECTOR('',#5028,10.);
#1453=VECTOR('',#5029,28.);
#1454=VECTOR('',#5034,15.6204993518133);
#1455=VECTOR('',#5035,6.32848969560305);
#1456=VECTOR('',#5036,11.5372045046061);
#1457=VECTOR('',#5039,86.);
#1458=VECTOR('',#5042,0.245248500069553);
#1459=VECTOR('',#5043,10.);
#1460=VECTOR('',#5044,32.);
#1461=VECTOR('',#5061,21.4328089223841);
#1462=VECTOR('',#5064,3.00000000000001);
#1463=VECTOR('',#5067,3.);
#1464=VECTOR('',#5070,3.);
#1465=VECTOR('',#5073,3.);
#1466=VECTOR('',#5076,5.00000000000002);
#1467=VECTOR('',#5077,50.9901951359279);
#1468=VECTOR('',#5078,5.00000000000002);
#1469=VECTOR('',#5081,0.000266561864019632);
#1470=VECTOR('',#5084,29.8786720376766);
#1471=VECTOR('',#5087,5.00000000000002);
#1472=VECTOR('',#5088,29.8786720376767);
#1473=VECTOR('',#5091,50.9901951359279);
#1474=VECTOR('',#5104,16.9705627484771);
#1475=VECTOR('',#5111,15.);
#1476=VECTOR('',#5112,15.);
#1477=VECTOR('',#5115,15.);
#1478=VECTOR('',#5116,15.);
#1479=VECTOR('',#5127,4.6064296536627);
#1480=VECTOR('',#5128,13.5999985020007);
#1481=VECTOR('',#5133,4.73683674723004);
#1482=VECTOR('',#5136,1.05256599158419);
#1483=VECTOR('',#5139,3.65773517158419);
#1484=VECTOR('',#5144,4.6064296536627);
#1485=VECTOR('',#5147,4.60116830848165);
#1486=VECTOR('',#5148,13.5999985020007);
#1487=VECTOR('',#5153,1.05256599158418);
#1488=VECTOR('',#5156,4.73683674723005);
#1489=VECTOR('',#5159,3.65773517158419);
#1490=VECTOR('',#5164,4.60116830848165);
#1491=VECTOR('',#5167,12.);
#1492=VECTOR('',#5170,12.);
#1493=VECTOR('',#5177,4.60116830848165);
#1494=VECTOR('',#5178,4.60116830848165);
#1495=VECTOR('',#5183,4.60116830848165);
#1496=VECTOR('',#5184,4.60116830848166);
#1497=VECTOR('',#5187,4.6064296536627);
#1498=VECTOR('',#5188,4.60642965366269);
#1499=VECTOR('',#5191,4.6064296536627);
#1500=VECTOR('',#5192,4.6064296536627);
#1501=VECTOR('',#5197,23.1459545931339);
#1502=VECTOR('',#5200,23.1459545931339);
#1503=VECTOR('',#5203,1.50000000003668);
#1504=VECTOR('',#5206,1.50000000003668);
#1505=VECTOR('',#5219,2.);
#1506=VECTOR('',#5222,2.);
#1507=VECTOR('',#5225,2.);
#1508=VECTOR('',#5228,2.);
#1509=VECTOR('',#5231,2.);
#1510=VECTOR('',#5234,2.);
#1511=VECTOR('',#5237,2.);
#1512=VECTOR('',#5240,2.);
#1513=VECTOR('',#5245,2.);
#1514=VECTOR('',#5252,2.);
#1515=VECTOR('',#5257,2.);
#1516=VECTOR('',#5260,2.);
#1517=VECTOR('',#5285,2.);
#1518=VECTOR('',#5292,2.);
#1519=VECTOR('',#5299,2.);
#1520=VECTOR('',#5306,2.);
#1521=VECTOR('',#5313,2.);
#1522=VECTOR('',#5320,2.);
#1523=VECTOR('',#5327,2.);
#1524=VECTOR('',#5334,2.);
#1525=VECTOR('',#5339,3.51495530431361);
#1526=VECTOR('',#5340,3.51495530431333);
#1527=VECTOR('',#5341,3.);
#1528=VECTOR('',#5342,3.);
#1529=VECTOR('',#5345,3.);
#1530=VECTOR('',#5346,3.);
#1531=VECTOR('',#5349,3.);
#1532=VECTOR('',#5350,3.);
#1533=VECTOR('',#5353,3.);
#1534=VECTOR('',#5354,3.);
#1535=VECTOR('',#5365,18.2756668824971);
#1536=VERTEX_POINT('',#5370);
#1537=VERTEX_POINT('',#5371);
#1538=VERTEX_POINT('',#5373);
#1539=VERTEX_POINT('',#5375);
#1540=VERTEX_POINT('',#5379);
#1541=VERTEX_POINT('',#5381);
#1542=VERTEX_POINT('',#5385);
#1543=VERTEX_POINT('',#5389);
#1544=VERTEX_POINT('',#5390);
#1545=VERTEX_POINT('',#5392);
#1546=VERTEX_POINT('',#5394);
#1547=VERTEX_POINT('',#5398);
#1548=VERTEX_POINT('',#5400);
#1549=VERTEX_POINT('',#5402);
#1550=VERTEX_POINT('',#5404);
#1551=VERTEX_POINT('',#5406);
#1552=VERTEX_POINT('',#5408);
#1553=VERTEX_POINT('',#5410);
#1554=VERTEX_POINT('',#5412);
#1555=VERTEX_POINT('',#5419);
#1556=VERTEX_POINT('',#5421);
#1557=VERTEX_POINT('',#5423);
#1558=VERTEX_POINT('',#5425);
#1559=VERTEX_POINT('',#5433);
#1560=VERTEX_POINT('',#5434);
#1561=VERTEX_POINT('',#5436);
#1562=VERTEX_POINT('',#5439);
#1563=VERTEX_POINT('',#5440);
#1564=VERTEX_POINT('',#5442);
#1565=VERTEX_POINT('',#5445);
#1566=VERTEX_POINT('',#5446);
#1567=VERTEX_POINT('',#5448);
#1568=VERTEX_POINT('',#5451);
#1569=VERTEX_POINT('',#5452);
#1570=VERTEX_POINT('',#5454);
#1571=VERTEX_POINT('',#5457);
#1572=VERTEX_POINT('',#5458);
#1573=VERTEX_POINT('',#5460);
#1574=VERTEX_POINT('',#5463);
#1575=VERTEX_POINT('',#5464);
#1576=VERTEX_POINT('',#5466);
#1577=VERTEX_POINT('',#5469);
#1578=VERTEX_POINT('',#5470);
#1579=VERTEX_POINT('',#5472);
#1580=VERTEX_POINT('',#5475);
#1581=VERTEX_POINT('',#5476);
#1582=VERTEX_POINT('',#5478);
#1583=VERTEX_POINT('',#5482);
#1584=VERTEX_POINT('',#5486);
#1585=VERTEX_POINT('',#5488);
#1586=VERTEX_POINT('',#5499);
#1587=VERTEX_POINT('',#5503);
#1588=VERTEX_POINT('',#5505);
#1589=VERTEX_POINT('',#5509);
#1590=VERTEX_POINT('',#5511);
#1591=VERTEX_POINT('',#5515);
#1592=VERTEX_POINT('',#5517);
#1593=VERTEX_POINT('',#5520);
#1594=VERTEX_POINT('',#5523);
#1595=VERTEX_POINT('',#5532);
#1596=VERTEX_POINT('',#5534);
#1597=VERTEX_POINT('',#5538);
#1598=VERTEX_POINT('',#5542);
#1599=VERTEX_POINT('',#5544);
#1600=VERTEX_POINT('',#5548);
#1601=VERTEX_POINT('',#5550);
#1602=VERTEX_POINT('',#5552);
#1603=VERTEX_POINT('',#5554);
#1604=VERTEX_POINT('',#5556);
#1605=VERTEX_POINT('',#5560);
#1606=VERTEX_POINT('',#5562);
#1607=VERTEX_POINT('',#5564);
#1608=VERTEX_POINT('',#5566);
#1609=VERTEX_POINT('',#5570);
#1610=VERTEX_POINT('',#5574);
#1611=VERTEX_POINT('',#5576);
#1612=VERTEX_POINT('',#5580);
#1613=VERTEX_POINT('',#5584);
#1614=VERTEX_POINT('',#5586);
#1615=VERTEX_POINT('',#5590);
#1616=VERTEX_POINT('',#5594);
#1617=VERTEX_POINT('',#5596);
#1618=VERTEX_POINT('',#5600);
#1619=VERTEX_POINT('',#5604);
#1620=VERTEX_POINT('',#5606);
#1621=VERTEX_POINT('',#5610);
#1622=VERTEX_POINT('',#5612);
#1623=VERTEX_POINT('',#5614);
#1624=VERTEX_POINT('',#5616);
#1625=VERTEX_POINT('',#5618);
#1626=VERTEX_POINT('',#5622);
#1627=VERTEX_POINT('',#5624);
#1628=VERTEX_POINT('',#5628);
#1629=VERTEX_POINT('',#5632);
#1630=VERTEX_POINT('',#5634);
#1631=VERTEX_POINT('',#5636);
#1632=VERTEX_POINT('',#5638);
#1633=VERTEX_POINT('',#5640);
#1634=VERTEX_POINT('',#5642);
#1635=VERTEX_POINT('',#5644);
#1636=VERTEX_POINT('',#5646);
#1637=VERTEX_POINT('',#5648);
#1638=VERTEX_POINT('',#5650);
#1639=VERTEX_POINT('',#5652);
#1640=VERTEX_POINT('',#5654);
#1641=VERTEX_POINT('',#5663);
#1642=VERTEX_POINT('',#5665);
#1643=VERTEX_POINT('',#5672);
#1644=VERTEX_POINT('',#5677);
#1645=VERTEX_POINT('',#5686);
#1646=VERTEX_POINT('',#5688);
#1647=VERTEX_POINT('',#5767);
#1648=VERTEX_POINT('',#5768);
#1649=VERTEX_POINT('',#5770);
#1650=VERTEX_POINT('',#5772);
#1651=VERTEX_POINT('',#5776);
#1652=VERTEX_POINT('',#5778);
#1653=VERTEX_POINT('',#5782);
#1654=VERTEX_POINT('',#5783);
#1655=VERTEX_POINT('',#5785);
#1656=VERTEX_POINT('',#5787);
#1657=VERTEX_POINT('',#5791);
#1658=VERTEX_POINT('',#5793);
#1659=VERTEX_POINT('',#5797);
#1660=VERTEX_POINT('',#5799);
#1661=VERTEX_POINT('',#5803);
#1662=VERTEX_POINT('',#5805);
#1663=VERTEX_POINT('',#5809);
#1664=VERTEX_POINT('',#5811);
#1665=VERTEX_POINT('',#5815);
#1666=VERTEX_POINT('',#5817);
#1667=VERTEX_POINT('',#5819);
#1668=VERTEX_POINT('',#5821);
#1669=VERTEX_POINT('',#5823);
#1670=VERTEX_POINT('',#5825);
#1671=VERTEX_POINT('',#5827);
#1672=VERTEX_POINT('',#5829);
#1673=VERTEX_POINT('',#5831);
#1674=VERTEX_POINT('',#5833);
#1675=VERTEX_POINT('',#5835);
#1676=VERTEX_POINT('',#5837);
#1677=VERTEX_POINT('',#5839);
#1678=VERTEX_POINT('',#5841);
#1679=VERTEX_POINT('',#5843);
#1680=VERTEX_POINT('',#5845);
#1681=VERTEX_POINT('',#5847);
#1682=VERTEX_POINT('',#5849);
#1683=VERTEX_POINT('',#5851);
#1684=VERTEX_POINT('',#5853);
#1685=VERTEX_POINT('',#5855);
#1686=VERTEX_POINT('',#5857);
#1687=VERTEX_POINT('',#5859);
#1688=VERTEX_POINT('',#5861);
#1689=VERTEX_POINT('',#5863);
#1690=VERTEX_POINT('',#5867);
#1691=VERTEX_POINT('',#5869);
#1692=VERTEX_POINT('',#5871);
#1693=VERTEX_POINT('',#5873);
#1694=VERTEX_POINT('',#5875);
#1695=VERTEX_POINT('',#5877);
#1696=VERTEX_POINT('',#5879);
#1697=VERTEX_POINT('',#5881);
#1698=VERTEX_POINT('',#5883);
#1699=VERTEX_POINT('',#5885);
#1700=VERTEX_POINT('',#5887);
#1701=VERTEX_POINT('',#5889);
#1702=VERTEX_POINT('',#5891);
#1703=VERTEX_POINT('',#5893);
#1704=VERTEX_POINT('',#5895);
#1705=VERTEX_POINT('',#5898);
#1706=VERTEX_POINT('',#5900);
#1707=VERTEX_POINT('',#5902);
#1708=VERTEX_POINT('',#5905);
#1709=VERTEX_POINT('',#5907);
#1710=VERTEX_POINT('',#5909);
#1711=VERTEX_POINT('',#5911);
#1712=VERTEX_POINT('',#5913);
#1713=VERTEX_POINT('',#5915);
#1714=VERTEX_POINT('',#5916);
#1715=VERTEX_POINT('',#5918);
#1716=VERTEX_POINT('',#5920);
#1717=VERTEX_POINT('',#5922);
#1718=VERTEX_POINT('',#5924);
#1719=VERTEX_POINT('',#5926);
#1720=VERTEX_POINT('',#5928);
#1721=VERTEX_POINT('',#5931);
#1722=VERTEX_POINT('',#5932);
#1723=VERTEX_POINT('',#5934);
#1724=VERTEX_POINT('',#5936);
#1725=VERTEX_POINT('',#5938);
#1726=VERTEX_POINT('',#5940);
#1727=VERTEX_POINT('',#5942);
#1728=VERTEX_POINT('',#5944);
#1729=VERTEX_POINT('',#5947);
#1730=VERTEX_POINT('',#5948);
#1731=VERTEX_POINT('',#5950);
#1732=VERTEX_POINT('',#5952);
#1733=VERTEX_POINT('',#5954);
#1734=VERTEX_POINT('',#5956);
#1735=VERTEX_POINT('',#5958);
#1736=VERTEX_POINT('',#5960);
#1737=VERTEX_POINT('',#5963);
#1738=VERTEX_POINT('',#5965);
#1739=VERTEX_POINT('',#5967);
#1740=VERTEX_POINT('',#5969);
#1741=VERTEX_POINT('',#5971);
#1742=VERTEX_POINT('',#5973);
#1743=VERTEX_POINT('',#5975);
#1744=VERTEX_POINT('',#5977);
#1745=VERTEX_POINT('',#5979);
#1746=VERTEX_POINT('',#5982);
#1747=VERTEX_POINT('',#5986);
#1748=VERTEX_POINT('',#5987);
#1749=VERTEX_POINT('',#5995);
#1750=VERTEX_POINT('',#5997);
#1751=VERTEX_POINT('',#5999);
#1752=VERTEX_POINT('',#6001);
#1753=VERTEX_POINT('',#6003);
#1754=VERTEX_POINT('',#6005);
#1755=VERTEX_POINT('',#6007);
#1756=VERTEX_POINT('',#6009);
#1757=VERTEX_POINT('',#6011);
#1758=VERTEX_POINT('',#6013);
#1759=VERTEX_POINT('',#6015);
#1760=VERTEX_POINT('',#6017);
#1761=VERTEX_POINT('',#6019);
#1762=VERTEX_POINT('',#6021);
#1763=VERTEX_POINT('',#6023);
#1764=VERTEX_POINT('',#6059);
#1765=VERTEX_POINT('',#6066);
#1766=VERTEX_POINT('',#6071);
#1767=VERTEX_POINT('',#6076);
#1768=VERTEX_POINT('',#6081);
#1769=VERTEX_POINT('',#6082);
#1770=VERTEX_POINT('',#6084);
#1771=VERTEX_POINT('',#6086);
#1772=VERTEX_POINT('',#6101);
#1773=VERTEX_POINT('',#6102);
#1774=VERTEX_POINT('',#6104);
#1775=VERTEX_POINT('',#6106);
#1776=VERTEX_POINT('',#6113);
#1777=VERTEX_POINT('',#6117);
#1778=VERTEX_POINT('',#6121);
#1779=VERTEX_POINT('',#6205);
#1780=VERTEX_POINT('',#6209);
#1781=VERTEX_POINT('',#6211);
#1782=VERTEX_POINT('',#6213);
#1783=VERTEX_POINT('',#6215);
#1784=VERTEX_POINT('',#6217);
#1785=VERTEX_POINT('',#6219);
#1786=VERTEX_POINT('',#6221);
#1787=VERTEX_POINT('',#6223);
#1788=VERTEX_POINT('',#6226);
#1789=VERTEX_POINT('',#6229);
#1790=VERTEX_POINT('',#6230);
#1791=VERTEX_POINT('',#6232);
#1792=VERTEX_POINT('',#6234);
#1793=VERTEX_POINT('',#6236);
#1794=VERTEX_POINT('',#6238);
#1795=VERTEX_POINT('',#6240);
#1796=VERTEX_POINT('',#6244);
#1797=VERTEX_POINT('',#6245);
#1798=VERTEX_POINT('',#6247);
#1799=VERTEX_POINT('',#6249);
#1800=VERTEX_POINT('',#6251);
#1801=VERTEX_POINT('',#6253);
#1802=VERTEX_POINT('',#6255);
#1803=VERTEX_POINT('',#6257);
#1804=VERTEX_POINT('',#6259);
#1805=VERTEX_POINT('',#6261);
#1806=VERTEX_POINT('',#6263);
#1807=VERTEX_POINT('',#6265);
#1808=VERTEX_POINT('',#6267);
#1809=VERTEX_POINT('',#6269);
#1810=VERTEX_POINT('',#6271);
#1811=VERTEX_POINT('',#6273);
#1812=VERTEX_POINT('',#6275);
#1813=VERTEX_POINT('',#6278);
#1814=VERTEX_POINT('',#6280);
#1815=VERTEX_POINT('',#6282);
#1816=VERTEX_POINT('',#6284);
#1817=VERTEX_POINT('',#6286);
#1818=VERTEX_POINT('',#6288);
#1819=VERTEX_POINT('',#6290);
#1820=VERTEX_POINT('',#6292);
#1821=VERTEX_POINT('',#6294);
#1822=VERTEX_POINT('',#6296);
#1823=VERTEX_POINT('',#6298);
#1824=VERTEX_POINT('',#6300);
#1825=VERTEX_POINT('',#6302);
#1826=VERTEX_POINT('',#6304);
#1827=VERTEX_POINT('',#6306);
#1828=VERTEX_POINT('',#6308);
#1829=VERTEX_POINT('',#6310);
#1830=VERTEX_POINT('',#6313);
#1831=VERTEX_POINT('',#6315);
#1832=VERTEX_POINT('',#6317);
#1833=VERTEX_POINT('',#6319);
#1834=VERTEX_POINT('',#6321);
#1835=VERTEX_POINT('',#6323);
#1836=VERTEX_POINT('',#6326);
#1837=VERTEX_POINT('',#6328);
#1838=VERTEX_POINT('',#6330);
#1839=VERTEX_POINT('',#6334);
#1840=VERTEX_POINT('',#6339);
#1841=VERTEX_POINT('',#6341);
#1842=VERTEX_POINT('',#6343);
#1843=VERTEX_POINT('',#6348);
#1844=VERTEX_POINT('',#6353);
#1845=VERTEX_POINT('',#6359);
#1846=VERTEX_POINT('',#6360);
#1847=VERTEX_POINT('',#6362);
#1848=VERTEX_POINT('',#6364);
#1849=VERTEX_POINT('',#6366);
#1850=VERTEX_POINT('',#6368);
#1851=VERTEX_POINT('',#6370);
#1852=VERTEX_POINT('',#6372);
#1853=VERTEX_POINT('',#6377);
#1854=VERTEX_POINT('',#6378);
#1855=VERTEX_POINT('',#6380);
#1856=VERTEX_POINT('',#6382);
#1857=VERTEX_POINT('',#6385);
#1858=VERTEX_POINT('',#6387);
#1859=VERTEX_POINT('',#6389);
#1860=VERTEX_POINT('',#6391);
#1861=VERTEX_POINT('',#6395);
#1862=VERTEX_POINT('',#6397);
#1863=VERTEX_POINT('',#6411);
#1864=VERTEX_POINT('',#6412);
#1865=VERTEX_POINT('',#6422);
#1866=VERTEX_POINT('',#6425);
#1867=VERTEX_POINT('',#6428);
#1868=VERTEX_POINT('',#6430);
#1869=VERTEX_POINT('',#6433);
#1870=VERTEX_POINT('',#6436);
#1871=VERTEX_POINT('',#6441);
#1872=VERTEX_POINT('',#6443);
#1873=VERTEX_POINT('',#6445);
#1874=VERTEX_POINT('',#6447);
#1875=VERTEX_POINT('',#6450);
#1876=VERTEX_POINT('',#6456);
#1877=VERTEX_POINT('',#6465);
#1878=VERTEX_POINT('',#6467);
#1879=VERTEX_POINT('',#6469);
#1880=VERTEX_POINT('',#6471);
#1881=VERTEX_POINT('',#6493);
#1882=VERTEX_POINT('',#6495);
#1883=VERTEX_POINT('',#6498);
#1884=VERTEX_POINT('',#6504);
#1885=VERTEX_POINT('',#6510);
#1886=VERTEX_POINT('',#6513);
#1887=VERTEX_POINT('',#6531);
#1888=VERTEX_POINT('',#6534);
#1889=VERTEX_POINT('',#6537);
#1890=VERTEX_POINT('',#6538);
#1891=VERTEX_POINT('',#6540);
#1892=VERTEX_POINT('',#6543);
#1893=VERTEX_POINT('',#6545);
#1894=VERTEX_POINT('',#6551);
#1895=VERTEX_POINT('',#6554);
#1896=VERTEX_POINT('',#6557);
#1897=VERTEX_POINT('',#6559);
#1898=VERTEX_POINT('',#6561);
#1899=VERTEX_POINT('',#6563);
#1900=VERTEX_POINT('',#6565);
#1901=VERTEX_POINT('',#6579);
#1902=VERTEX_POINT('',#6590);
#1903=VERTEX_POINT('',#6622);
#1904=VERTEX_POINT('',#6627);
#1905=VERTEX_POINT('',#6646);
#1906=VERTEX_POINT('',#6651);
#1907=VERTEX_POINT('',#6656);
#1908=VERTEX_POINT('',#6661);
#1909=VERTEX_POINT('',#6666);
#1910=VERTEX_POINT('',#6671);
#1911=VERTEX_POINT('',#6676);
#1912=VERTEX_POINT('',#6681);
#1913=EDGE_CURVE('',#1536,#1537,#700,.T.);
#1914=EDGE_CURVE('',#1538,#1537,#701,.T.);
#1915=EDGE_CURVE('',#1538,#1539,#702,.F.);
#1916=EDGE_CURVE('',#1539,#1536,#703,.T.);
#1917=EDGE_CURVE('',#1540,#1536,#704,.T.);
#1918=EDGE_CURVE('',#1541,#1540,#705,.T.);
#1919=EDGE_CURVE('',#1537,#1541,#706,.T.);
#1920=EDGE_CURVE('',#1542,#1539,#707,.T.);
#1921=EDGE_CURVE('',#1542,#1540,#708,.T.);
#1922=EDGE_CURVE('',#1543,#1544,#709,.T.);
#1923=EDGE_CURVE('',#1544,#1545,#710,.T.);
#1924=EDGE_CURVE('',#1545,#1546,#711,.F.);
#1925=EDGE_CURVE('',#1546,#1543,#712,.T.);
#1926=EDGE_CURVE('',#1543,#1547,#713,.T.);
#1927=EDGE_CURVE('',#1547,#1548,#714,.T.);
#1928=EDGE_CURVE('',#1549,#1548,#715,.T.);
#1929=EDGE_CURVE('',#1550,#1549,#716,.T.);
#1930=EDGE_CURVE('',#1551,#1550,#717,.T.);
#1931=EDGE_CURVE('',#1552,#1551,#718,.T.);
#1932=EDGE_CURVE('',#1553,#1552,#719,.T.);
#1933=EDGE_CURVE('',#1554,#1553,#254,.T.);
#1934=EDGE_CURVE('',#1555,#1554,#720,.T.);
#1935=EDGE_CURVE('',#1556,#1555,#721,.T.);
#1936=EDGE_CURVE('',#1557,#1556,#722,.T.);
#1937=EDGE_CURVE('',#1558,#1557,#255,.T.);
#1938=EDGE_CURVE('',#1544,#1558,#723,.T.);
#1939=EDGE_CURVE('',#1559,#1560,#724,.T.);
#1940=EDGE_CURVE('',#1561,#1559,#725,.T.);
#1941=EDGE_CURVE('',#1560,#1561,#726,.T.);
#1942=EDGE_CURVE('',#1562,#1563,#727,.T.);
#1943=EDGE_CURVE('',#1564,#1562,#728,.T.);
#1944=EDGE_CURVE('',#1563,#1564,#729,.T.);
#1945=EDGE_CURVE('',#1565,#1566,#730,.T.);
#1946=EDGE_CURVE('',#1567,#1565,#731,.T.);
#1947=EDGE_CURVE('',#1566,#1567,#732,.T.);
#1948=EDGE_CURVE('',#1568,#1569,#733,.T.);
#1949=EDGE_CURVE('',#1570,#1568,#734,.T.);
#1950=EDGE_CURVE('',#1569,#1570,#735,.T.);
#1951=EDGE_CURVE('',#1571,#1572,#736,.T.);
#1952=EDGE_CURVE('',#1573,#1571,#737,.T.);
#1953=EDGE_CURVE('',#1572,#1573,#738,.T.);
#1954=EDGE_CURVE('',#1574,#1575,#739,.T.);
#1955=EDGE_CURVE('',#1576,#1574,#740,.T.);
#1956=EDGE_CURVE('',#1575,#1576,#741,.T.);
#1957=EDGE_CURVE('',#1577,#1578,#742,.T.);
#1958=EDGE_CURVE('',#1579,#1577,#743,.T.);
#1959=EDGE_CURVE('',#1578,#1579,#744,.T.);
#1960=EDGE_CURVE('',#1580,#1581,#745,.T.);
#1961=EDGE_CURVE('',#1582,#1580,#746,.T.);
#1962=EDGE_CURVE('',#1581,#1582,#747,.T.);
#1963=EDGE_CURVE('',#1546,#1583,#748,.T.);
#1964=EDGE_CURVE('',#1583,#1547,#749,.T.);
#1965=EDGE_CURVE('',#1584,#1558,#167,.T.);
#1966=EDGE_CURVE('',#1585,#1584,#256,.T.);
#1967=EDGE_CURVE('',#1585,#1545,#750,.T.);
#1968=EDGE_CURVE('',#1586,#1541,#751,.T.);
#1969=EDGE_CURVE('',#1538,#1586,#752,.T.);
#1970=EDGE_CURVE('',#1587,#1549,#753,.T.);
#1971=EDGE_CURVE('',#1588,#1587,#754,.T.);
#1972=EDGE_CURVE('',#1588,#1550,#755,.T.);
#1973=EDGE_CURVE('',#1589,#1551,#756,.T.);
#1974=EDGE_CURVE('',#1590,#1589,#757,.T.);
#1975=EDGE_CURVE('',#1552,#1590,#758,.T.);
#1976=EDGE_CURVE('',#1591,#1586,#759,.T.);
#1977=EDGE_CURVE('',#1592,#1591,#760,.T.);
#1978=EDGE_CURVE('',#1588,#1592,#761,.T.);
#1979=EDGE_CURVE('',#1593,#1587,#762,.T.);
#1980=EDGE_CURVE('',#1583,#1593,#763,.T.);
#1981=EDGE_CURVE('',#1594,#1585,#257,.T.);
#1982=EDGE_CURVE('',#1542,#1594,#764,.T.);
#1983=EDGE_CURVE('',#1593,#1548,#765,.T.);
#1984=EDGE_CURVE('',#1595,#1561,#766,.T.);
#1985=EDGE_CURVE('',#1596,#1595,#168,.F.);
#1986=EDGE_CURVE('',#1596,#1560,#767,.T.);
#1987=EDGE_CURVE('',#1597,#1559,#768,.T.);
#1988=EDGE_CURVE('',#1595,#1597,#169,.F.);
#1989=EDGE_CURVE('',#1598,#1564,#769,.T.);
#1990=EDGE_CURVE('',#1599,#1598,#170,.F.);
#1991=EDGE_CURVE('',#1599,#1563,#770,.T.);
#1992=EDGE_CURVE('',#1600,#1562,#771,.T.);
#1993=EDGE_CURVE('',#1600,#1601,#63,.T.);
#1994=EDGE_CURVE('',#1602,#1601,#772,.T.);
#1995=EDGE_CURVE('',#1602,#1603,#64,.F.);
#1996=EDGE_CURVE('',#1604,#1603,#773,.T.);
#1997=EDGE_CURVE('',#1604,#1598,#65,.T.);
#1998=EDGE_CURVE('',#1605,#1567,#774,.T.);
#1999=EDGE_CURVE('',#1606,#1605,#775,.T.);
#2000=EDGE_CURVE('',#1607,#1606,#776,.T.);
#2001=EDGE_CURVE('',#1607,#1608,#777,.T.);
#2002=EDGE_CURVE('',#1608,#1566,#778,.T.);
#2003=EDGE_CURVE('',#1609,#1565,#779,.T.);
#2004=EDGE_CURVE('',#1605,#1609,#171,.F.);
#2005=EDGE_CURVE('',#1610,#1570,#780,.T.);
#2006=EDGE_CURVE('',#1611,#1610,#781,.F.);
#2007=EDGE_CURVE('',#1611,#1569,#782,.T.);
#2008=EDGE_CURVE('',#1612,#1568,#783,.T.);
#2009=EDGE_CURVE('',#1610,#1612,#172,.F.);
#2010=EDGE_CURVE('',#1613,#1573,#784,.T.);
#2011=EDGE_CURVE('',#1614,#1613,#173,.F.);
#2012=EDGE_CURVE('',#1614,#1572,#785,.T.);
#2013=EDGE_CURVE('',#1615,#1571,#786,.T.);
#2014=EDGE_CURVE('',#1613,#1615,#66,.F.);
#2015=EDGE_CURVE('',#1616,#1576,#787,.T.);
#2016=EDGE_CURVE('',#1617,#1616,#174,.F.);
#2017=EDGE_CURVE('',#1617,#1575,#788,.T.);
#2018=EDGE_CURVE('',#1618,#1574,#789,.T.);
#2019=EDGE_CURVE('',#1616,#1618,#67,.F.);
#2020=EDGE_CURVE('',#1619,#1579,#790,.T.);
#2021=EDGE_CURVE('',#1620,#1619,#175,.F.);
#2022=EDGE_CURVE('',#1620,#1578,#791,.T.);
#2023=EDGE_CURVE('',#1621,#1577,#792,.T.);
#2024=EDGE_CURVE('',#1621,#1622,#68,.T.);
#2025=EDGE_CURVE('',#1623,#1622,#793,.T.);
#2026=EDGE_CURVE('',#1623,#1624,#69,.F.);
#2027=EDGE_CURVE('',#1625,#1624,#794,.T.);
#2028=EDGE_CURVE('',#1625,#1619,#70,.T.);
#2029=EDGE_CURVE('',#1626,#1582,#795,.T.);
#2030=EDGE_CURVE('',#1627,#1626,#176,.F.);
#2031=EDGE_CURVE('',#1627,#1581,#796,.T.);
#2032=EDGE_CURVE('',#1628,#1580,#797,.T.);
#2033=EDGE_CURVE('',#1626,#1628,#177,.F.);
#2034=EDGE_CURVE('',#1554,#1629,#178,.T.);
#2035=EDGE_CURVE('',#1630,#1629,#798,.T.);
#2036=EDGE_CURVE('',#1631,#1630,#799,.T.);
#2037=EDGE_CURVE('',#1631,#1632,#800,.F.);
#2038=EDGE_CURVE('',#1632,#1633,#801,.T.);
#2039=EDGE_CURVE('',#1633,#1634,#802,.F.);
#2040=EDGE_CURVE('',#1635,#1634,#803,.T.);
#2041=EDGE_CURVE('',#1636,#1635,#804,.T.);
#2042=EDGE_CURVE('',#1636,#1637,#805,.T.);
#2043=EDGE_CURVE('',#1638,#1637,#71,.T.);
#2044=EDGE_CURVE('',#1638,#1639,#806,.T.);
#2045=EDGE_CURVE('',#1639,#1640,#179,.T.);
#2046=EDGE_CURVE('',#1555,#1640,#807,.T.);
#2047=EDGE_CURVE('',#1553,#1641,#180,.T.);
#2048=EDGE_CURVE('',#1641,#1642,#258,.T.);
#2049=EDGE_CURVE('',#1642,#1643,#259,.T.);
#2050=EDGE_CURVE('',#1643,#1644,#260,.T.);
#2051=EDGE_CURVE('',#1645,#1644,#808,.T.);
#2052=EDGE_CURVE('',#1645,#1646,#261,.T.);
#2053=EDGE_CURVE('',#1629,#1646,#809,.T.);
#2054=EDGE_CURVE('',#1590,#1642,#810,.T.);
#2055=EDGE_CURVE('',#1647,#1648,#811,.T.);
#2056=EDGE_CURVE('',#1647,#1649,#812,.T.);
#2057=EDGE_CURVE('',#1649,#1650,#813,.T.);
#2058=EDGE_CURVE('',#1650,#1648,#814,.T.);
#2059=EDGE_CURVE('',#1651,#1647,#815,.T.);
#2060=EDGE_CURVE('',#1652,#1651,#816,.T.);
#2061=EDGE_CURVE('',#1649,#1652,#817,.T.);
#2062=EDGE_CURVE('',#1653,#1654,#818,.T.);
#2063=EDGE_CURVE('',#1653,#1655,#819,.T.);
#2064=EDGE_CURVE('',#1655,#1656,#820,.T.);
#2065=EDGE_CURVE('',#1656,#1654,#821,.T.);
#2066=EDGE_CURVE('',#1657,#1653,#822,.T.);
#2067=EDGE_CURVE('',#1658,#1657,#823,.T.);
#2068=EDGE_CURVE('',#1655,#1658,#824,.T.);
#2069=EDGE_CURVE('',#1659,#1657,#825,.T.);
#2070=EDGE_CURVE('',#1659,#1660,#826,.T.);
#2071=EDGE_CURVE('',#1660,#1658,#827,.T.);
#2072=EDGE_CURVE('',#1661,#1659,#828,.T.);
#2073=EDGE_CURVE('',#1662,#1661,#829,.T.);
#2074=EDGE_CURVE('',#1660,#1662,#830,.T.);
#2075=EDGE_CURVE('',#1663,#1661,#831,.T.);
#2076=EDGE_CURVE('',#1663,#1664,#832,.T.);
#2077=EDGE_CURVE('',#1664,#1662,#833,.T.);
#2078=EDGE_CURVE('',#1645,#1665,#72,.T.);
#2079=EDGE_CURVE('',#1666,#1644,#834,.T.);
#2080=EDGE_CURVE('',#1667,#1666,#835,.T.);
#2081=EDGE_CURVE('',#1668,#1667,#836,.T.);
#2082=EDGE_CURVE('',#1669,#1668,#837,.T.);
#2083=EDGE_CURVE('',#1670,#1669,#838,.T.);
#2084=EDGE_CURVE('',#1671,#1670,#839,.T.);
#2085=EDGE_CURVE('',#1672,#1671,#840,.T.);
#2086=EDGE_CURVE('',#1672,#1673,#841,.T.);
#2087=EDGE_CURVE('',#1674,#1673,#73,.T.);
#2088=EDGE_CURVE('',#1675,#1674,#74,.T.);
#2089=EDGE_CURVE('',#1675,#1676,#842,.T.);
#2090=EDGE_CURVE('',#1676,#1677,#843,.T.);
#2091=EDGE_CURVE('',#1677,#1678,#844,.T.);
#2092=EDGE_CURVE('',#1678,#1679,#845,.T.);
#2093=EDGE_CURVE('',#1680,#1679,#846,.T.);
#2094=EDGE_CURVE('',#1681,#1680,#847,.T.);
#2095=EDGE_CURVE('',#1682,#1681,#848,.T.);
#2096=EDGE_CURVE('',#1683,#1682,#849,.T.);
#2097=EDGE_CURVE('',#1684,#1683,#850,.T.);
#2098=EDGE_CURVE('',#1685,#1684,#851,.T.);
#2099=EDGE_CURVE('',#1686,#1685,#852,.T.);
#2100=EDGE_CURVE('',#1686,#1687,#853,.F.);
#2101=EDGE_CURVE('',#1687,#1688,#854,.T.);
#2102=EDGE_CURVE('',#1688,#1689,#855,.T.);
#2103=EDGE_CURVE('',#1689,#1630,#856,.T.);
#2104=EDGE_CURVE('',#1665,#1646,#75,.T.);
#2105=EDGE_CURVE('',#1648,#1690,#857,.T.);
#2106=EDGE_CURVE('',#1690,#1691,#858,.T.);
#2107=EDGE_CURVE('',#1691,#1692,#859,.T.);
#2108=EDGE_CURVE('',#1693,#1692,#860,.F.);
#2109=EDGE_CURVE('',#1693,#1694,#861,.T.);
#2110=EDGE_CURVE('',#1694,#1695,#76,.T.);
#2111=EDGE_CURVE('',#1695,#1696,#862,.T.);
#2112=EDGE_CURVE('',#1696,#1697,#863,.T.);
#2113=EDGE_CURVE('',#1698,#1697,#864,.F.);
#2114=EDGE_CURVE('',#1698,#1699,#865,.T.);
#2115=EDGE_CURVE('',#1700,#1699,#866,.F.);
#2116=EDGE_CURVE('',#1700,#1701,#867,.T.);
#2117=EDGE_CURVE('',#1702,#1701,#868,.F.);
#2118=EDGE_CURVE('',#1702,#1703,#869,.T.);
#2119=EDGE_CURVE('',#1703,#1704,#870,.T.);
#2120=EDGE_CURVE('',#1704,#1663,#871,.T.);
#2121=EDGE_CURVE('',#1654,#1705,#872,.T.);
#2122=EDGE_CURVE('',#1706,#1705,#873,.F.);
#2123=EDGE_CURVE('',#1706,#1707,#874,.T.);
#2124=EDGE_CURVE('',#1707,#1651,#875,.T.);
#2125=EDGE_CURVE('',#1708,#1708,#77,.T.);
#2126=EDGE_CURVE('',#1709,#1709,#78,.T.);
#2127=EDGE_CURVE('',#1710,#1710,#79,.T.);
#2128=EDGE_CURVE('',#1711,#1711,#80,.T.);
#2129=EDGE_CURVE('',#1712,#1712,#81,.T.);
#2130=EDGE_CURVE('',#1713,#1714,#876,.T.);
#2131=EDGE_CURVE('',#1713,#1715,#82,.F.);
#2132=EDGE_CURVE('',#1716,#1715,#877,.T.);
#2133=EDGE_CURVE('',#1716,#1717,#83,.F.);
#2134=EDGE_CURVE('',#1718,#1717,#878,.T.);
#2135=EDGE_CURVE('',#1718,#1719,#84,.F.);
#2136=EDGE_CURVE('',#1720,#1719,#879,.T.);
#2137=EDGE_CURVE('',#1720,#1714,#85,.F.);
#2138=EDGE_CURVE('',#1721,#1722,#880,.T.);
#2139=EDGE_CURVE('',#1721,#1723,#86,.F.);
#2140=EDGE_CURVE('',#1723,#1724,#881,.T.);
#2141=EDGE_CURVE('',#1724,#1725,#87,.F.);
#2142=EDGE_CURVE('',#1726,#1725,#882,.T.);
#2143=EDGE_CURVE('',#1727,#1726,#883,.T.);
#2144=EDGE_CURVE('',#1727,#1728,#884,.T.);
#2145=EDGE_CURVE('',#1722,#1728,#885,.T.);
#2146=EDGE_CURVE('',#1729,#1730,#886,.T.);
#2147=EDGE_CURVE('',#1729,#1731,#88,.F.);
#2148=EDGE_CURVE('',#1732,#1731,#887,.T.);
#2149=EDGE_CURVE('',#1732,#1733,#89,.F.);
#2150=EDGE_CURVE('',#1734,#1733,#888,.T.);
#2151=EDGE_CURVE('',#1735,#1734,#889,.T.);
#2152=EDGE_CURVE('',#1735,#1736,#890,.T.);
#2153=EDGE_CURVE('',#1730,#1736,#891,.T.);
#2154=EDGE_CURVE('',#1737,#1737,#90,.F.);
#2155=EDGE_CURVE('',#1738,#1738,#91,.F.);
#2156=EDGE_CURVE('',#1739,#1739,#92,.F.);
#2157=EDGE_CURVE('',#1740,#1740,#93,.F.);
#2158=EDGE_CURVE('',#1741,#1741,#94,.T.);
#2159=EDGE_CURVE('',#1742,#1742,#95,.T.);
#2160=EDGE_CURVE('',#1743,#1743,#96,.T.);
#2161=EDGE_CURVE('',#1744,#1744,#97,.T.);
#2162=EDGE_CURVE('',#1745,#1745,#98,.T.);
#2163=EDGE_CURVE('',#1707,#1746,#892,.T.);
#2164=EDGE_CURVE('',#1746,#1652,#893,.T.);
#2165=EDGE_CURVE('',#1747,#1748,#894,.T.);
#2166=EDGE_CURVE('',#1748,#1706,#895,.T.);
#2167=EDGE_CURVE('',#1705,#1747,#896,.T.);
#2168=EDGE_CURVE('',#1746,#1748,#897,.T.);
#2169=EDGE_CURVE('',#1747,#1656,#898,.T.);
#2170=EDGE_CURVE('',#1664,#1749,#899,.T.);
#2171=EDGE_CURVE('',#1749,#1750,#900,.T.);
#2172=EDGE_CURVE('',#1750,#1751,#901,.T.);
#2173=EDGE_CURVE('',#1752,#1751,#902,.T.);
#2174=EDGE_CURVE('',#1752,#1753,#903,.T.);
#2175=EDGE_CURVE('',#1754,#1753,#904,.T.);
#2176=EDGE_CURVE('',#1754,#1755,#905,.T.);
#2177=EDGE_CURVE('',#1756,#1755,#906,.T.);
#2178=EDGE_CURVE('',#1756,#1757,#907,.T.);
#2179=EDGE_CURVE('',#1757,#1758,#908,.T.);
#2180=EDGE_CURVE('',#1758,#1759,#99,.T.);
#2181=EDGE_CURVE('',#1759,#1760,#909,.T.);
#2182=EDGE_CURVE('',#1761,#1760,#910,.T.);
#2183=EDGE_CURVE('',#1761,#1762,#911,.T.);
#2184=EDGE_CURVE('',#1762,#1763,#912,.T.);
#2185=EDGE_CURVE('',#1763,#1650,#913,.T.);
#2186=EDGE_CURVE('',#1755,#1698,#914,.T.);
#2187=EDGE_CURVE('',#1697,#1756,#915,.T.);
#2188=EDGE_CURVE('',#1699,#1754,#916,.T.);
#2189=EDGE_CURVE('',#1753,#1700,#917,.T.);
#2190=EDGE_CURVE('',#1701,#1752,#918,.T.);
#2191=EDGE_CURVE('',#1751,#1702,#919,.T.);
#2192=EDGE_CURVE('',#1703,#1750,#920,.T.);
#2193=EDGE_CURVE('',#1760,#1693,#921,.T.);
#2194=EDGE_CURVE('',#1692,#1761,#922,.T.);
#2195=EDGE_CURVE('',#1691,#1762,#923,.T.);
#2196=EDGE_CURVE('',#1690,#1763,#924,.T.);
#2197=EDGE_CURVE('',#1694,#1759,#925,.T.);
#2198=EDGE_CURVE('',#1695,#1758,#926,.T.);
#2199=EDGE_CURVE('',#1696,#1757,#927,.T.);
#2200=EDGE_CURVE('',#1704,#1749,#928,.T.);
#2201=EDGE_CURVE('',#1764,#1764,#100,.T.);
#2202=EDGE_CURVE('',#1764,#1745,#929,.T.);
#2203=EDGE_CURVE('',#1643,#1589,#930,.T.);
#2204=EDGE_CURVE('',#1744,#1765,#931,.T.);
#2205=EDGE_CURVE('',#1765,#1765,#101,.T.);
#2206=EDGE_CURVE('',#1743,#1766,#932,.T.);
#2207=EDGE_CURVE('',#1766,#1766,#102,.T.);
#2208=EDGE_CURVE('',#1742,#1767,#933,.T.);
#2209=EDGE_CURVE('',#1767,#1767,#103,.T.);
#2210=EDGE_CURVE('',#1768,#1769,#934,.T.);
#2211=EDGE_CURVE('',#1770,#1768,#935,.T.);
#2212=EDGE_CURVE('',#1771,#1770,#936,.T.);
#2213=EDGE_CURVE('',#1769,#1771,#937,.T.);
#2214=EDGE_CURVE('',#1672,#1594,#262,.T.);
#2215=EDGE_CURVE('',#1769,#1671,#104,.T.);
#2216=EDGE_CURVE('',#1591,#1771,#938,.T.);
#2217=EDGE_CURVE('',#1772,#1773,#939,.T.);
#2218=EDGE_CURVE('',#1774,#1772,#940,.T.);
#2219=EDGE_CURVE('',#1775,#1774,#941,.T.);
#2220=EDGE_CURVE('',#1773,#1775,#942,.T.);
#2221=EDGE_CURVE('',#1592,#1774,#943,.T.);
#2222=EDGE_CURVE('',#1666,#1772,#105,.T.);
#2223=EDGE_CURVE('',#1776,#1768,#106,.F.);
#2224=EDGE_CURVE('',#1770,#1776,#944,.T.);
#2225=EDGE_CURVE('',#1775,#1777,#945,.T.);
#2226=EDGE_CURVE('',#1773,#1777,#107,.F.);
#2227=EDGE_CURVE('',#1778,#1667,#108,.F.);
#2228=EDGE_CURVE('',#1668,#1778,#946,.T.);
#2229=EDGE_CURVE('',#1676,#1557,#181,.T.);
#2230=EDGE_CURVE('',#1675,#1673,#263,.T.);
#2231=EDGE_CURVE('',#1779,#1778,#947,.T.);
#2232=EDGE_CURVE('',#1669,#1779,#948,.T.);
#2233=EDGE_CURVE('',#1632,#1780,#949,.T.);
#2234=EDGE_CURVE('',#1781,#1780,#950,.T.);
#2235=EDGE_CURVE('',#1781,#1782,#109,.F.);
#2236=EDGE_CURVE('',#1782,#1783,#951,.T.);
#2237=EDGE_CURVE('',#1783,#1784,#110,.F.);
#2238=EDGE_CURVE('',#1784,#1785,#952,.T.);
#2239=EDGE_CURVE('',#1785,#1786,#111,.T.);
#2240=EDGE_CURVE('',#1787,#1786,#953,.T.);
#2241=EDGE_CURVE('',#1787,#1633,#954,.T.);
#2242=EDGE_CURVE('',#1788,#1788,#112,.F.);
#2243=EDGE_CURVE('',#1789,#1790,#955,.T.);
#2244=EDGE_CURVE('',#1790,#1791,#956,.T.);
#2245=EDGE_CURVE('',#1791,#1792,#113,.F.);
#2246=EDGE_CURVE('',#1792,#1793,#957,.T.);
#2247=EDGE_CURVE('',#1793,#1794,#958,.T.);
#2248=EDGE_CURVE('',#1794,#1795,#114,.F.);
#2249=EDGE_CURVE('',#1795,#1789,#959,.T.);
#2250=EDGE_CURVE('',#1796,#1797,#960,.T.);
#2251=EDGE_CURVE('',#1796,#1798,#961,.T.);
#2252=EDGE_CURVE('',#1798,#1799,#115,.T.);
#2253=EDGE_CURVE('',#1800,#1799,#962,.T.);
#2254=EDGE_CURVE('',#1801,#1800,#963,.T.);
#2255=EDGE_CURVE('',#1801,#1802,#964,.T.);
#2256=EDGE_CURVE('',#1803,#1802,#965,.T.);
#2257=EDGE_CURVE('',#1804,#1803,#966,.T.);
#2258=EDGE_CURVE('',#1804,#1805,#116,.T.);
#2259=EDGE_CURVE('',#1805,#1806,#967,.T.);
#2260=EDGE_CURVE('',#1806,#1807,#968,.T.);
#2261=EDGE_CURVE('',#1807,#1808,#969,.T.);
#2262=EDGE_CURVE('',#1808,#1809,#970,.T.);
#2263=EDGE_CURVE('',#1809,#1810,#117,.T.);
#2264=EDGE_CURVE('',#1810,#1811,#971,.T.);
#2265=EDGE_CURVE('',#1811,#1812,#118,.T.);
#2266=EDGE_CURVE('',#1812,#1635,#972,.T.);
#2267=EDGE_CURVE('',#1634,#1813,#973,.T.);
#2268=EDGE_CURVE('',#1813,#1814,#974,.T.);
#2269=EDGE_CURVE('',#1814,#1815,#119,.T.);
#2270=EDGE_CURVE('',#1816,#1815,#975,.T.);
#2271=EDGE_CURVE('',#1817,#1816,#976,.T.);
#2272=EDGE_CURVE('',#1817,#1818,#977,.T.);
#2273=EDGE_CURVE('',#1819,#1818,#978,.T.);
#2274=EDGE_CURVE('',#1820,#1819,#979,.T.);
#2275=EDGE_CURVE('',#1820,#1821,#120,.T.);
#2276=EDGE_CURVE('',#1821,#1822,#980,.T.);
#2277=EDGE_CURVE('',#1823,#1822,#981,.T.);
#2278=EDGE_CURVE('',#1823,#1824,#121,.T.);
#2279=EDGE_CURVE('',#1824,#1825,#982,.T.);
#2280=EDGE_CURVE('',#1825,#1826,#122,.T.);
#2281=EDGE_CURVE('',#1826,#1827,#983,.T.);
#2282=EDGE_CURVE('',#1827,#1828,#123,.T.);
#2283=EDGE_CURVE('',#1828,#1829,#984,.T.);
#2284=EDGE_CURVE('',#1829,#1797,#124,.T.);
#2285=EDGE_CURVE('',#1830,#1830,#125,.T.);
#2286=EDGE_CURVE('',#1831,#1831,#126,.T.);
#2287=EDGE_CURVE('',#1832,#1832,#127,.T.);
#2288=EDGE_CURVE('',#1833,#1833,#128,.T.);
#2289=EDGE_CURVE('',#1834,#1834,#129,.T.);
#2290=EDGE_CURVE('',#1835,#1835,#130,.T.);
#2291=EDGE_CURVE('',#1836,#1796,#985,.T.);
#2292=EDGE_CURVE('',#1836,#1837,#986,.F.);
#2293=EDGE_CURVE('',#1837,#1838,#987,.T.);
#2294=EDGE_CURVE('',#1838,#1798,#988,.F.);
#2295=EDGE_CURVE('',#1780,#1839,#989,.F.);
#2296=EDGE_CURVE('',#1839,#1822,#990,.T.);
#2297=EDGE_CURVE('',#1821,#1781,#991,.F.);
#2298=EDGE_CURVE('',#1606,#1840,#992,.T.);
#2299=EDGE_CURVE('',#1841,#1840,#993,.F.);
#2300=EDGE_CURVE('',#1842,#1841,#994,.T.);
#2301=EDGE_CURVE('',#1842,#1606,#995,.T.);
#2302=EDGE_CURVE('',#1621,#1620,#182,.F.);
#2303=EDGE_CURVE('',#1625,#1843,#996,.T.);
#2304=EDGE_CURVE('',#1843,#1841,#131,.T.);
#2305=EDGE_CURVE('',#1840,#1605,#183,.F.);
#2306=EDGE_CURVE('',#1609,#1608,#184,.F.);
#2307=EDGE_CURVE('',#1608,#1844,#185,.F.);
#2308=EDGE_CURVE('',#1844,#1622,#997,.F.);
#2309=EDGE_CURVE('',#1597,#1596,#998,.F.);
#2310=EDGE_CURVE('',#1618,#1617,#186,.F.);
#2311=EDGE_CURVE('',#1845,#1846,#999,.T.);
#2312=EDGE_CURVE('',#1845,#1847,#132,.F.);
#2313=EDGE_CURVE('',#1847,#1848,#1000,.T.);
#2314=EDGE_CURVE('',#1848,#1849,#133,.T.);
#2315=EDGE_CURVE('',#1849,#1850,#1001,.T.);
#2316=EDGE_CURVE('',#1850,#1851,#134,.T.);
#2317=EDGE_CURVE('',#1852,#1851,#1002,.T.);
#2318=EDGE_CURVE('',#1852,#1682,#1003,.T.);
#2319=EDGE_CURVE('',#1846,#1681,#1004,.T.);
#2320=EDGE_CURVE('',#1853,#1854,#1005,.T.);
#2321=EDGE_CURVE('',#1854,#1855,#135,.F.);
#2322=EDGE_CURVE('',#1856,#1855,#1006,.T.);
#2323=EDGE_CURVE('',#1856,#1684,#1007,.T.);
#2324=EDGE_CURVE('',#1857,#1683,#1008,.T.);
#2325=EDGE_CURVE('',#1858,#1857,#1009,.T.);
#2326=EDGE_CURVE('',#1858,#1859,#136,.T.);
#2327=EDGE_CURVE('',#1859,#1860,#1010,.T.);
#2328=EDGE_CURVE('',#1860,#1853,#137,.T.);
#2329=EDGE_CURVE('',#1806,#1861,#1011,.F.);
#2330=EDGE_CURVE('',#1862,#1861,#1012,.T.);
#2331=EDGE_CURVE('',#1807,#1862,#1013,.F.);
#2332=EDGE_CURVE('',#1816,#1730,#1014,.T.);
#2333=EDGE_CURVE('',#1815,#1785,#1015,.F.);
#2334=EDGE_CURVE('',#1784,#1729,#1016,.F.);
#2335=EDGE_CURVE('',#1733,#1820,#1017,.T.);
#2336=EDGE_CURVE('',#1819,#1734,#1018,.T.);
#2337=EDGE_CURVE('',#1799,#1721,#1019,.T.);
#2338=EDGE_CURVE('',#1800,#1722,#1020,.T.);
#2339=EDGE_CURVE('',#1863,#1864,#1021,.T.);
#2340=EDGE_CURVE('',#1863,#1804,#1022,.T.);
#2341=EDGE_CURVE('',#1803,#1726,#1023,.T.);
#2342=EDGE_CURVE('',#1725,#1864,#1024,.F.);
#2343=EDGE_CURVE('',#1777,#1776,#1025,.F.);
#2344=EDGE_CURVE('',#1670,#1779,#138,.F.);
#2345=EDGE_CURVE('',#1837,#1865,#1026,.T.);
#2346=EDGE_CURVE('',#1862,#1865,#1027,.T.);
#2347=EDGE_CURVE('',#1866,#1861,#1028,.T.);
#2348=EDGE_CURVE('',#1866,#1863,#139,.T.);
#2349=EDGE_CURVE('',#1864,#1867,#140,.F.);
#2350=EDGE_CURVE('',#1868,#1867,#1029,.T.);
#2351=EDGE_CURVE('',#1868,#1838,#141,.F.);
#2352=EDGE_CURVE('',#1869,#1869,#142,.F.);
#2353=EDGE_CURVE('',#1870,#1636,#1030,.T.);
#2354=EDGE_CURVE('',#1843,#1870,#1031,.T.);
#2355=EDGE_CURVE('',#1602,#1624,#1032,.F.);
#2356=EDGE_CURVE('',#1637,#1601,#1033,.F.);
#2357=EDGE_CURVE('',#1871,#1871,#143,.T.);
#2358=EDGE_CURVE('',#1872,#1872,#144,.T.);
#2359=EDGE_CURVE('',#1873,#1873,#145,.T.);
#2360=EDGE_CURVE('',#1874,#1874,#146,.T.);
#2361=EDGE_CURVE('',#1640,#1875,#1034,.T.);
#2362=EDGE_CURVE('',#1556,#1875,#1035,.T.);
#2363=EDGE_CURVE('',#1875,#1842,#187,.T.);
#2364=EDGE_CURVE('',#1808,#1870,#1036,.T.);
#2365=EDGE_CURVE('',#1865,#1876,#1037,.F.);
#2366=EDGE_CURVE('',#1876,#1677,#1038,.T.);
#2367=EDGE_CURVE('',#1623,#1603,#1039,.T.);
#2368=EDGE_CURVE('',#1844,#1607,#1040,.T.);
#2369=EDGE_CURVE('',#1607,#1639,#1041,.T.);
#2370=EDGE_CURVE('',#1604,#1638,#1042,.T.);
#2371=EDGE_CURVE('',#1877,#1877,#147,.T.);
#2372=EDGE_CURVE('',#1878,#1878,#148,.T.);
#2373=EDGE_CURVE('',#1879,#1879,#149,.T.);
#2374=EDGE_CURVE('',#1880,#1880,#150,.T.);
#2375=EDGE_CURVE('',#1600,#1599,#188,.F.);
#2376=EDGE_CURVE('',#1615,#1614,#189,.F.);
#2377=EDGE_CURVE('',#1612,#1611,#190,.F.);
#2378=EDGE_CURVE('',#1628,#1627,#1043,.T.);
#2379=EDGE_CURVE('',#1801,#1728,#1044,.T.);
#2380=EDGE_CURVE('',#1802,#1727,#1045,.T.);
#2381=EDGE_CURVE('',#1817,#1736,#1046,.T.);
#2382=EDGE_CURVE('',#1818,#1735,#1047,.T.);
#2383=EDGE_CURVE('',#1881,#1678,#1048,.T.);
#2384=EDGE_CURVE('',#1881,#1882,#1049,.T.);
#2385=EDGE_CURVE('',#1882,#1688,#1050,.T.);
#2386=EDGE_CURVE('',#1687,#1883,#191,.F.);
#2387=EDGE_CURVE('',#1679,#1883,#1051,.F.);
#2388=EDGE_CURVE('',#1876,#1881,#1052,.F.);
#2389=EDGE_CURVE('',#1884,#1689,#1053,.T.);
#2390=EDGE_CURVE('',#1884,#1631,#1054,.F.);
#2391=EDGE_CURVE('',#1882,#1884,#1055,.T.);
#2392=EDGE_CURVE('',#1812,#1885,#192,.T.);
#2393=EDGE_CURVE('',#1885,#1811,#193,.T.);
#2394=EDGE_CURVE('',#1810,#1886,#194,.T.);
#2395=EDGE_CURVE('',#1886,#1809,#195,.T.);
#2396=EDGE_CURVE('',#1787,#1813,#1056,.F.);
#2397=EDGE_CURVE('',#1867,#1724,#1057,.T.);
#2398=EDGE_CURVE('',#1723,#1868,#1058,.F.);
#2399=EDGE_CURVE('',#1731,#1783,#1059,.T.);
#2400=EDGE_CURVE('',#1782,#1732,#1060,.F.);
#2401=EDGE_CURVE('',#1846,#1887,#1061,.T.);
#2402=EDGE_CURVE('',#1887,#1680,#1062,.T.);
#2403=EDGE_CURVE('',#1888,#1888,#151,.T.);
#2404=EDGE_CURVE('',#1889,#1890,#1063,.T.);
#2405=EDGE_CURVE('',#1889,#1891,#152,.F.);
#2406=EDGE_CURVE('',#1887,#1891,#1064,.T.);
#2407=EDGE_CURVE('',#1883,#1892,#153,.T.);
#2408=EDGE_CURVE('',#1893,#1892,#1065,.T.);
#2409=EDGE_CURVE('',#1893,#1890,#154,.T.);
#2410=EDGE_CURVE('',#1891,#1845,#1066,.T.);
#2411=EDGE_CURVE('',#1894,#1856,#1067,.T.);
#2412=EDGE_CURVE('',#1894,#1685,#1068,.T.);
#2413=EDGE_CURVE('',#1895,#1895,#155,.T.);
#2414=EDGE_CURVE('',#1896,#1894,#1069,.T.);
#2415=EDGE_CURVE('',#1896,#1897,#156,.F.);
#2416=EDGE_CURVE('',#1898,#1897,#1070,.T.);
#2417=EDGE_CURVE('',#1898,#1899,#157,.T.);
#2418=EDGE_CURVE('',#1900,#1899,#1071,.T.);
#2419=EDGE_CURVE('',#1900,#1686,#158,.T.);
#2420=EDGE_CURVE('',#1855,#1896,#1072,.F.);
#2421=EDGE_CURVE('',#1805,#1866,#1073,.F.);
#2422=EDGE_CURVE('',#1786,#1814,#1074,.T.);
#2423=EDGE_CURVE('',#1897,#1854,#1075,.T.);
#2424=EDGE_CURVE('',#1853,#1898,#1076,.T.);
#2425=EDGE_CURVE('',#1901,#1901,#196,.T.);
#2426=EDGE_CURVE('',#1899,#1860,#1077,.F.);
#2427=EDGE_CURVE('',#1859,#1900,#1078,.T.);
#2428=EDGE_CURVE('',#1849,#1893,#1079,.F.);
#2429=EDGE_CURVE('',#1892,#1850,#1080,.T.);
#2430=EDGE_CURVE('',#1890,#1848,#1081,.T.);
#2431=EDGE_CURVE('',#1847,#1889,#1082,.F.);
#2432=EDGE_CURVE('',#1902,#1902,#197,.T.);
#2433=EDGE_CURVE('',#1857,#1852,#1083,.T.);
#2434=EDGE_CURVE('',#1851,#1858,#1084,.F.);
#2435=EDGE_CURVE('',#1902,#1888,#1085,.T.);
#2436=EDGE_CURVE('',#1901,#1895,#1086,.T.);
#2437=EDGE_CURVE('',#1737,#1830,#1087,.T.);
#2438=EDGE_CURVE('',#1738,#1831,#1088,.T.);
#2439=EDGE_CURVE('',#1739,#1832,#1089,.T.);
#2440=EDGE_CURVE('',#1740,#1833,#1090,.T.);
#2441=EDGE_CURVE('',#1886,#1674,#1091,.T.);
#2442=EDGE_CURVE('',#1885,#1665,#1092,.T.);
#2443=EDGE_CURVE('',#1834,#1741,#1093,.T.);
#2444=EDGE_CURVE('',#1835,#1708,#1094,.T.);
#2445=EDGE_CURVE('',#1791,#1903,#198,.F.);
#2446=EDGE_CURVE('',#1903,#1709,#1095,.T.);
#2447=EDGE_CURVE('',#1903,#1792,#199,.F.);
#2448=EDGE_CURVE('',#1794,#1904,#200,.F.);
#2449=EDGE_CURVE('',#1904,#1711,#1096,.T.);
#2450=EDGE_CURVE('',#1904,#1795,#201,.F.);
#2451=EDGE_CURVE('',#1869,#1710,#1097,.T.);
#2452=EDGE_CURVE('',#1788,#1712,#1098,.T.);
#2453=EDGE_CURVE('',#1905,#1905,#159,.T.);
#2454=EDGE_CURVE('',#1905,#1880,#1099,.T.);
#2455=EDGE_CURVE('',#1906,#1906,#160,.T.);
#2456=EDGE_CURVE('',#1906,#1879,#1100,.T.);
#2457=EDGE_CURVE('',#1907,#1907,#161,.T.);
#2458=EDGE_CURVE('',#1907,#1878,#1101,.T.);
#2459=EDGE_CURVE('',#1908,#1908,#162,.T.);
#2460=EDGE_CURVE('',#1908,#1877,#1102,.T.);
#2461=EDGE_CURVE('',#1909,#1909,#163,.T.);
#2462=EDGE_CURVE('',#1909,#1874,#1103,.T.);
#2463=EDGE_CURVE('',#1910,#1910,#164,.T.);
#2464=EDGE_CURVE('',#1910,#1873,#1104,.T.);
#2465=EDGE_CURVE('',#1911,#1911,#165,.T.);
#2466=EDGE_CURVE('',#1911,#1872,#1105,.T.);
#2467=EDGE_CURVE('',#1912,#1912,#166,.T.);
#2468=EDGE_CURVE('',#1912,#1871,#1106,.T.);
#2469=EDGE_CURVE('',#1839,#1790,#1107,.F.);
#2470=EDGE_CURVE('',#1789,#1836,#1108,.F.);
#2471=EDGE_CURVE('',#1797,#1713,#1109,.T.);
#2472=EDGE_CURVE('',#1714,#1823,#1110,.F.);
#2473=EDGE_CURVE('',#1715,#1829,#1111,.F.);
#2474=EDGE_CURVE('',#1828,#1716,#1112,.T.);
#2475=EDGE_CURVE('',#1717,#1827,#1113,.F.);
#2476=EDGE_CURVE('',#1826,#1718,#1114,.T.);
#2477=EDGE_CURVE('',#1719,#1825,#1115,.F.);
#2478=EDGE_CURVE('',#1824,#1720,#1116,.T.);
#2479=EDGE_CURVE('',#1882,#1793,#1117,.F.);
#2480=ORIENTED_EDGE('',*,*,#1913,.T.);
#2481=ORIENTED_EDGE('',*,*,#1914,.F.);
#2482=ORIENTED_EDGE('',*,*,#1915,.T.);
#2483=ORIENTED_EDGE('',*,*,#1916,.T.);
#2484=ORIENTED_EDGE('',*,*,#1913,.F.);
#2485=ORIENTED_EDGE('',*,*,#1917,.F.);
#2486=ORIENTED_EDGE('',*,*,#1918,.F.);
#2487=ORIENTED_EDGE('',*,*,#1919,.F.);
#2488=ORIENTED_EDGE('',*,*,#1916,.F.);
#2489=ORIENTED_EDGE('',*,*,#1920,.F.);
#2490=ORIENTED_EDGE('',*,*,#1921,.T.);
#2491=ORIENTED_EDGE('',*,*,#1917,.T.);
#2492=ORIENTED_EDGE('',*,*,#1922,.T.);
#2493=ORIENTED_EDGE('',*,*,#1923,.T.);
#2494=ORIENTED_EDGE('',*,*,#1924,.T.);
#2495=ORIENTED_EDGE('',*,*,#1925,.T.);
#2496=ORIENTED_EDGE('',*,*,#1922,.F.);
#2497=ORIENTED_EDGE('',*,*,#1926,.T.);
#2498=ORIENTED_EDGE('',*,*,#1927,.T.);
#2499=ORIENTED_EDGE('',*,*,#1928,.F.);
#2500=ORIENTED_EDGE('',*,*,#1929,.F.);
#2501=ORIENTED_EDGE('',*,*,#1930,.F.);
#2502=ORIENTED_EDGE('',*,*,#1931,.F.);
#2503=ORIENTED_EDGE('',*,*,#1932,.F.);
#2504=ORIENTED_EDGE('',*,*,#1933,.F.);
#2505=ORIENTED_EDGE('',*,*,#1934,.F.);
#2506=ORIENTED_EDGE('',*,*,#1935,.F.);
#2507=ORIENTED_EDGE('',*,*,#1936,.F.);
#2508=ORIENTED_EDGE('',*,*,#1937,.F.);
#2509=ORIENTED_EDGE('',*,*,#1938,.F.);
#2510=ORIENTED_EDGE('',*,*,#1939,.F.);
#2511=ORIENTED_EDGE('',*,*,#1940,.F.);
#2512=ORIENTED_EDGE('',*,*,#1941,.F.);
#2513=ORIENTED_EDGE('',*,*,#1942,.F.);
#2514=ORIENTED_EDGE('',*,*,#1943,.F.);
#2515=ORIENTED_EDGE('',*,*,#1944,.F.);
#2516=ORIENTED_EDGE('',*,*,#1945,.F.);
#2517=ORIENTED_EDGE('',*,*,#1946,.F.);
#2518=ORIENTED_EDGE('',*,*,#1947,.F.);
#2519=ORIENTED_EDGE('',*,*,#1948,.F.);
#2520=ORIENTED_EDGE('',*,*,#1949,.F.);
#2521=ORIENTED_EDGE('',*,*,#1950,.F.);
#2522=ORIENTED_EDGE('',*,*,#1951,.F.);
#2523=ORIENTED_EDGE('',*,*,#1952,.F.);
#2524=ORIENTED_EDGE('',*,*,#1953,.F.);
#2525=ORIENTED_EDGE('',*,*,#1954,.F.);
#2526=ORIENTED_EDGE('',*,*,#1955,.F.);
#2527=ORIENTED_EDGE('',*,*,#1956,.F.);
#2528=ORIENTED_EDGE('',*,*,#1957,.F.);
#2529=ORIENTED_EDGE('',*,*,#1958,.F.);
#2530=ORIENTED_EDGE('',*,*,#1959,.F.);
#2531=ORIENTED_EDGE('',*,*,#1960,.F.);
#2532=ORIENTED_EDGE('',*,*,#1961,.F.);
#2533=ORIENTED_EDGE('',*,*,#1962,.F.);
#2534=ORIENTED_EDGE('',*,*,#1963,.T.);
#2535=ORIENTED_EDGE('',*,*,#1964,.T.);
#2536=ORIENTED_EDGE('',*,*,#1926,.F.);
#2537=ORIENTED_EDGE('',*,*,#1925,.F.);
#2538=ORIENTED_EDGE('',*,*,#1923,.F.);
#2539=ORIENTED_EDGE('',*,*,#1938,.T.);
#2540=ORIENTED_EDGE('',*,*,#1965,.F.);
#2541=ORIENTED_EDGE('',*,*,#1966,.F.);
#2542=ORIENTED_EDGE('',*,*,#1967,.T.);
#2543=ORIENTED_EDGE('',*,*,#1919,.T.);
#2544=ORIENTED_EDGE('',*,*,#1968,.F.);
#2545=ORIENTED_EDGE('',*,*,#1969,.F.);
#2546=ORIENTED_EDGE('',*,*,#1914,.T.);
#2547=ORIENTED_EDGE('',*,*,#1929,.T.);
#2548=ORIENTED_EDGE('',*,*,#1970,.F.);
#2549=ORIENTED_EDGE('',*,*,#1971,.F.);
#2550=ORIENTED_EDGE('',*,*,#1972,.T.);
#2551=ORIENTED_EDGE('',*,*,#1931,.T.);
#2552=ORIENTED_EDGE('',*,*,#1973,.F.);
#2553=ORIENTED_EDGE('',*,*,#1974,.F.);
#2554=ORIENTED_EDGE('',*,*,#1975,.F.);
#2555=ORIENTED_EDGE('',*,*,#1969,.T.);
#2556=ORIENTED_EDGE('',*,*,#1976,.F.);
#2557=ORIENTED_EDGE('',*,*,#1977,.F.);
#2558=ORIENTED_EDGE('',*,*,#1978,.F.);
#2559=ORIENTED_EDGE('',*,*,#1971,.T.);
#2560=ORIENTED_EDGE('',*,*,#1979,.F.);
#2561=ORIENTED_EDGE('',*,*,#1980,.F.);
#2562=ORIENTED_EDGE('',*,*,#1963,.F.);
#2563=ORIENTED_EDGE('',*,*,#1924,.F.);
#2564=ORIENTED_EDGE('',*,*,#1967,.F.);
#2565=ORIENTED_EDGE('',*,*,#1981,.F.);
#2566=ORIENTED_EDGE('',*,*,#1982,.F.);
#2567=ORIENTED_EDGE('',*,*,#1920,.T.);
#2568=ORIENTED_EDGE('',*,*,#1915,.F.);
#2569=ORIENTED_EDGE('',*,*,#1970,.T.);
#2570=ORIENTED_EDGE('',*,*,#1928,.T.);
#2571=ORIENTED_EDGE('',*,*,#1983,.F.);
#2572=ORIENTED_EDGE('',*,*,#1979,.T.);
#2573=ORIENTED_EDGE('',*,*,#1941,.T.);
#2574=ORIENTED_EDGE('',*,*,#1984,.F.);
#2575=ORIENTED_EDGE('',*,*,#1985,.F.);
#2576=ORIENTED_EDGE('',*,*,#1986,.T.);
#2577=ORIENTED_EDGE('',*,*,#1940,.T.);
#2578=ORIENTED_EDGE('',*,*,#1987,.F.);
#2579=ORIENTED_EDGE('',*,*,#1988,.F.);
#2580=ORIENTED_EDGE('',*,*,#1984,.T.);
#2581=ORIENTED_EDGE('',*,*,#1944,.T.);
#2582=ORIENTED_EDGE('',*,*,#1989,.F.);
#2583=ORIENTED_EDGE('',*,*,#1990,.F.);
#2584=ORIENTED_EDGE('',*,*,#1991,.T.);
#2585=ORIENTED_EDGE('',*,*,#1943,.T.);
#2586=ORIENTED_EDGE('',*,*,#1992,.F.);
#2587=ORIENTED_EDGE('',*,*,#1993,.T.);
#2588=ORIENTED_EDGE('',*,*,#1994,.F.);
#2589=ORIENTED_EDGE('',*,*,#1995,.T.);
#2590=ORIENTED_EDGE('',*,*,#1996,.F.);
#2591=ORIENTED_EDGE('',*,*,#1997,.T.);
#2592=ORIENTED_EDGE('',*,*,#1989,.T.);
#2593=ORIENTED_EDGE('',*,*,#1947,.T.);
#2594=ORIENTED_EDGE('',*,*,#1998,.F.);
#2595=ORIENTED_EDGE('',*,*,#1999,.F.);
#2596=ORIENTED_EDGE('',*,*,#2000,.F.);
#2597=ORIENTED_EDGE('',*,*,#2001,.T.);
#2598=ORIENTED_EDGE('',*,*,#2002,.T.);
#2599=ORIENTED_EDGE('',*,*,#1946,.T.);
#2600=ORIENTED_EDGE('',*,*,#2003,.F.);
#2601=ORIENTED_EDGE('',*,*,#2004,.F.);
#2602=ORIENTED_EDGE('',*,*,#1998,.T.);
#2603=ORIENTED_EDGE('',*,*,#1950,.T.);
#2604=ORIENTED_EDGE('',*,*,#2005,.F.);
#2605=ORIENTED_EDGE('',*,*,#2006,.F.);
#2606=ORIENTED_EDGE('',*,*,#2007,.T.);
#2607=ORIENTED_EDGE('',*,*,#1949,.T.);
#2608=ORIENTED_EDGE('',*,*,#2008,.F.);
#2609=ORIENTED_EDGE('',*,*,#2009,.F.);
#2610=ORIENTED_EDGE('',*,*,#2005,.T.);
#2611=ORIENTED_EDGE('',*,*,#1953,.T.);
#2612=ORIENTED_EDGE('',*,*,#2010,.F.);
#2613=ORIENTED_EDGE('',*,*,#2011,.F.);
#2614=ORIENTED_EDGE('',*,*,#2012,.T.);
#2615=ORIENTED_EDGE('',*,*,#1952,.T.);
#2616=ORIENTED_EDGE('',*,*,#2013,.F.);
#2617=ORIENTED_EDGE('',*,*,#2014,.F.);
#2618=ORIENTED_EDGE('',*,*,#2010,.T.);
#2619=ORIENTED_EDGE('',*,*,#1956,.T.);
#2620=ORIENTED_EDGE('',*,*,#2015,.F.);
#2621=ORIENTED_EDGE('',*,*,#2016,.F.);
#2622=ORIENTED_EDGE('',*,*,#2017,.T.);
#2623=ORIENTED_EDGE('',*,*,#1955,.T.);
#2624=ORIENTED_EDGE('',*,*,#2018,.F.);
#2625=ORIENTED_EDGE('',*,*,#2019,.F.);
#2626=ORIENTED_EDGE('',*,*,#2015,.T.);
#2627=ORIENTED_EDGE('',*,*,#1959,.T.);
#2628=ORIENTED_EDGE('',*,*,#2020,.F.);
#2629=ORIENTED_EDGE('',*,*,#2021,.F.);
#2630=ORIENTED_EDGE('',*,*,#2022,.T.);
#2631=ORIENTED_EDGE('',*,*,#1958,.T.);
#2632=ORIENTED_EDGE('',*,*,#2023,.F.);
#2633=ORIENTED_EDGE('',*,*,#2024,.T.);
#2634=ORIENTED_EDGE('',*,*,#2025,.F.);
#2635=ORIENTED_EDGE('',*,*,#2026,.T.);
#2636=ORIENTED_EDGE('',*,*,#2027,.F.);
#2637=ORIENTED_EDGE('',*,*,#2028,.T.);
#2638=ORIENTED_EDGE('',*,*,#2020,.T.);
#2639=ORIENTED_EDGE('',*,*,#1962,.T.);
#2640=ORIENTED_EDGE('',*,*,#2029,.F.);
#2641=ORIENTED_EDGE('',*,*,#2030,.F.);
#2642=ORIENTED_EDGE('',*,*,#2031,.T.);
#2643=ORIENTED_EDGE('',*,*,#1961,.T.);
#2644=ORIENTED_EDGE('',*,*,#2032,.F.);
#2645=ORIENTED_EDGE('',*,*,#2033,.F.);
#2646=ORIENTED_EDGE('',*,*,#2029,.T.);
#2647=ORIENTED_EDGE('',*,*,#1934,.T.);
#2648=ORIENTED_EDGE('',*,*,#2034,.T.);
#2649=ORIENTED_EDGE('',*,*,#2035,.F.);
#2650=ORIENTED_EDGE('',*,*,#2036,.F.);
#2651=ORIENTED_EDGE('',*,*,#2037,.T.);
#2652=ORIENTED_EDGE('',*,*,#2038,.T.);
#2653=ORIENTED_EDGE('',*,*,#2039,.T.);
#2654=ORIENTED_EDGE('',*,*,#2040,.F.);
#2655=ORIENTED_EDGE('',*,*,#2041,.F.);
#2656=ORIENTED_EDGE('',*,*,#2042,.T.);
#2657=ORIENTED_EDGE('',*,*,#2043,.F.);
#2658=ORIENTED_EDGE('',*,*,#2044,.T.);
#2659=ORIENTED_EDGE('',*,*,#2045,.T.);
#2660=ORIENTED_EDGE('',*,*,#2046,.F.);
#2661=ORIENTED_EDGE('',*,*,#1933,.T.);
#2662=ORIENTED_EDGE('',*,*,#2047,.T.);
#2663=ORIENTED_EDGE('',*,*,#2048,.T.);
#2664=ORIENTED_EDGE('',*,*,#2049,.T.);
#2665=ORIENTED_EDGE('',*,*,#2050,.T.);
#2666=ORIENTED_EDGE('',*,*,#2051,.F.);
#2667=ORIENTED_EDGE('',*,*,#2052,.T.);
#2668=ORIENTED_EDGE('',*,*,#2053,.F.);
#2669=ORIENTED_EDGE('',*,*,#2034,.F.);
#2670=ORIENTED_EDGE('',*,*,#1975,.T.);
#2671=ORIENTED_EDGE('',*,*,#2054,.T.);
#2672=ORIENTED_EDGE('',*,*,#2048,.F.);
#2673=ORIENTED_EDGE('',*,*,#2047,.F.);
#2674=ORIENTED_EDGE('',*,*,#1932,.T.);
#2675=ORIENTED_EDGE('',*,*,#1927,.F.);
#2676=ORIENTED_EDGE('',*,*,#1964,.F.);
#2677=ORIENTED_EDGE('',*,*,#1980,.T.);
#2678=ORIENTED_EDGE('',*,*,#1983,.T.);
#2679=ORIENTED_EDGE('',*,*,#2055,.F.);
#2680=ORIENTED_EDGE('',*,*,#2056,.T.);
#2681=ORIENTED_EDGE('',*,*,#2057,.T.);
#2682=ORIENTED_EDGE('',*,*,#2058,.T.);
#2683=ORIENTED_EDGE('',*,*,#2056,.F.);
#2684=ORIENTED_EDGE('',*,*,#2059,.F.);
#2685=ORIENTED_EDGE('',*,*,#2060,.F.);
#2686=ORIENTED_EDGE('',*,*,#2061,.F.);
#2687=ORIENTED_EDGE('',*,*,#2062,.F.);
#2688=ORIENTED_EDGE('',*,*,#2063,.T.);
#2689=ORIENTED_EDGE('',*,*,#2064,.T.);
#2690=ORIENTED_EDGE('',*,*,#2065,.T.);
#2691=ORIENTED_EDGE('',*,*,#2063,.F.);
#2692=ORIENTED_EDGE('',*,*,#2066,.F.);
#2693=ORIENTED_EDGE('',*,*,#2067,.F.);
#2694=ORIENTED_EDGE('',*,*,#2068,.F.);
#2695=ORIENTED_EDGE('',*,*,#2069,.F.);
#2696=ORIENTED_EDGE('',*,*,#2070,.T.);
#2697=ORIENTED_EDGE('',*,*,#2071,.T.);
#2698=ORIENTED_EDGE('',*,*,#2067,.T.);
#2699=ORIENTED_EDGE('',*,*,#2070,.F.);
#2700=ORIENTED_EDGE('',*,*,#2072,.F.);
#2701=ORIENTED_EDGE('',*,*,#2073,.F.);
#2702=ORIENTED_EDGE('',*,*,#2074,.F.);
#2703=ORIENTED_EDGE('',*,*,#2075,.F.);
#2704=ORIENTED_EDGE('',*,*,#2076,.T.);
#2705=ORIENTED_EDGE('',*,*,#2077,.T.);
#2706=ORIENTED_EDGE('',*,*,#2073,.T.);
#2707=ORIENTED_EDGE('',*,*,#2078,.F.);
#2708=ORIENTED_EDGE('',*,*,#2051,.T.);
#2709=ORIENTED_EDGE('',*,*,#2079,.F.);
#2710=ORIENTED_EDGE('',*,*,#2080,.F.);
#2711=ORIENTED_EDGE('',*,*,#2081,.F.);
#2712=ORIENTED_EDGE('',*,*,#2082,.F.);
#2713=ORIENTED_EDGE('',*,*,#2083,.F.);
#2714=ORIENTED_EDGE('',*,*,#2084,.F.);
#2715=ORIENTED_EDGE('',*,*,#2085,.F.);
#2716=ORIENTED_EDGE('',*,*,#2086,.T.);
#2717=ORIENTED_EDGE('',*,*,#2087,.F.);
#2718=ORIENTED_EDGE('',*,*,#2088,.F.);
#2719=ORIENTED_EDGE('',*,*,#2089,.T.);
#2720=ORIENTED_EDGE('',*,*,#2090,.T.);
#2721=ORIENTED_EDGE('',*,*,#2091,.T.);
#2722=ORIENTED_EDGE('',*,*,#2092,.T.);
#2723=ORIENTED_EDGE('',*,*,#2093,.F.);
#2724=ORIENTED_EDGE('',*,*,#2094,.F.);
#2725=ORIENTED_EDGE('',*,*,#2095,.F.);
#2726=ORIENTED_EDGE('',*,*,#2096,.F.);
#2727=ORIENTED_EDGE('',*,*,#2097,.F.);
#2728=ORIENTED_EDGE('',*,*,#2098,.F.);
#2729=ORIENTED_EDGE('',*,*,#2099,.F.);
#2730=ORIENTED_EDGE('',*,*,#2100,.T.);
#2731=ORIENTED_EDGE('',*,*,#2101,.T.);
#2732=ORIENTED_EDGE('',*,*,#2102,.T.);
#2733=ORIENTED_EDGE('',*,*,#2103,.T.);
#2734=ORIENTED_EDGE('',*,*,#2035,.T.);
#2735=ORIENTED_EDGE('',*,*,#2053,.T.);
#2736=ORIENTED_EDGE('',*,*,#2104,.F.);
#2737=ORIENTED_EDGE('',*,*,#2055,.T.);
#2738=ORIENTED_EDGE('',*,*,#2105,.T.);
#2739=ORIENTED_EDGE('',*,*,#2106,.T.);
#2740=ORIENTED_EDGE('',*,*,#2107,.T.);
#2741=ORIENTED_EDGE('',*,*,#2108,.F.);
#2742=ORIENTED_EDGE('',*,*,#2109,.T.);
#2743=ORIENTED_EDGE('',*,*,#2110,.T.);
#2744=ORIENTED_EDGE('',*,*,#2111,.T.);
#2745=ORIENTED_EDGE('',*,*,#2112,.T.);
#2746=ORIENTED_EDGE('',*,*,#2113,.F.);
#2747=ORIENTED_EDGE('',*,*,#2114,.T.);
#2748=ORIENTED_EDGE('',*,*,#2115,.F.);
#2749=ORIENTED_EDGE('',*,*,#2116,.T.);
#2750=ORIENTED_EDGE('',*,*,#2117,.F.);
#2751=ORIENTED_EDGE('',*,*,#2118,.T.);
#2752=ORIENTED_EDGE('',*,*,#2119,.T.);
#2753=ORIENTED_EDGE('',*,*,#2120,.T.);
#2754=ORIENTED_EDGE('',*,*,#2075,.T.);
#2755=ORIENTED_EDGE('',*,*,#2072,.T.);
#2756=ORIENTED_EDGE('',*,*,#2069,.T.);
#2757=ORIENTED_EDGE('',*,*,#2066,.T.);
#2758=ORIENTED_EDGE('',*,*,#2062,.T.);
#2759=ORIENTED_EDGE('',*,*,#2121,.T.);
#2760=ORIENTED_EDGE('',*,*,#2122,.F.);
#2761=ORIENTED_EDGE('',*,*,#2123,.T.);
#2762=ORIENTED_EDGE('',*,*,#2124,.T.);
#2763=ORIENTED_EDGE('',*,*,#2059,.T.);
#2764=ORIENTED_EDGE('',*,*,#2125,.F.);
#2765=ORIENTED_EDGE('',*,*,#2126,.F.);
#2766=ORIENTED_EDGE('',*,*,#2127,.F.);
#2767=ORIENTED_EDGE('',*,*,#2128,.F.);
#2768=ORIENTED_EDGE('',*,*,#2129,.F.);
#2769=ORIENTED_EDGE('',*,*,#2130,.F.);
#2770=ORIENTED_EDGE('',*,*,#2131,.T.);
#2771=ORIENTED_EDGE('',*,*,#2132,.F.);
#2772=ORIENTED_EDGE('',*,*,#2133,.T.);
#2773=ORIENTED_EDGE('',*,*,#2134,.F.);
#2774=ORIENTED_EDGE('',*,*,#2135,.T.);
#2775=ORIENTED_EDGE('',*,*,#2136,.F.);
#2776=ORIENTED_EDGE('',*,*,#2137,.T.);
#2777=ORIENTED_EDGE('',*,*,#2138,.F.);
#2778=ORIENTED_EDGE('',*,*,#2139,.T.);
#2779=ORIENTED_EDGE('',*,*,#2140,.T.);
#2780=ORIENTED_EDGE('',*,*,#2141,.T.);
#2781=ORIENTED_EDGE('',*,*,#2142,.F.);
#2782=ORIENTED_EDGE('',*,*,#2143,.F.);
#2783=ORIENTED_EDGE('',*,*,#2144,.T.);
#2784=ORIENTED_EDGE('',*,*,#2145,.F.);
#2785=ORIENTED_EDGE('',*,*,#2146,.F.);
#2786=ORIENTED_EDGE('',*,*,#2147,.T.);
#2787=ORIENTED_EDGE('',*,*,#2148,.F.);
#2788=ORIENTED_EDGE('',*,*,#2149,.T.);
#2789=ORIENTED_EDGE('',*,*,#2150,.F.);
#2790=ORIENTED_EDGE('',*,*,#2151,.F.);
#2791=ORIENTED_EDGE('',*,*,#2152,.T.);
#2792=ORIENTED_EDGE('',*,*,#2153,.F.);
#2793=ORIENTED_EDGE('',*,*,#2154,.T.);
#2794=ORIENTED_EDGE('',*,*,#2155,.T.);
#2795=ORIENTED_EDGE('',*,*,#2156,.T.);
#2796=ORIENTED_EDGE('',*,*,#2157,.T.);
#2797=ORIENTED_EDGE('',*,*,#2158,.F.);
#2798=ORIENTED_EDGE('',*,*,#2159,.T.);
#2799=ORIENTED_EDGE('',*,*,#2160,.T.);
#2800=ORIENTED_EDGE('',*,*,#2161,.T.);
#2801=ORIENTED_EDGE('',*,*,#2162,.T.);
#2802=ORIENTED_EDGE('',*,*,#2124,.F.);
#2803=ORIENTED_EDGE('',*,*,#2163,.T.);
#2804=ORIENTED_EDGE('',*,*,#2164,.T.);
#2805=ORIENTED_EDGE('',*,*,#2060,.T.);
#2806=ORIENTED_EDGE('',*,*,#2165,.T.);
#2807=ORIENTED_EDGE('',*,*,#2166,.T.);
#2808=ORIENTED_EDGE('',*,*,#2122,.T.);
#2809=ORIENTED_EDGE('',*,*,#2167,.T.);
#2810=ORIENTED_EDGE('',*,*,#2163,.F.);
#2811=ORIENTED_EDGE('',*,*,#2123,.F.);
#2812=ORIENTED_EDGE('',*,*,#2166,.F.);
#2813=ORIENTED_EDGE('',*,*,#2168,.F.);
#2814=ORIENTED_EDGE('',*,*,#2165,.F.);
#2815=ORIENTED_EDGE('',*,*,#2169,.T.);
#2816=ORIENTED_EDGE('',*,*,#2064,.F.);
#2817=ORIENTED_EDGE('',*,*,#2068,.T.);
#2818=ORIENTED_EDGE('',*,*,#2071,.F.);
#2819=ORIENTED_EDGE('',*,*,#2074,.T.);
#2820=ORIENTED_EDGE('',*,*,#2077,.F.);
#2821=ORIENTED_EDGE('',*,*,#2170,.T.);
#2822=ORIENTED_EDGE('',*,*,#2171,.T.);
#2823=ORIENTED_EDGE('',*,*,#2172,.T.);
#2824=ORIENTED_EDGE('',*,*,#2173,.F.);
#2825=ORIENTED_EDGE('',*,*,#2174,.T.);
#2826=ORIENTED_EDGE('',*,*,#2175,.F.);
#2827=ORIENTED_EDGE('',*,*,#2176,.T.);
#2828=ORIENTED_EDGE('',*,*,#2177,.F.);
#2829=ORIENTED_EDGE('',*,*,#2178,.T.);
#2830=ORIENTED_EDGE('',*,*,#2179,.T.);
#2831=ORIENTED_EDGE('',*,*,#2180,.T.);
#2832=ORIENTED_EDGE('',*,*,#2181,.T.);
#2833=ORIENTED_EDGE('',*,*,#2182,.F.);
#2834=ORIENTED_EDGE('',*,*,#2183,.T.);
#2835=ORIENTED_EDGE('',*,*,#2184,.T.);
#2836=ORIENTED_EDGE('',*,*,#2185,.T.);
#2837=ORIENTED_EDGE('',*,*,#2057,.F.);
#2838=ORIENTED_EDGE('',*,*,#2061,.T.);
#2839=ORIENTED_EDGE('',*,*,#2164,.F.);
#2840=ORIENTED_EDGE('',*,*,#2168,.T.);
#2841=ORIENTED_EDGE('',*,*,#2177,.T.);
#2842=ORIENTED_EDGE('',*,*,#2186,.T.);
#2843=ORIENTED_EDGE('',*,*,#2113,.T.);
#2844=ORIENTED_EDGE('',*,*,#2187,.T.);
#2845=ORIENTED_EDGE('',*,*,#2186,.F.);
#2846=ORIENTED_EDGE('',*,*,#2176,.F.);
#2847=ORIENTED_EDGE('',*,*,#2188,.F.);
#2848=ORIENTED_EDGE('',*,*,#2114,.F.);
#2849=ORIENTED_EDGE('',*,*,#2175,.T.);
#2850=ORIENTED_EDGE('',*,*,#2189,.T.);
#2851=ORIENTED_EDGE('',*,*,#2115,.T.);
#2852=ORIENTED_EDGE('',*,*,#2188,.T.);
#2853=ORIENTED_EDGE('',*,*,#2189,.F.);
#2854=ORIENTED_EDGE('',*,*,#2174,.F.);
#2855=ORIENTED_EDGE('',*,*,#2190,.F.);
#2856=ORIENTED_EDGE('',*,*,#2116,.F.);
#2857=ORIENTED_EDGE('',*,*,#2173,.T.);
#2858=ORIENTED_EDGE('',*,*,#2191,.T.);
#2859=ORIENTED_EDGE('',*,*,#2117,.T.);
#2860=ORIENTED_EDGE('',*,*,#2190,.T.);
#2861=ORIENTED_EDGE('',*,*,#2191,.F.);
#2862=ORIENTED_EDGE('',*,*,#2172,.F.);
#2863=ORIENTED_EDGE('',*,*,#2192,.F.);
#2864=ORIENTED_EDGE('',*,*,#2118,.F.);
#2865=ORIENTED_EDGE('',*,*,#2182,.T.);
#2866=ORIENTED_EDGE('',*,*,#2193,.T.);
#2867=ORIENTED_EDGE('',*,*,#2108,.T.);
#2868=ORIENTED_EDGE('',*,*,#2194,.T.);
#2869=ORIENTED_EDGE('',*,*,#2194,.F.);
#2870=ORIENTED_EDGE('',*,*,#2107,.F.);
#2871=ORIENTED_EDGE('',*,*,#2195,.T.);
#2872=ORIENTED_EDGE('',*,*,#2183,.F.);
#2873=ORIENTED_EDGE('',*,*,#2065,.F.);
#2874=ORIENTED_EDGE('',*,*,#2169,.F.);
#2875=ORIENTED_EDGE('',*,*,#2167,.F.);
#2876=ORIENTED_EDGE('',*,*,#2121,.F.);
#2877=ORIENTED_EDGE('',*,*,#2058,.F.);
#2878=ORIENTED_EDGE('',*,*,#2185,.F.);
#2879=ORIENTED_EDGE('',*,*,#2196,.F.);
#2880=ORIENTED_EDGE('',*,*,#2105,.F.);
#2881=ORIENTED_EDGE('',*,*,#2106,.F.);
#2882=ORIENTED_EDGE('',*,*,#2196,.T.);
#2883=ORIENTED_EDGE('',*,*,#2184,.F.);
#2884=ORIENTED_EDGE('',*,*,#2195,.F.);
#2885=ORIENTED_EDGE('',*,*,#2193,.F.);
#2886=ORIENTED_EDGE('',*,*,#2181,.F.);
#2887=ORIENTED_EDGE('',*,*,#2197,.F.);
#2888=ORIENTED_EDGE('',*,*,#2109,.F.);
#2889=ORIENTED_EDGE('',*,*,#2110,.F.);
#2890=ORIENTED_EDGE('',*,*,#2197,.T.);
#2891=ORIENTED_EDGE('',*,*,#2180,.F.);
#2892=ORIENTED_EDGE('',*,*,#2198,.F.);
#2893=ORIENTED_EDGE('',*,*,#2111,.F.);
#2894=ORIENTED_EDGE('',*,*,#2198,.T.);
#2895=ORIENTED_EDGE('',*,*,#2179,.F.);
#2896=ORIENTED_EDGE('',*,*,#2199,.F.);
#2897=ORIENTED_EDGE('',*,*,#2187,.F.);
#2898=ORIENTED_EDGE('',*,*,#2112,.F.);
#2899=ORIENTED_EDGE('',*,*,#2199,.T.);
#2900=ORIENTED_EDGE('',*,*,#2178,.F.);
#2901=ORIENTED_EDGE('',*,*,#2119,.F.);
#2902=ORIENTED_EDGE('',*,*,#2192,.T.);
#2903=ORIENTED_EDGE('',*,*,#2171,.F.);
#2904=ORIENTED_EDGE('',*,*,#2200,.F.);
#2905=ORIENTED_EDGE('',*,*,#2076,.F.);
#2906=ORIENTED_EDGE('',*,*,#2120,.F.);
#2907=ORIENTED_EDGE('',*,*,#2200,.T.);
#2908=ORIENTED_EDGE('',*,*,#2170,.F.);
#2909=ORIENTED_EDGE('',*,*,#2201,.F.);
#2910=ORIENTED_EDGE('',*,*,#2202,.T.);
#2911=ORIENTED_EDGE('',*,*,#2162,.F.);
#2912=ORIENTED_EDGE('',*,*,#2202,.F.);
#2913=ORIENTED_EDGE('',*,*,#2201,.T.);
#2914=ORIENTED_EDGE('',*,*,#1974,.T.);
#2915=ORIENTED_EDGE('',*,*,#2203,.F.);
#2916=ORIENTED_EDGE('',*,*,#2049,.F.);
#2917=ORIENTED_EDGE('',*,*,#2054,.F.);
#2918=ORIENTED_EDGE('',*,*,#2161,.F.);
#2919=ORIENTED_EDGE('',*,*,#2204,.T.);
#2920=ORIENTED_EDGE('',*,*,#2205,.T.);
#2921=ORIENTED_EDGE('',*,*,#2204,.F.);
#2922=ORIENTED_EDGE('',*,*,#2205,.F.);
#2923=ORIENTED_EDGE('',*,*,#2160,.F.);
#2924=ORIENTED_EDGE('',*,*,#2206,.T.);
#2925=ORIENTED_EDGE('',*,*,#2207,.T.);
#2926=ORIENTED_EDGE('',*,*,#2206,.F.);
#2927=ORIENTED_EDGE('',*,*,#2207,.F.);
#2928=ORIENTED_EDGE('',*,*,#2159,.F.);
#2929=ORIENTED_EDGE('',*,*,#2208,.T.);
#2930=ORIENTED_EDGE('',*,*,#2209,.T.);
#2931=ORIENTED_EDGE('',*,*,#2208,.F.);
#2932=ORIENTED_EDGE('',*,*,#2209,.F.);
#2933=ORIENTED_EDGE('',*,*,#2210,.F.);
#2934=ORIENTED_EDGE('',*,*,#2211,.F.);
#2935=ORIENTED_EDGE('',*,*,#2212,.F.);
#2936=ORIENTED_EDGE('',*,*,#2213,.F.);
#2937=ORIENTED_EDGE('',*,*,#1976,.T.);
#2938=ORIENTED_EDGE('',*,*,#1968,.T.);
#2939=ORIENTED_EDGE('',*,*,#1918,.T.);
#2940=ORIENTED_EDGE('',*,*,#1921,.F.);
#2941=ORIENTED_EDGE('',*,*,#1982,.T.);
#2942=ORIENTED_EDGE('',*,*,#2214,.F.);
#2943=ORIENTED_EDGE('',*,*,#2085,.T.);
#2944=ORIENTED_EDGE('',*,*,#2215,.F.);
#2945=ORIENTED_EDGE('',*,*,#2213,.T.);
#2946=ORIENTED_EDGE('',*,*,#2216,.F.);
#2947=ORIENTED_EDGE('',*,*,#2217,.F.);
#2948=ORIENTED_EDGE('',*,*,#2218,.F.);
#2949=ORIENTED_EDGE('',*,*,#2219,.F.);
#2950=ORIENTED_EDGE('',*,*,#2220,.F.);
#2951=ORIENTED_EDGE('',*,*,#2203,.T.);
#2952=ORIENTED_EDGE('',*,*,#1973,.T.);
#2953=ORIENTED_EDGE('',*,*,#1930,.T.);
#2954=ORIENTED_EDGE('',*,*,#1972,.F.);
#2955=ORIENTED_EDGE('',*,*,#1978,.T.);
#2956=ORIENTED_EDGE('',*,*,#2221,.T.);
#2957=ORIENTED_EDGE('',*,*,#2218,.T.);
#2958=ORIENTED_EDGE('',*,*,#2222,.F.);
#2959=ORIENTED_EDGE('',*,*,#2079,.T.);
#2960=ORIENTED_EDGE('',*,*,#2050,.F.);
#2961=ORIENTED_EDGE('',*,*,#2211,.T.);
#2962=ORIENTED_EDGE('',*,*,#2223,.F.);
#2963=ORIENTED_EDGE('',*,*,#2224,.F.);
#2964=ORIENTED_EDGE('',*,*,#2220,.T.);
#2965=ORIENTED_EDGE('',*,*,#2225,.T.);
#2966=ORIENTED_EDGE('',*,*,#2226,.F.);
#2967=ORIENTED_EDGE('',*,*,#2081,.T.);
#2968=ORIENTED_EDGE('',*,*,#2227,.F.);
#2969=ORIENTED_EDGE('',*,*,#2228,.F.);
#2970=ORIENTED_EDGE('',*,*,#1937,.T.);
#2971=ORIENTED_EDGE('',*,*,#2229,.F.);
#2972=ORIENTED_EDGE('',*,*,#2089,.F.);
#2973=ORIENTED_EDGE('',*,*,#2230,.T.);
#2974=ORIENTED_EDGE('',*,*,#2086,.F.);
#2975=ORIENTED_EDGE('',*,*,#2214,.T.);
#2976=ORIENTED_EDGE('',*,*,#1981,.T.);
#2977=ORIENTED_EDGE('',*,*,#1966,.T.);
#2978=ORIENTED_EDGE('',*,*,#1965,.T.);
#2979=ORIENTED_EDGE('',*,*,#2082,.T.);
#2980=ORIENTED_EDGE('',*,*,#2228,.T.);
#2981=ORIENTED_EDGE('',*,*,#2231,.F.);
#2982=ORIENTED_EDGE('',*,*,#2232,.F.);
#2983=ORIENTED_EDGE('',*,*,#2038,.F.);
#2984=ORIENTED_EDGE('',*,*,#2233,.T.);
#2985=ORIENTED_EDGE('',*,*,#2234,.F.);
#2986=ORIENTED_EDGE('',*,*,#2235,.T.);
#2987=ORIENTED_EDGE('',*,*,#2236,.T.);
#2988=ORIENTED_EDGE('',*,*,#2237,.T.);
#2989=ORIENTED_EDGE('',*,*,#2238,.T.);
#2990=ORIENTED_EDGE('',*,*,#2239,.T.);
#2991=ORIENTED_EDGE('',*,*,#2240,.F.);
#2992=ORIENTED_EDGE('',*,*,#2241,.T.);
#2993=ORIENTED_EDGE('',*,*,#2242,.T.);
#2994=ORIENTED_EDGE('',*,*,#2243,.T.);
#2995=ORIENTED_EDGE('',*,*,#2244,.T.);
#2996=ORIENTED_EDGE('',*,*,#2245,.T.);
#2997=ORIENTED_EDGE('',*,*,#2246,.T.);
#2998=ORIENTED_EDGE('',*,*,#2247,.T.);
#2999=ORIENTED_EDGE('',*,*,#2248,.T.);
#3000=ORIENTED_EDGE('',*,*,#2249,.T.);
#3001=ORIENTED_EDGE('',*,*,#2250,.F.);
#3002=ORIENTED_EDGE('',*,*,#2251,.T.);
#3003=ORIENTED_EDGE('',*,*,#2252,.T.);
#3004=ORIENTED_EDGE('',*,*,#2253,.F.);
#3005=ORIENTED_EDGE('',*,*,#2254,.F.);
#3006=ORIENTED_EDGE('',*,*,#2255,.T.);
#3007=ORIENTED_EDGE('',*,*,#2256,.F.);
#3008=ORIENTED_EDGE('',*,*,#2257,.F.);
#3009=ORIENTED_EDGE('',*,*,#2258,.T.);
#3010=ORIENTED_EDGE('',*,*,#2259,.T.);
#3011=ORIENTED_EDGE('',*,*,#2260,.T.);
#3012=ORIENTED_EDGE('',*,*,#2261,.T.);
#3013=ORIENTED_EDGE('',*,*,#2262,.T.);
#3014=ORIENTED_EDGE('',*,*,#2263,.T.);
#3015=ORIENTED_EDGE('',*,*,#2264,.T.);
#3016=ORIENTED_EDGE('',*,*,#2265,.T.);
#3017=ORIENTED_EDGE('',*,*,#2266,.T.);
#3018=ORIENTED_EDGE('',*,*,#2040,.T.);
#3019=ORIENTED_EDGE('',*,*,#2267,.T.);
#3020=ORIENTED_EDGE('',*,*,#2268,.T.);
#3021=ORIENTED_EDGE('',*,*,#2269,.T.);
#3022=ORIENTED_EDGE('',*,*,#2270,.F.);
#3023=ORIENTED_EDGE('',*,*,#2271,.F.);
#3024=ORIENTED_EDGE('',*,*,#2272,.T.);
#3025=ORIENTED_EDGE('',*,*,#2273,.F.);
#3026=ORIENTED_EDGE('',*,*,#2274,.F.);
#3027=ORIENTED_EDGE('',*,*,#2275,.T.);
#3028=ORIENTED_EDGE('',*,*,#2276,.T.);
#3029=ORIENTED_EDGE('',*,*,#2277,.F.);
#3030=ORIENTED_EDGE('',*,*,#2278,.T.);
#3031=ORIENTED_EDGE('',*,*,#2279,.T.);
#3032=ORIENTED_EDGE('',*,*,#2280,.T.);
#3033=ORIENTED_EDGE('',*,*,#2281,.T.);
#3034=ORIENTED_EDGE('',*,*,#2282,.T.);
#3035=ORIENTED_EDGE('',*,*,#2283,.T.);
#3036=ORIENTED_EDGE('',*,*,#2284,.T.);
#3037=ORIENTED_EDGE('',*,*,#2285,.F.);
#3038=ORIENTED_EDGE('',*,*,#2286,.F.);
#3039=ORIENTED_EDGE('',*,*,#2287,.F.);
#3040=ORIENTED_EDGE('',*,*,#2288,.F.);
#3041=ORIENTED_EDGE('',*,*,#2289,.T.);
#3042=ORIENTED_EDGE('',*,*,#2290,.T.);
#3043=ORIENTED_EDGE('',*,*,#2291,.F.);
#3044=ORIENTED_EDGE('',*,*,#2292,.T.);
#3045=ORIENTED_EDGE('',*,*,#2293,.T.);
#3046=ORIENTED_EDGE('',*,*,#2294,.T.);
#3047=ORIENTED_EDGE('',*,*,#2251,.F.);
#3048=ORIENTED_EDGE('',*,*,#2234,.T.);
#3049=ORIENTED_EDGE('',*,*,#2295,.T.);
#3050=ORIENTED_EDGE('',*,*,#2296,.T.);
#3051=ORIENTED_EDGE('',*,*,#2276,.F.);
#3052=ORIENTED_EDGE('',*,*,#2297,.T.);
#3053=ORIENTED_EDGE('',*,*,#2298,.T.);
#3054=ORIENTED_EDGE('',*,*,#2299,.F.);
#3055=ORIENTED_EDGE('',*,*,#2300,.F.);
#3056=ORIENTED_EDGE('',*,*,#2301,.T.);
#3057=ORIENTED_EDGE('',*,*,#2302,.T.);
#3058=ORIENTED_EDGE('',*,*,#2021,.T.);
#3059=ORIENTED_EDGE('',*,*,#2028,.F.);
#3060=ORIENTED_EDGE('',*,*,#2303,.T.);
#3061=ORIENTED_EDGE('',*,*,#2304,.T.);
#3062=ORIENTED_EDGE('',*,*,#2299,.T.);
#3063=ORIENTED_EDGE('',*,*,#2305,.T.);
#3064=ORIENTED_EDGE('',*,*,#2004,.T.);
#3065=ORIENTED_EDGE('',*,*,#2306,.T.);
#3066=ORIENTED_EDGE('',*,*,#2307,.T.);
#3067=ORIENTED_EDGE('',*,*,#2308,.T.);
#3068=ORIENTED_EDGE('',*,*,#2024,.F.);
#3069=ORIENTED_EDGE('',*,*,#2309,.T.);
#3070=ORIENTED_EDGE('',*,*,#1985,.T.);
#3071=ORIENTED_EDGE('',*,*,#1988,.T.);
#3072=ORIENTED_EDGE('',*,*,#2310,.T.);
#3073=ORIENTED_EDGE('',*,*,#2016,.T.);
#3074=ORIENTED_EDGE('',*,*,#2019,.T.);
#3075=ORIENTED_EDGE('',*,*,#2311,.F.);
#3076=ORIENTED_EDGE('',*,*,#2312,.T.);
#3077=ORIENTED_EDGE('',*,*,#2313,.T.);
#3078=ORIENTED_EDGE('',*,*,#2314,.T.);
#3079=ORIENTED_EDGE('',*,*,#2315,.T.);
#3080=ORIENTED_EDGE('',*,*,#2316,.T.);
#3081=ORIENTED_EDGE('',*,*,#2317,.F.);
#3082=ORIENTED_EDGE('',*,*,#2318,.T.);
#3083=ORIENTED_EDGE('',*,*,#2095,.T.);
#3084=ORIENTED_EDGE('',*,*,#2319,.F.);
#3085=ORIENTED_EDGE('',*,*,#2320,.T.);
#3086=ORIENTED_EDGE('',*,*,#2321,.T.);
#3087=ORIENTED_EDGE('',*,*,#2322,.F.);
#3088=ORIENTED_EDGE('',*,*,#2323,.T.);
#3089=ORIENTED_EDGE('',*,*,#2097,.T.);
#3090=ORIENTED_EDGE('',*,*,#2324,.F.);
#3091=ORIENTED_EDGE('',*,*,#2325,.F.);
#3092=ORIENTED_EDGE('',*,*,#2326,.T.);
#3093=ORIENTED_EDGE('',*,*,#2327,.T.);
#3094=ORIENTED_EDGE('',*,*,#2328,.T.);
#3095=ORIENTED_EDGE('',*,*,#2260,.F.);
#3096=ORIENTED_EDGE('',*,*,#2329,.T.);
#3097=ORIENTED_EDGE('',*,*,#2330,.F.);
#3098=ORIENTED_EDGE('',*,*,#2331,.F.);
#3099=ORIENTED_EDGE('',*,*,#2332,.F.);
#3100=ORIENTED_EDGE('',*,*,#2270,.T.);
#3101=ORIENTED_EDGE('',*,*,#2333,.T.);
#3102=ORIENTED_EDGE('',*,*,#2238,.F.);
#3103=ORIENTED_EDGE('',*,*,#2334,.T.);
#3104=ORIENTED_EDGE('',*,*,#2146,.T.);
#3105=ORIENTED_EDGE('',*,*,#2150,.T.);
#3106=ORIENTED_EDGE('',*,*,#2335,.T.);
#3107=ORIENTED_EDGE('',*,*,#2274,.T.);
#3108=ORIENTED_EDGE('',*,*,#2336,.T.);
#3109=ORIENTED_EDGE('',*,*,#2253,.T.);
#3110=ORIENTED_EDGE('',*,*,#2337,.T.);
#3111=ORIENTED_EDGE('',*,*,#2138,.T.);
#3112=ORIENTED_EDGE('',*,*,#2338,.F.);
#3113=ORIENTED_EDGE('',*,*,#2339,.F.);
#3114=ORIENTED_EDGE('',*,*,#2340,.T.);
#3115=ORIENTED_EDGE('',*,*,#2257,.T.);
#3116=ORIENTED_EDGE('',*,*,#2341,.T.);
#3117=ORIENTED_EDGE('',*,*,#2142,.T.);
#3118=ORIENTED_EDGE('',*,*,#2342,.T.);
#3119=ORIENTED_EDGE('',*,*,#1977,.T.);
#3120=ORIENTED_EDGE('',*,*,#2216,.T.);
#3121=ORIENTED_EDGE('',*,*,#2212,.T.);
#3122=ORIENTED_EDGE('',*,*,#2224,.T.);
#3123=ORIENTED_EDGE('',*,*,#2343,.F.);
#3124=ORIENTED_EDGE('',*,*,#2225,.F.);
#3125=ORIENTED_EDGE('',*,*,#2219,.T.);
#3126=ORIENTED_EDGE('',*,*,#2221,.F.);
#3127=ORIENTED_EDGE('',*,*,#2083,.T.);
#3128=ORIENTED_EDGE('',*,*,#2232,.T.);
#3129=ORIENTED_EDGE('',*,*,#2344,.F.);
#3130=ORIENTED_EDGE('',*,*,#2293,.F.);
#3131=ORIENTED_EDGE('',*,*,#2345,.T.);
#3132=ORIENTED_EDGE('',*,*,#2346,.F.);
#3133=ORIENTED_EDGE('',*,*,#2330,.T.);
#3134=ORIENTED_EDGE('',*,*,#2347,.F.);
#3135=ORIENTED_EDGE('',*,*,#2348,.T.);
#3136=ORIENTED_EDGE('',*,*,#2339,.T.);
#3137=ORIENTED_EDGE('',*,*,#2349,.T.);
#3138=ORIENTED_EDGE('',*,*,#2350,.F.);
#3139=ORIENTED_EDGE('',*,*,#2351,.T.);
#3140=ORIENTED_EDGE('',*,*,#2352,.T.);
#3141=ORIENTED_EDGE('',*,*,#2353,.F.);
#3142=ORIENTED_EDGE('',*,*,#2354,.F.);
#3143=ORIENTED_EDGE('',*,*,#2303,.F.);
#3144=ORIENTED_EDGE('',*,*,#2027,.T.);
#3145=ORIENTED_EDGE('',*,*,#2355,.F.);
#3146=ORIENTED_EDGE('',*,*,#1994,.T.);
#3147=ORIENTED_EDGE('',*,*,#2356,.F.);
#3148=ORIENTED_EDGE('',*,*,#2042,.F.);
#3149=ORIENTED_EDGE('',*,*,#2357,.F.);
#3150=ORIENTED_EDGE('',*,*,#2358,.F.);
#3151=ORIENTED_EDGE('',*,*,#2359,.F.);
#3152=ORIENTED_EDGE('',*,*,#2360,.F.);
#3153=ORIENTED_EDGE('',*,*,#1935,.T.);
#3154=ORIENTED_EDGE('',*,*,#2046,.T.);
#3155=ORIENTED_EDGE('',*,*,#2361,.T.);
#3156=ORIENTED_EDGE('',*,*,#2362,.F.);
#3157=ORIENTED_EDGE('',*,*,#1936,.T.);
#3158=ORIENTED_EDGE('',*,*,#2362,.T.);
#3159=ORIENTED_EDGE('',*,*,#2363,.T.);
#3160=ORIENTED_EDGE('',*,*,#2300,.T.);
#3161=ORIENTED_EDGE('',*,*,#2304,.F.);
#3162=ORIENTED_EDGE('',*,*,#2354,.T.);
#3163=ORIENTED_EDGE('',*,*,#2364,.F.);
#3164=ORIENTED_EDGE('',*,*,#2261,.F.);
#3165=ORIENTED_EDGE('',*,*,#2331,.T.);
#3166=ORIENTED_EDGE('',*,*,#2346,.T.);
#3167=ORIENTED_EDGE('',*,*,#2365,.T.);
#3168=ORIENTED_EDGE('',*,*,#2366,.T.);
#3169=ORIENTED_EDGE('',*,*,#2090,.F.);
#3170=ORIENTED_EDGE('',*,*,#2229,.T.);
#3171=ORIENTED_EDGE('',*,*,#2026,.F.);
#3172=ORIENTED_EDGE('',*,*,#2367,.T.);
#3173=ORIENTED_EDGE('',*,*,#1995,.F.);
#3174=ORIENTED_EDGE('',*,*,#2355,.T.);
#3175=ORIENTED_EDGE('',*,*,#2084,.T.);
#3176=ORIENTED_EDGE('',*,*,#2344,.T.);
#3177=ORIENTED_EDGE('',*,*,#2231,.T.);
#3178=ORIENTED_EDGE('',*,*,#2227,.T.);
#3179=ORIENTED_EDGE('',*,*,#2080,.T.);
#3180=ORIENTED_EDGE('',*,*,#2222,.T.);
#3181=ORIENTED_EDGE('',*,*,#2217,.T.);
#3182=ORIENTED_EDGE('',*,*,#2226,.T.);
#3183=ORIENTED_EDGE('',*,*,#2343,.T.);
#3184=ORIENTED_EDGE('',*,*,#2223,.T.);
#3185=ORIENTED_EDGE('',*,*,#2210,.T.);
#3186=ORIENTED_EDGE('',*,*,#2215,.T.);
#3187=ORIENTED_EDGE('',*,*,#2368,.T.);
#3188=ORIENTED_EDGE('',*,*,#2369,.T.);
#3189=ORIENTED_EDGE('',*,*,#2044,.F.);
#3190=ORIENTED_EDGE('',*,*,#2370,.F.);
#3191=ORIENTED_EDGE('',*,*,#1996,.T.);
#3192=ORIENTED_EDGE('',*,*,#2367,.F.);
#3193=ORIENTED_EDGE('',*,*,#2025,.T.);
#3194=ORIENTED_EDGE('',*,*,#2308,.F.);
#3195=ORIENTED_EDGE('',*,*,#2371,.F.);
#3196=ORIENTED_EDGE('',*,*,#2372,.F.);
#3197=ORIENTED_EDGE('',*,*,#2373,.F.);
#3198=ORIENTED_EDGE('',*,*,#2374,.F.);
#3199=ORIENTED_EDGE('',*,*,#2375,.T.);
#3200=ORIENTED_EDGE('',*,*,#1990,.T.);
#3201=ORIENTED_EDGE('',*,*,#1997,.F.);
#3202=ORIENTED_EDGE('',*,*,#2370,.T.);
#3203=ORIENTED_EDGE('',*,*,#2043,.T.);
#3204=ORIENTED_EDGE('',*,*,#2356,.T.);
#3205=ORIENTED_EDGE('',*,*,#1993,.F.);
#3206=ORIENTED_EDGE('',*,*,#2376,.T.);
#3207=ORIENTED_EDGE('',*,*,#2011,.T.);
#3208=ORIENTED_EDGE('',*,*,#2014,.T.);
#3209=ORIENTED_EDGE('',*,*,#2377,.T.);
#3210=ORIENTED_EDGE('',*,*,#2006,.T.);
#3211=ORIENTED_EDGE('',*,*,#2009,.T.);
#3212=ORIENTED_EDGE('',*,*,#2378,.T.);
#3213=ORIENTED_EDGE('',*,*,#2030,.T.);
#3214=ORIENTED_EDGE('',*,*,#2033,.T.);
#3215=ORIENTED_EDGE('',*,*,#2045,.F.);
#3216=ORIENTED_EDGE('',*,*,#2369,.F.);
#3217=ORIENTED_EDGE('',*,*,#2000,.T.);
#3218=ORIENTED_EDGE('',*,*,#2301,.F.);
#3219=ORIENTED_EDGE('',*,*,#2363,.F.);
#3220=ORIENTED_EDGE('',*,*,#2361,.F.);
#3221=ORIENTED_EDGE('',*,*,#2145,.T.);
#3222=ORIENTED_EDGE('',*,*,#2379,.F.);
#3223=ORIENTED_EDGE('',*,*,#2254,.T.);
#3224=ORIENTED_EDGE('',*,*,#2338,.T.);
#3225=ORIENTED_EDGE('',*,*,#2341,.F.);
#3226=ORIENTED_EDGE('',*,*,#2256,.T.);
#3227=ORIENTED_EDGE('',*,*,#2380,.T.);
#3228=ORIENTED_EDGE('',*,*,#2143,.T.);
#3229=ORIENTED_EDGE('',*,*,#2271,.T.);
#3230=ORIENTED_EDGE('',*,*,#2332,.T.);
#3231=ORIENTED_EDGE('',*,*,#2153,.T.);
#3232=ORIENTED_EDGE('',*,*,#2381,.F.);
#3233=ORIENTED_EDGE('',*,*,#2273,.T.);
#3234=ORIENTED_EDGE('',*,*,#2382,.T.);
#3235=ORIENTED_EDGE('',*,*,#2151,.T.);
#3236=ORIENTED_EDGE('',*,*,#2336,.F.);
#3237=ORIENTED_EDGE('',*,*,#2383,.F.);
#3238=ORIENTED_EDGE('',*,*,#2384,.T.);
#3239=ORIENTED_EDGE('',*,*,#2385,.T.);
#3240=ORIENTED_EDGE('',*,*,#2101,.F.);
#3241=ORIENTED_EDGE('',*,*,#2386,.T.);
#3242=ORIENTED_EDGE('',*,*,#2387,.F.);
#3243=ORIENTED_EDGE('',*,*,#2092,.F.);
#3244=ORIENTED_EDGE('',*,*,#2366,.F.);
#3245=ORIENTED_EDGE('',*,*,#2388,.T.);
#3246=ORIENTED_EDGE('',*,*,#2383,.T.);
#3247=ORIENTED_EDGE('',*,*,#2091,.F.);
#3248=ORIENTED_EDGE('',*,*,#2389,.F.);
#3249=ORIENTED_EDGE('',*,*,#2390,.T.);
#3250=ORIENTED_EDGE('',*,*,#2036,.T.);
#3251=ORIENTED_EDGE('',*,*,#2103,.F.);
#3252=ORIENTED_EDGE('',*,*,#2385,.F.);
#3253=ORIENTED_EDGE('',*,*,#2391,.T.);
#3254=ORIENTED_EDGE('',*,*,#2389,.T.);
#3255=ORIENTED_EDGE('',*,*,#2102,.F.);
#3256=ORIENTED_EDGE('',*,*,#2266,.F.);
#3257=ORIENTED_EDGE('',*,*,#2392,.T.);
#3258=ORIENTED_EDGE('',*,*,#2393,.T.);
#3259=ORIENTED_EDGE('',*,*,#2264,.F.);
#3260=ORIENTED_EDGE('',*,*,#2394,.T.);
#3261=ORIENTED_EDGE('',*,*,#2395,.T.);
#3262=ORIENTED_EDGE('',*,*,#2262,.F.);
#3263=ORIENTED_EDGE('',*,*,#2364,.T.);
#3264=ORIENTED_EDGE('',*,*,#2353,.T.);
#3265=ORIENTED_EDGE('',*,*,#2041,.T.);
#3266=ORIENTED_EDGE('',*,*,#2241,.F.);
#3267=ORIENTED_EDGE('',*,*,#2396,.T.);
#3268=ORIENTED_EDGE('',*,*,#2267,.F.);
#3269=ORIENTED_EDGE('',*,*,#2039,.F.);
#3270=ORIENTED_EDGE('',*,*,#2272,.F.);
#3271=ORIENTED_EDGE('',*,*,#2381,.T.);
#3272=ORIENTED_EDGE('',*,*,#2152,.F.);
#3273=ORIENTED_EDGE('',*,*,#2382,.F.);
#3274=ORIENTED_EDGE('',*,*,#2255,.F.);
#3275=ORIENTED_EDGE('',*,*,#2379,.T.);
#3276=ORIENTED_EDGE('',*,*,#2144,.F.);
#3277=ORIENTED_EDGE('',*,*,#2380,.F.);
#3278=ORIENTED_EDGE('',*,*,#2350,.T.);
#3279=ORIENTED_EDGE('',*,*,#2397,.T.);
#3280=ORIENTED_EDGE('',*,*,#2140,.F.);
#3281=ORIENTED_EDGE('',*,*,#2398,.T.);
#3282=ORIENTED_EDGE('',*,*,#2148,.T.);
#3283=ORIENTED_EDGE('',*,*,#2399,.T.);
#3284=ORIENTED_EDGE('',*,*,#2236,.F.);
#3285=ORIENTED_EDGE('',*,*,#2400,.T.);
#3286=ORIENTED_EDGE('',*,*,#2349,.F.);
#3287=ORIENTED_EDGE('',*,*,#2342,.F.);
#3288=ORIENTED_EDGE('',*,*,#2141,.F.);
#3289=ORIENTED_EDGE('',*,*,#2397,.F.);
#3290=ORIENTED_EDGE('',*,*,#2351,.F.);
#3291=ORIENTED_EDGE('',*,*,#2398,.F.);
#3292=ORIENTED_EDGE('',*,*,#2139,.F.);
#3293=ORIENTED_EDGE('',*,*,#2337,.F.);
#3294=ORIENTED_EDGE('',*,*,#2252,.F.);
#3295=ORIENTED_EDGE('',*,*,#2294,.F.);
#3296=ORIENTED_EDGE('',*,*,#2147,.F.);
#3297=ORIENTED_EDGE('',*,*,#2334,.F.);
#3298=ORIENTED_EDGE('',*,*,#2237,.F.);
#3299=ORIENTED_EDGE('',*,*,#2399,.F.);
#3300=ORIENTED_EDGE('',*,*,#2149,.F.);
#3301=ORIENTED_EDGE('',*,*,#2400,.F.);
#3302=ORIENTED_EDGE('',*,*,#2235,.F.);
#3303=ORIENTED_EDGE('',*,*,#2297,.F.);
#3304=ORIENTED_EDGE('',*,*,#2275,.F.);
#3305=ORIENTED_EDGE('',*,*,#2335,.F.);
#3306=ORIENTED_EDGE('',*,*,#2401,.F.);
#3307=ORIENTED_EDGE('',*,*,#2319,.T.);
#3308=ORIENTED_EDGE('',*,*,#2094,.T.);
#3309=ORIENTED_EDGE('',*,*,#2402,.F.);
#3310=ORIENTED_EDGE('',*,*,#2403,.F.);
#3311=ORIENTED_EDGE('',*,*,#2404,.F.);
#3312=ORIENTED_EDGE('',*,*,#2405,.T.);
#3313=ORIENTED_EDGE('',*,*,#2406,.F.);
#3314=ORIENTED_EDGE('',*,*,#2402,.T.);
#3315=ORIENTED_EDGE('',*,*,#2093,.T.);
#3316=ORIENTED_EDGE('',*,*,#2387,.T.);
#3317=ORIENTED_EDGE('',*,*,#2407,.T.);
#3318=ORIENTED_EDGE('',*,*,#2408,.F.);
#3319=ORIENTED_EDGE('',*,*,#2409,.T.);
#3320=ORIENTED_EDGE('',*,*,#2406,.T.);
#3321=ORIENTED_EDGE('',*,*,#2410,.T.);
#3322=ORIENTED_EDGE('',*,*,#2311,.T.);
#3323=ORIENTED_EDGE('',*,*,#2401,.T.);
#3324=ORIENTED_EDGE('',*,*,#2411,.F.);
#3325=ORIENTED_EDGE('',*,*,#2412,.T.);
#3326=ORIENTED_EDGE('',*,*,#2098,.T.);
#3327=ORIENTED_EDGE('',*,*,#2323,.F.);
#3328=ORIENTED_EDGE('',*,*,#2413,.F.);
#3329=ORIENTED_EDGE('',*,*,#2414,.F.);
#3330=ORIENTED_EDGE('',*,*,#2415,.T.);
#3331=ORIENTED_EDGE('',*,*,#2416,.F.);
#3332=ORIENTED_EDGE('',*,*,#2417,.T.);
#3333=ORIENTED_EDGE('',*,*,#2418,.F.);
#3334=ORIENTED_EDGE('',*,*,#2419,.T.);
#3335=ORIENTED_EDGE('',*,*,#2099,.T.);
#3336=ORIENTED_EDGE('',*,*,#2412,.F.);
#3337=ORIENTED_EDGE('',*,*,#2322,.T.);
#3338=ORIENTED_EDGE('',*,*,#2420,.T.);
#3339=ORIENTED_EDGE('',*,*,#2414,.T.);
#3340=ORIENTED_EDGE('',*,*,#2411,.T.);
#3341=ORIENTED_EDGE('',*,*,#2259,.F.);
#3342=ORIENTED_EDGE('',*,*,#2421,.T.);
#3343=ORIENTED_EDGE('',*,*,#2347,.T.);
#3344=ORIENTED_EDGE('',*,*,#2329,.F.);
#3345=ORIENTED_EDGE('',*,*,#2240,.T.);
#3346=ORIENTED_EDGE('',*,*,#2422,.T.);
#3347=ORIENTED_EDGE('',*,*,#2268,.F.);
#3348=ORIENTED_EDGE('',*,*,#2396,.F.);
#3349=ORIENTED_EDGE('',*,*,#2239,.F.);
#3350=ORIENTED_EDGE('',*,*,#2333,.F.);
#3351=ORIENTED_EDGE('',*,*,#2269,.F.);
#3352=ORIENTED_EDGE('',*,*,#2422,.F.);
#3353=ORIENTED_EDGE('',*,*,#2348,.F.);
#3354=ORIENTED_EDGE('',*,*,#2421,.F.);
#3355=ORIENTED_EDGE('',*,*,#2258,.F.);
#3356=ORIENTED_EDGE('',*,*,#2340,.F.);
#3357=ORIENTED_EDGE('',*,*,#2416,.T.);
#3358=ORIENTED_EDGE('',*,*,#2423,.T.);
#3359=ORIENTED_EDGE('',*,*,#2320,.F.);
#3360=ORIENTED_EDGE('',*,*,#2424,.T.);
#3361=ORIENTED_EDGE('',*,*,#2425,.T.);
#3362=ORIENTED_EDGE('',*,*,#2418,.T.);
#3363=ORIENTED_EDGE('',*,*,#2426,.T.);
#3364=ORIENTED_EDGE('',*,*,#2327,.F.);
#3365=ORIENTED_EDGE('',*,*,#2427,.T.);
#3366=ORIENTED_EDGE('',*,*,#2315,.F.);
#3367=ORIENTED_EDGE('',*,*,#2428,.T.);
#3368=ORIENTED_EDGE('',*,*,#2408,.T.);
#3369=ORIENTED_EDGE('',*,*,#2429,.T.);
#3370=ORIENTED_EDGE('',*,*,#2404,.T.);
#3371=ORIENTED_EDGE('',*,*,#2430,.T.);
#3372=ORIENTED_EDGE('',*,*,#2313,.F.);
#3373=ORIENTED_EDGE('',*,*,#2431,.T.);
#3374=ORIENTED_EDGE('',*,*,#2432,.T.);
#3375=ORIENTED_EDGE('',*,*,#2096,.T.);
#3376=ORIENTED_EDGE('',*,*,#2318,.F.);
#3377=ORIENTED_EDGE('',*,*,#2433,.F.);
#3378=ORIENTED_EDGE('',*,*,#2324,.T.);
#3379=ORIENTED_EDGE('',*,*,#2317,.T.);
#3380=ORIENTED_EDGE('',*,*,#2434,.T.);
#3381=ORIENTED_EDGE('',*,*,#2325,.T.);
#3382=ORIENTED_EDGE('',*,*,#2433,.T.);
#3383=ORIENTED_EDGE('',*,*,#2432,.F.);
#3384=ORIENTED_EDGE('',*,*,#2435,.T.);
#3385=ORIENTED_EDGE('',*,*,#2403,.T.);
#3386=ORIENTED_EDGE('',*,*,#2435,.F.);
#3387=ORIENTED_EDGE('',*,*,#2425,.F.);
#3388=ORIENTED_EDGE('',*,*,#2436,.T.);
#3389=ORIENTED_EDGE('',*,*,#2413,.T.);
#3390=ORIENTED_EDGE('',*,*,#2436,.F.);
#3391=ORIENTED_EDGE('',*,*,#2409,.F.);
#3392=ORIENTED_EDGE('',*,*,#2428,.F.);
#3393=ORIENTED_EDGE('',*,*,#2314,.F.);
#3394=ORIENTED_EDGE('',*,*,#2430,.F.);
#3395=ORIENTED_EDGE('',*,*,#2405,.F.);
#3396=ORIENTED_EDGE('',*,*,#2431,.F.);
#3397=ORIENTED_EDGE('',*,*,#2312,.F.);
#3398=ORIENTED_EDGE('',*,*,#2410,.F.);
#3399=ORIENTED_EDGE('',*,*,#2415,.F.);
#3400=ORIENTED_EDGE('',*,*,#2420,.F.);
#3401=ORIENTED_EDGE('',*,*,#2321,.F.);
#3402=ORIENTED_EDGE('',*,*,#2423,.F.);
#3403=ORIENTED_EDGE('',*,*,#2328,.F.);
#3404=ORIENTED_EDGE('',*,*,#2426,.F.);
#3405=ORIENTED_EDGE('',*,*,#2417,.F.);
#3406=ORIENTED_EDGE('',*,*,#2424,.F.);
#3407=ORIENTED_EDGE('',*,*,#2386,.F.);
#3408=ORIENTED_EDGE('',*,*,#2100,.F.);
#3409=ORIENTED_EDGE('',*,*,#2419,.F.);
#3410=ORIENTED_EDGE('',*,*,#2427,.F.);
#3411=ORIENTED_EDGE('',*,*,#2326,.F.);
#3412=ORIENTED_EDGE('',*,*,#2434,.F.);
#3413=ORIENTED_EDGE('',*,*,#2316,.F.);
#3414=ORIENTED_EDGE('',*,*,#2429,.F.);
#3415=ORIENTED_EDGE('',*,*,#2407,.F.);
#3416=ORIENTED_EDGE('',*,*,#2154,.F.);
#3417=ORIENTED_EDGE('',*,*,#2437,.T.);
#3418=ORIENTED_EDGE('',*,*,#2285,.T.);
#3419=ORIENTED_EDGE('',*,*,#2437,.F.);
#3420=ORIENTED_EDGE('',*,*,#2155,.F.);
#3421=ORIENTED_EDGE('',*,*,#2438,.T.);
#3422=ORIENTED_EDGE('',*,*,#2286,.T.);
#3423=ORIENTED_EDGE('',*,*,#2438,.F.);
#3424=ORIENTED_EDGE('',*,*,#2156,.F.);
#3425=ORIENTED_EDGE('',*,*,#2439,.T.);
#3426=ORIENTED_EDGE('',*,*,#2287,.T.);
#3427=ORIENTED_EDGE('',*,*,#2439,.F.);
#3428=ORIENTED_EDGE('',*,*,#2157,.F.);
#3429=ORIENTED_EDGE('',*,*,#2440,.T.);
#3430=ORIENTED_EDGE('',*,*,#2288,.T.);
#3431=ORIENTED_EDGE('',*,*,#2440,.F.);
#3432=ORIENTED_EDGE('',*,*,#2394,.F.);
#3433=ORIENTED_EDGE('',*,*,#2263,.F.);
#3434=ORIENTED_EDGE('',*,*,#2395,.F.);
#3435=ORIENTED_EDGE('',*,*,#2441,.T.);
#3436=ORIENTED_EDGE('',*,*,#2087,.T.);
#3437=ORIENTED_EDGE('',*,*,#2230,.F.);
#3438=ORIENTED_EDGE('',*,*,#2088,.T.);
#3439=ORIENTED_EDGE('',*,*,#2441,.F.);
#3440=ORIENTED_EDGE('',*,*,#2392,.F.);
#3441=ORIENTED_EDGE('',*,*,#2265,.F.);
#3442=ORIENTED_EDGE('',*,*,#2393,.F.);
#3443=ORIENTED_EDGE('',*,*,#2442,.T.);
#3444=ORIENTED_EDGE('',*,*,#2104,.T.);
#3445=ORIENTED_EDGE('',*,*,#2052,.F.);
#3446=ORIENTED_EDGE('',*,*,#2078,.T.);
#3447=ORIENTED_EDGE('',*,*,#2442,.F.);
#3448=ORIENTED_EDGE('',*,*,#2289,.F.);
#3449=ORIENTED_EDGE('',*,*,#2443,.T.);
#3450=ORIENTED_EDGE('',*,*,#2158,.T.);
#3451=ORIENTED_EDGE('',*,*,#2443,.F.);
#3452=ORIENTED_EDGE('',*,*,#2290,.F.);
#3453=ORIENTED_EDGE('',*,*,#2444,.T.);
#3454=ORIENTED_EDGE('',*,*,#2125,.T.);
#3455=ORIENTED_EDGE('',*,*,#2444,.F.);
#3456=ORIENTED_EDGE('',*,*,#2245,.F.);
#3457=ORIENTED_EDGE('',*,*,#2445,.T.);
#3458=ORIENTED_EDGE('',*,*,#2446,.T.);
#3459=ORIENTED_EDGE('',*,*,#2126,.T.);
#3460=ORIENTED_EDGE('',*,*,#2446,.F.);
#3461=ORIENTED_EDGE('',*,*,#2447,.T.);
#3462=ORIENTED_EDGE('',*,*,#2248,.F.);
#3463=ORIENTED_EDGE('',*,*,#2448,.T.);
#3464=ORIENTED_EDGE('',*,*,#2449,.T.);
#3465=ORIENTED_EDGE('',*,*,#2128,.T.);
#3466=ORIENTED_EDGE('',*,*,#2449,.F.);
#3467=ORIENTED_EDGE('',*,*,#2450,.T.);
#3468=ORIENTED_EDGE('',*,*,#2352,.F.);
#3469=ORIENTED_EDGE('',*,*,#2451,.T.);
#3470=ORIENTED_EDGE('',*,*,#2127,.T.);
#3471=ORIENTED_EDGE('',*,*,#2451,.F.);
#3472=ORIENTED_EDGE('',*,*,#2242,.F.);
#3473=ORIENTED_EDGE('',*,*,#2452,.T.);
#3474=ORIENTED_EDGE('',*,*,#2129,.T.);
#3475=ORIENTED_EDGE('',*,*,#2452,.F.);
#3476=ORIENTED_EDGE('',*,*,#2298,.F.);
#3477=ORIENTED_EDGE('',*,*,#1999,.T.);
#3478=ORIENTED_EDGE('',*,*,#2305,.F.);
#3479=ORIENTED_EDGE('',*,*,#1945,.T.);
#3480=ORIENTED_EDGE('',*,*,#2002,.F.);
#3481=ORIENTED_EDGE('',*,*,#2306,.F.);
#3482=ORIENTED_EDGE('',*,*,#2003,.T.);
#3483=ORIENTED_EDGE('',*,*,#2001,.F.);
#3484=ORIENTED_EDGE('',*,*,#2368,.F.);
#3485=ORIENTED_EDGE('',*,*,#2307,.F.);
#3486=ORIENTED_EDGE('',*,*,#1957,.T.);
#3487=ORIENTED_EDGE('',*,*,#2022,.F.);
#3488=ORIENTED_EDGE('',*,*,#2302,.F.);
#3489=ORIENTED_EDGE('',*,*,#2023,.T.);
#3490=ORIENTED_EDGE('',*,*,#1954,.T.);
#3491=ORIENTED_EDGE('',*,*,#2017,.F.);
#3492=ORIENTED_EDGE('',*,*,#2310,.F.);
#3493=ORIENTED_EDGE('',*,*,#2018,.T.);
#3494=ORIENTED_EDGE('',*,*,#1939,.T.);
#3495=ORIENTED_EDGE('',*,*,#1986,.F.);
#3496=ORIENTED_EDGE('',*,*,#2309,.F.);
#3497=ORIENTED_EDGE('',*,*,#1987,.T.);
#3498=ORIENTED_EDGE('',*,*,#1960,.T.);
#3499=ORIENTED_EDGE('',*,*,#2031,.F.);
#3500=ORIENTED_EDGE('',*,*,#2378,.F.);
#3501=ORIENTED_EDGE('',*,*,#2032,.T.);
#3502=ORIENTED_EDGE('',*,*,#1948,.T.);
#3503=ORIENTED_EDGE('',*,*,#2007,.F.);
#3504=ORIENTED_EDGE('',*,*,#2377,.F.);
#3505=ORIENTED_EDGE('',*,*,#2008,.T.);
#3506=ORIENTED_EDGE('',*,*,#1951,.T.);
#3507=ORIENTED_EDGE('',*,*,#2012,.F.);
#3508=ORIENTED_EDGE('',*,*,#2376,.F.);
#3509=ORIENTED_EDGE('',*,*,#2013,.T.);
#3510=ORIENTED_EDGE('',*,*,#1942,.T.);
#3511=ORIENTED_EDGE('',*,*,#1991,.F.);
#3512=ORIENTED_EDGE('',*,*,#2375,.F.);
#3513=ORIENTED_EDGE('',*,*,#1992,.T.);
#3514=ORIENTED_EDGE('',*,*,#2453,.F.);
#3515=ORIENTED_EDGE('',*,*,#2454,.T.);
#3516=ORIENTED_EDGE('',*,*,#2374,.T.);
#3517=ORIENTED_EDGE('',*,*,#2454,.F.);
#3518=ORIENTED_EDGE('',*,*,#2453,.T.);
#3519=ORIENTED_EDGE('',*,*,#2455,.F.);
#3520=ORIENTED_EDGE('',*,*,#2456,.T.);
#3521=ORIENTED_EDGE('',*,*,#2373,.T.);
#3522=ORIENTED_EDGE('',*,*,#2456,.F.);
#3523=ORIENTED_EDGE('',*,*,#2455,.T.);
#3524=ORIENTED_EDGE('',*,*,#2457,.F.);
#3525=ORIENTED_EDGE('',*,*,#2458,.T.);
#3526=ORIENTED_EDGE('',*,*,#2372,.T.);
#3527=ORIENTED_EDGE('',*,*,#2458,.F.);
#3528=ORIENTED_EDGE('',*,*,#2457,.T.);
#3529=ORIENTED_EDGE('',*,*,#2459,.F.);
#3530=ORIENTED_EDGE('',*,*,#2460,.T.);
#3531=ORIENTED_EDGE('',*,*,#2371,.T.);
#3532=ORIENTED_EDGE('',*,*,#2460,.F.);
#3533=ORIENTED_EDGE('',*,*,#2459,.T.);
#3534=ORIENTED_EDGE('',*,*,#2461,.F.);
#3535=ORIENTED_EDGE('',*,*,#2462,.T.);
#3536=ORIENTED_EDGE('',*,*,#2360,.T.);
#3537=ORIENTED_EDGE('',*,*,#2462,.F.);
#3538=ORIENTED_EDGE('',*,*,#2461,.T.);
#3539=ORIENTED_EDGE('',*,*,#2463,.F.);
#3540=ORIENTED_EDGE('',*,*,#2464,.T.);
#3541=ORIENTED_EDGE('',*,*,#2359,.T.);
#3542=ORIENTED_EDGE('',*,*,#2464,.F.);
#3543=ORIENTED_EDGE('',*,*,#2463,.T.);
#3544=ORIENTED_EDGE('',*,*,#2465,.F.);
#3545=ORIENTED_EDGE('',*,*,#2466,.T.);
#3546=ORIENTED_EDGE('',*,*,#2358,.T.);
#3547=ORIENTED_EDGE('',*,*,#2466,.F.);
#3548=ORIENTED_EDGE('',*,*,#2465,.T.);
#3549=ORIENTED_EDGE('',*,*,#2467,.F.);
#3550=ORIENTED_EDGE('',*,*,#2468,.T.);
#3551=ORIENTED_EDGE('',*,*,#2357,.T.);
#3552=ORIENTED_EDGE('',*,*,#2468,.F.);
#3553=ORIENTED_EDGE('',*,*,#2467,.T.);
#3554=ORIENTED_EDGE('',*,*,#2296,.F.);
#3555=ORIENTED_EDGE('',*,*,#2469,.T.);
#3556=ORIENTED_EDGE('',*,*,#2243,.F.);
#3557=ORIENTED_EDGE('',*,*,#2470,.T.);
#3558=ORIENTED_EDGE('',*,*,#2291,.T.);
#3559=ORIENTED_EDGE('',*,*,#2250,.T.);
#3560=ORIENTED_EDGE('',*,*,#2471,.T.);
#3561=ORIENTED_EDGE('',*,*,#2130,.T.);
#3562=ORIENTED_EDGE('',*,*,#2472,.T.);
#3563=ORIENTED_EDGE('',*,*,#2277,.T.);
#3564=ORIENTED_EDGE('',*,*,#2132,.T.);
#3565=ORIENTED_EDGE('',*,*,#2473,.T.);
#3566=ORIENTED_EDGE('',*,*,#2283,.F.);
#3567=ORIENTED_EDGE('',*,*,#2474,.T.);
#3568=ORIENTED_EDGE('',*,*,#2134,.T.);
#3569=ORIENTED_EDGE('',*,*,#2475,.T.);
#3570=ORIENTED_EDGE('',*,*,#2281,.F.);
#3571=ORIENTED_EDGE('',*,*,#2476,.T.);
#3572=ORIENTED_EDGE('',*,*,#2136,.T.);
#3573=ORIENTED_EDGE('',*,*,#2477,.T.);
#3574=ORIENTED_EDGE('',*,*,#2279,.F.);
#3575=ORIENTED_EDGE('',*,*,#2478,.T.);
#3576=ORIENTED_EDGE('',*,*,#2284,.F.);
#3577=ORIENTED_EDGE('',*,*,#2473,.F.);
#3578=ORIENTED_EDGE('',*,*,#2131,.F.);
#3579=ORIENTED_EDGE('',*,*,#2471,.F.);
#3580=ORIENTED_EDGE('',*,*,#2282,.F.);
#3581=ORIENTED_EDGE('',*,*,#2475,.F.);
#3582=ORIENTED_EDGE('',*,*,#2133,.F.);
#3583=ORIENTED_EDGE('',*,*,#2474,.F.);
#3584=ORIENTED_EDGE('',*,*,#2280,.F.);
#3585=ORIENTED_EDGE('',*,*,#2477,.F.);
#3586=ORIENTED_EDGE('',*,*,#2135,.F.);
#3587=ORIENTED_EDGE('',*,*,#2476,.F.);
#3588=ORIENTED_EDGE('',*,*,#2278,.F.);
#3589=ORIENTED_EDGE('',*,*,#2472,.F.);
#3590=ORIENTED_EDGE('',*,*,#2137,.F.);
#3591=ORIENTED_EDGE('',*,*,#2478,.F.);
#3592=ORIENTED_EDGE('',*,*,#2448,.F.);
#3593=ORIENTED_EDGE('',*,*,#2247,.F.);
#3594=ORIENTED_EDGE('',*,*,#2479,.F.);
#3595=ORIENTED_EDGE('',*,*,#2384,.F.);
#3596=ORIENTED_EDGE('',*,*,#2388,.F.);
#3597=ORIENTED_EDGE('',*,*,#2365,.F.);
#3598=ORIENTED_EDGE('',*,*,#2345,.F.);
#3599=ORIENTED_EDGE('',*,*,#2292,.F.);
#3600=ORIENTED_EDGE('',*,*,#2470,.F.);
#3601=ORIENTED_EDGE('',*,*,#2249,.F.);
#3602=ORIENTED_EDGE('',*,*,#2450,.F.);
#3603=ORIENTED_EDGE('',*,*,#2295,.F.);
#3604=ORIENTED_EDGE('',*,*,#2233,.F.);
#3605=ORIENTED_EDGE('',*,*,#2037,.F.);
#3606=ORIENTED_EDGE('',*,*,#2390,.F.);
#3607=ORIENTED_EDGE('',*,*,#2391,.F.);
#3608=ORIENTED_EDGE('',*,*,#2479,.T.);
#3609=ORIENTED_EDGE('',*,*,#2246,.F.);
#3610=ORIENTED_EDGE('',*,*,#2447,.F.);
#3611=ORIENTED_EDGE('',*,*,#2445,.F.);
#3612=ORIENTED_EDGE('',*,*,#2244,.F.);
#3613=ORIENTED_EDGE('',*,*,#2469,.F.);
#3614=PLANE('',#3964);
#3615=PLANE('',#3965);
#3616=PLANE('',#3966);
#3617=PLANE('',#3967);
#3618=PLANE('',#3968);
#3619=PLANE('',#3969);
#3620=PLANE('',#3970);
#3621=PLANE('',#3972);
#3622=PLANE('',#3973);
#3623=PLANE('',#3974);
#3624=PLANE('',#3975);
#3625=PLANE('',#3976);
#3626=PLANE('',#3977);
#3627=PLANE('',#3979);
#3628=PLANE('',#3981);
#3629=PLANE('',#3983);
#3630=PLANE('',#3987);
#3631=PLANE('',#3988);
#3632=PLANE('',#3990);
#3633=PLANE('',#3991);
#3634=PLANE('',#3993);
#3635=PLANE('',#3995);
#3636=PLANE('',#3997);
#3637=PLANE('',#3999);
#3638=PLANE('',#4001);
#3639=PLANE('',#4003);
#3640=PLANE('',#4007);
#3641=PLANE('',#4009);
#3642=PLANE('',#4011);
#3643=PLANE('',#4016);
#3644=PLANE('',#4017);
#3645=PLANE('',#4018);
#3646=PLANE('',#4019);
#3647=PLANE('',#4020);
#3648=PLANE('',#4021);
#3649=PLANE('',#4022);
#3650=PLANE('',#4023);
#3651=PLANE('',#4024);
#3652=PLANE('',#4025);
#3653=PLANE('',#4053);
#3654=PLANE('',#4054);
#3655=PLANE('',#4055);
#3656=PLANE('',#4056);
#3657=PLANE('',#4058);
#3658=PLANE('',#4059);
#3659=PLANE('',#4060);
#3660=PLANE('',#4061);
#3661=PLANE('',#4062);
#3662=PLANE('',#4063);
#3663=PLANE('',#4064);
#3664=PLANE('',#4065);
#3665=PLANE('',#4066);
#3666=PLANE('',#4067);
#3667=PLANE('',#4068);
#3668=PLANE('',#4069);
#3669=PLANE('',#4071);
#3670=PLANE('',#4072);
#3671=PLANE('',#4073);
#3672=PLANE('',#4074);
#3673=PLANE('',#4077);
#3674=PLANE('',#4078);
#3675=PLANE('',#4081);
#3676=PLANE('',#4084);
#3677=PLANE('',#4087);
#3678=PLANE('',#4088);
#3679=PLANE('',#4089);
#3680=PLANE('',#4091);
#3681=PLANE('',#4092);
#3682=PLANE('',#4094);
#3683=PLANE('',#4096);
#3684=PLANE('',#4098);
#3685=PLANE('',#4101);
#3686=PLANE('',#4102);
#3687=PLANE('',#4107);
#3688=PLANE('',#4110);
#3689=PLANE('',#4127);
#3690=PLANE('',#4128);
#3691=PLANE('',#4129);
#3692=PLANE('',#4137);
#3693=PLANE('',#4141);
#3694=PLANE('',#4145);
#3695=PLANE('',#4146);
#3696=PLANE('',#4147);
#3697=PLANE('',#4148);
#3698=PLANE('',#4149);
#3699=PLANE('',#4150);
#3700=PLANE('',#4151);
#3701=PLANE('',#4153);
#3702=PLANE('',#4158);
#3703=PLANE('',#4163);
#3704=PLANE('',#4164);
#3705=PLANE('',#4167);
#3706=PLANE('',#4176);
#3707=PLANE('',#4177);
#3708=PLANE('',#4178);
#3709=PLANE('',#4179);
#3710=PLANE('',#4180);
#3711=PLANE('',#4182);
#3712=PLANE('',#4183);
#3713=PLANE('',#4184);
#3714=PLANE('',#4185);
#3715=PLANE('',#4190);
#3716=PLANE('',#4191);
#3717=PLANE('',#4192);
#3718=PLANE('',#4193);
#3719=PLANE('',#4194);
#3720=PLANE('',#4199);
#3721=PLANE('',#4201);
#3722=PLANE('',#4205);
#3723=PLANE('',#4206);
#3724=PLANE('',#4208);
#3725=PLANE('',#4212);
#3726=PLANE('',#4213);
#3727=PLANE('',#4214);
#3728=PLANE('',#4217);
#3729=PLANE('',#4219);
#3730=PLANE('',#4220);
#3731=PLANE('',#4221);
#3732=PLANE('',#4223);
#3733=PLANE('',#4224);
#3734=PLANE('',#4248);
#3735=PLANE('',#4249);
#3736=PLANE('',#4250);
#3737=PLANE('',#4251);
#3738=PLANE('',#4252);
#3739=PLANE('',#4253);
#3740=PLANE('',#4254);
#3741=PLANE('',#4255);
#3742=PLANE('',#4256);
#3743=PLANE('',#4257);
#3744=PLANE('',#4260);
#3745=PLANE('',#4263);
#3746=PLANE('',#4266);
#3747=PLANE('',#4269);
#3748=PLANE('',#4272);
#3749=PLANE('',#4275);
#3750=PLANE('',#4278);
#3751=PLANE('',#4281);
#3752=PLANE('',#4282);
#3753=PLANE('',#4283);
#3754=PLANE('',#4284);
#3755=PLANE('',#4285);
#3756=PLANE('',#4290);
#3757=PLANE('',#4291);
#3758=ADVANCED_FACE('',(#264),#3614,.T.);
#3759=ADVANCED_FACE('',(#265),#3615,.T.);
#3760=ADVANCED_FACE('',(#266),#3616,.T.);
#3761=ADVANCED_FACE('',(#267),#3617,.T.);
#3762=ADVANCED_FACE('',(#268,#202,#203,#204,#205,#206,#207,#208,#209),#3618,
 .F.);
#3763=ADVANCED_FACE('',(#269),#3619,.F.);
#3764=ADVANCED_FACE('',(#270),#3620,.F.);
#3765=ADVANCED_FACE('',(#271),#3621,.T.);
#3766=ADVANCED_FACE('',(#272),#3622,.T.);
#3767=ADVANCED_FACE('',(#273),#3623,.T.);
#3768=ADVANCED_FACE('',(#274),#3624,.F.);
#3769=ADVANCED_FACE('',(#275),#3625,.F.);
#3770=ADVANCED_FACE('',(#276),#3626,.F.);
#3771=ADVANCED_FACE('',(#277),#3627,.F.);
#3772=ADVANCED_FACE('',(#278),#3628,.F.);
#3773=ADVANCED_FACE('',(#279),#3629,.T.);
#3774=ADVANCED_FACE('',(#280),#3630,.F.);
#3775=ADVANCED_FACE('',(#281),#3631,.F.);
#3776=ADVANCED_FACE('',(#282),#3632,.F.);
#3777=ADVANCED_FACE('',(#283),#3633,.F.);
#3778=ADVANCED_FACE('',(#284),#3634,.F.);
#3779=ADVANCED_FACE('',(#285),#3635,.F.);
#3780=ADVANCED_FACE('',(#286),#3636,.F.);
#3781=ADVANCED_FACE('',(#287),#3637,.F.);
#3782=ADVANCED_FACE('',(#288),#3638,.F.);
#3783=ADVANCED_FACE('',(#289),#3639,.T.);
#3784=ADVANCED_FACE('',(#290),#3640,.F.);
#3785=ADVANCED_FACE('',(#291),#3641,.F.);
#3786=ADVANCED_FACE('',(#292),#3642,.F.);
#3787=ADVANCED_FACE('',(#293),#60,.T.);
#3788=ADVANCED_FACE('',(#294),#3643,.F.);
#3789=ADVANCED_FACE('',(#295),#3644,.F.);
#3790=ADVANCED_FACE('',(#296),#3645,.T.);
#3791=ADVANCED_FACE('',(#297),#3646,.T.);
#3792=ADVANCED_FACE('',(#298),#3647,.T.);
#3793=ADVANCED_FACE('',(#299),#3648,.T.);
#3794=ADVANCED_FACE('',(#300),#3649,.T.);
#3795=ADVANCED_FACE('',(#301),#3650,.T.);
#3796=ADVANCED_FACE('',(#302),#3651,.T.);
#3797=ADVANCED_FACE('',(#303,#210,#211,#212,#213,#214,#215,#216,#217,#218,
#219,#220,#221,#222,#223,#224,#225,#226,#227),#3652,.T.);
#3798=ADVANCED_FACE('',(#304),#3653,.T.);
#3799=ADVANCED_FACE('',(#305),#3654,.T.);
#3800=ADVANCED_FACE('',(#306),#3655,.T.);
#3801=ADVANCED_FACE('',(#307),#3656,.T.);
#3802=ADVANCED_FACE('',(#308),#3657,.T.);
#3803=ADVANCED_FACE('',(#309),#3658,.T.);
#3804=ADVANCED_FACE('',(#310),#3659,.T.);
#3805=ADVANCED_FACE('',(#311),#3660,.T.);
#3806=ADVANCED_FACE('',(#312),#3661,.T.);
#3807=ADVANCED_FACE('',(#313),#3662,.T.);
#3808=ADVANCED_FACE('',(#314),#3663,.T.);
#3809=ADVANCED_FACE('',(#315),#3664,.T.);
#3810=ADVANCED_FACE('',(#316),#3665,.T.);
#3811=ADVANCED_FACE('',(#317),#3666,.T.);
#3812=ADVANCED_FACE('',(#318),#3667,.T.);
#3813=ADVANCED_FACE('',(#319),#3668,.T.);
#3814=ADVANCED_FACE('',(#320),#15,.F.);
#3815=ADVANCED_FACE('',(#321),#3669,.T.);
#3816=ADVANCED_FACE('',(#322),#3670,.T.);
#3817=ADVANCED_FACE('',(#323),#3671,.T.);
#3818=ADVANCED_FACE('',(#324),#3672,.T.);
#3819=ADVANCED_FACE('',(#325),#16,.T.);
#3820=ADVANCED_FACE('',(#326),#3673,.T.);
#3821=ADVANCED_FACE('',(#327),#3674,.F.);
#3822=ADVANCED_FACE('',(#328),#17,.F.);
#3823=ADVANCED_FACE('',(#329),#3675,.T.);
#3824=ADVANCED_FACE('',(#330),#18,.F.);
#3825=ADVANCED_FACE('',(#331),#3676,.T.);
#3826=ADVANCED_FACE('',(#332),#19,.F.);
#3827=ADVANCED_FACE('',(#333),#3677,.T.);
#3828=ADVANCED_FACE('',(#334),#3678,.F.);
#3829=ADVANCED_FACE('',(#335),#3679,.F.);
#3830=ADVANCED_FACE('',(#336),#3680,.F.);
#3831=ADVANCED_FACE('',(#337),#3681,.F.);
#3832=ADVANCED_FACE('',(#338),#3682,.F.);
#3833=ADVANCED_FACE('',(#339),#3683,.F.);
#3834=ADVANCED_FACE('',(#340),#3684,.F.);
#3835=ADVANCED_FACE('',(#341),#61,.T.);
#3836=ADVANCED_FACE('',(#342),#3685,.F.);
#3837=ADVANCED_FACE('',(#343,#228),#3686,.T.);
#3838=ADVANCED_FACE('',(#344),#3687,.T.);
#3839=ADVANCED_FACE('',(#345,#229,#230,#231,#232,#233,#234),#3688,.F.);
#3840=ADVANCED_FACE('',(#346),#3689,.F.);
#3841=ADVANCED_FACE('',(#347),#3690,.F.);
#3842=ADVANCED_FACE('',(#348),#3691,.T.);
#3843=ADVANCED_FACE('',(#349,#235,#236),#20,.F.);
#3844=ADVANCED_FACE('',(#350),#3692,.F.);
#3845=ADVANCED_FACE('',(#351),#3693,.F.);
#3846=ADVANCED_FACE('',(#352),#3694,.T.);
#3847=ADVANCED_FACE('',(#353),#3695,.F.);
#3848=ADVANCED_FACE('',(#354),#3696,.F.);
#3849=ADVANCED_FACE('',(#355),#3697,.F.);
#3850=ADVANCED_FACE('',(#356),#3698,.F.);
#3851=ADVANCED_FACE('',(#357),#3699,.F.);
#3852=ADVANCED_FACE('',(#358),#3700,.F.);
#3853=ADVANCED_FACE('',(#359,#237),#3701,.T.);
#3854=ADVANCED_FACE('',(#360,#238,#239,#240,#241),#3702,.T.);
#3855=ADVANCED_FACE('',(#361),#3703,.F.);
#3856=ADVANCED_FACE('',(#362),#3704,.F.);
#3857=ADVANCED_FACE('',(#363,#242),#21,.F.);
#3858=ADVANCED_FACE('',(#364,#243,#244,#245,#246),#3705,.T.);
#3859=ADVANCED_FACE('',(#365,#247,#248,#249),#22,.F.);
#3860=ADVANCED_FACE('',(#366),#62,.T.);
#3861=ADVANCED_FACE('',(#367),#3706,.F.);
#3862=ADVANCED_FACE('',(#368),#3707,.F.);
#3863=ADVANCED_FACE('',(#369),#3708,.F.);
#3864=ADVANCED_FACE('',(#370),#3709,.F.);
#3865=ADVANCED_FACE('',(#371),#3710,.T.);
#3866=ADVANCED_FACE('',(#372),#3711,.T.);
#3867=ADVANCED_FACE('',(#373),#3712,.T.);
#3868=ADVANCED_FACE('',(#374),#3713,.T.);
#3869=ADVANCED_FACE('',(#375),#3714,.F.);
#3870=ADVANCED_FACE('',(#376),#3715,.T.);
#3871=ADVANCED_FACE('',(#377),#3716,.T.);
#3872=ADVANCED_FACE('',(#378),#3717,.T.);
#3873=ADVANCED_FACE('',(#379),#3718,.F.);
#3874=ADVANCED_FACE('',(#380),#3719,.F.);
#3875=ADVANCED_FACE('',(#381),#23,.F.);
#3876=ADVANCED_FACE('',(#382),#24,.F.);
#3877=ADVANCED_FACE('',(#383),#25,.F.);
#3878=ADVANCED_FACE('',(#384),#26,.F.);
#3879=ADVANCED_FACE('',(#385,#250),#3720,.F.);
#3880=ADVANCED_FACE('',(#386),#3721,.F.);
#3881=ADVANCED_FACE('',(#387),#3722,.T.);
#3882=ADVANCED_FACE('',(#388,#251),#3723,.F.);
#3883=ADVANCED_FACE('',(#389),#3724,.F.);
#3884=ADVANCED_FACE('',(#390),#3725,.T.);
#3885=ADVANCED_FACE('',(#391),#3726,.F.);
#3886=ADVANCED_FACE('',(#392),#3727,.F.);
#3887=ADVANCED_FACE('',(#393),#27,.T.);
#3888=ADVANCED_FACE('',(#394),#28,.T.);
#3889=ADVANCED_FACE('',(#395,#252),#3728,.F.);
#3890=ADVANCED_FACE('',(#396),#3729,.F.);
#3891=ADVANCED_FACE('',(#397),#3730,.F.);
#3892=ADVANCED_FACE('',(#398,#253),#3731,.F.);
#3893=ADVANCED_FACE('',(#399),#3732,.F.);
#3894=ADVANCED_FACE('',(#400),#3733,.T.);
#3895=ADVANCED_FACE('',(#401),#29,.F.);
#3896=ADVANCED_FACE('',(#402),#30,.F.);
#3897=ADVANCED_FACE('',(#403),#31,.F.);
#3898=ADVANCED_FACE('',(#404),#32,.T.);
#3899=ADVANCED_FACE('',(#405),#33,.T.);
#3900=ADVANCED_FACE('',(#406),#34,.F.);
#3901=ADVANCED_FACE('',(#407),#35,.F.);
#3902=ADVANCED_FACE('',(#408),#36,.F.);
#3903=ADVANCED_FACE('',(#409),#37,.F.);
#3904=ADVANCED_FACE('',(#410),#38,.F.);
#3905=ADVANCED_FACE('',(#411),#39,.F.);
#3906=ADVANCED_FACE('',(#412),#40,.F.);
#3907=ADVANCED_FACE('',(#413),#41,.F.);
#3908=ADVANCED_FACE('',(#414),#42,.F.);
#3909=ADVANCED_FACE('',(#415),#43,.F.);
#3910=ADVANCED_FACE('',(#416),#44,.F.);
#3911=ADVANCED_FACE('',(#417),#45,.F.);
#3912=ADVANCED_FACE('',(#418),#46,.F.);
#3913=ADVANCED_FACE('',(#419),#47,.F.);
#3914=ADVANCED_FACE('',(#420),#3734,.F.);
#3915=ADVANCED_FACE('',(#421),#3735,.F.);
#3916=ADVANCED_FACE('',(#422),#3736,.F.);
#3917=ADVANCED_FACE('',(#423),#3737,.F.);
#3918=ADVANCED_FACE('',(#424),#3738,.F.);
#3919=ADVANCED_FACE('',(#425),#3739,.F.);
#3920=ADVANCED_FACE('',(#426),#3740,.F.);
#3921=ADVANCED_FACE('',(#427),#3741,.F.);
#3922=ADVANCED_FACE('',(#428),#3742,.F.);
#3923=ADVANCED_FACE('',(#429),#3743,.F.);
#3924=ADVANCED_FACE('',(#430),#48,.F.);
#3925=ADVANCED_FACE('',(#431),#3744,.T.);
#3926=ADVANCED_FACE('',(#432),#49,.F.);
#3927=ADVANCED_FACE('',(#433),#3745,.T.);
#3928=ADVANCED_FACE('',(#434),#50,.F.);
#3929=ADVANCED_FACE('',(#435),#3746,.T.);
#3930=ADVANCED_FACE('',(#436),#51,.F.);
#3931=ADVANCED_FACE('',(#437),#3747,.T.);
#3932=ADVANCED_FACE('',(#438),#52,.F.);
#3933=ADVANCED_FACE('',(#439),#3748,.T.);
#3934=ADVANCED_FACE('',(#440),#53,.F.);
#3935=ADVANCED_FACE('',(#441),#3749,.T.);
#3936=ADVANCED_FACE('',(#442),#54,.F.);
#3937=ADVANCED_FACE('',(#443),#3750,.T.);
#3938=ADVANCED_FACE('',(#444),#55,.F.);
#3939=ADVANCED_FACE('',(#445),#3751,.T.);
#3940=ADVANCED_FACE('',(#446),#3752,.F.);
#3941=ADVANCED_FACE('',(#447),#3753,.F.);
#3942=ADVANCED_FACE('',(#448),#3754,.F.);
#3943=ADVANCED_FACE('',(#449),#3755,.F.);
#3944=ADVANCED_FACE('',(#450),#56,.F.);
#3945=ADVANCED_FACE('',(#451),#57,.F.);
#3946=ADVANCED_FACE('',(#452),#58,.F.);
#3947=ADVANCED_FACE('',(#453),#59,.F.);
#3948=ADVANCED_FACE('',(#454),#3756,.F.);
#3949=ADVANCED_FACE('',(#455),#3757,.F.);
#3950=CLOSED_SHELL('',(#3758,#3759,#3760,#3761,#3762,#3763,#3764,#3765,
#3766,#3767,#3768,#3769,#3770,#3771,#3772,#3773,#3774,#3775,#3776,#3777,
#3778,#3779,#3780,#3781,#3782,#3783,#3784,#3785,#3786,#3787,#3788,#3789,
#3790,#3791,#3792,#3793,#3794,#3795,#3796,#3797,#3798,#3799,#3800,#3801,
#3802,#3803,#3804,#3805,#3806,#3807,#3808,#3809,#3810,#3811,#3812,#3813,
#3814,#3815,#3816,#3817,#3818,#3819,#3820,#3821,#3822,#3823,#3824,#3825,
#3826,#3827,#3828,#3829,#3830,#3831,#3832,#3833,#3834,#3835,#3836,#3837,
#3838,#3839,#3840,#3841,#3842,#3843,#3844,#3845,#3846,#3847,#3848,#3849,
#3850,#3851,#3852,#3853,#3854,#3855,#3856,#3857,#3858,#3859,#3860,#3861,
#3862,#3863,#3864,#3865,#3866,#3867,#3868,#3869,#3870,#3871,#3872,#3873,
#3874,#3875,#3876,#3877,#3878,#3879,#3880,#3881,#3882,#3883,#3884,#3885,
#3886,#3887,#3888,#3889,#3890,#3891,#3892,#3893,#3894,#3895,#3896,#3897,
#3898,#3899,#3900,#3901,#3902,#3903,#3904,#3905,#3906,#3907,#3908,#3909,
#3910,#3911,#3912,#3913,#3914,#3915,#3916,#3917,#3918,#3919,#3920,#3921,
#3922,#3923,#3924,#3925,#3926,#3927,#3928,#3929,#3930,#3931,#3932,#3933,
#3934,#3935,#3936,#3937,#3938,#3939,#3940,#3941,#3942,#3943,#3944,#3945,
#3946,#3947,#3948,#3949));
#3951=DERIVED_UNIT_ELEMENT(#3953,1.);
#3952=DERIVED_UNIT_ELEMENT(#6711,-3.);
#3953=(
MASS_UNIT()
NAMED_UNIT(*)
SI_UNIT(.KILO.,.GRAM.)
);
#3954=DERIVED_UNIT((#3951,#3952));
#3955=MEASURE_REPRESENTATION_ITEM('density measure',
POSITIVE_RATIO_MEASURE(1420.),#3954);
#3956=PROPERTY_DEFINITION_REPRESENTATION(#3961,#3958);
#3957=PROPERTY_DEFINITION_REPRESENTATION(#3962,#3959);
#3958=REPRESENTATION('material name',(#3960),#6708);
#3959=REPRESENTATION('density',(#3955),#6708);
#3960=DESCRIPTIVE_REPRESENTATION_ITEM('PET','PET');
#3961=PROPERTY_DEFINITION('material property','material name',#6718);
#3962=PROPERTY_DEFINITION('material property','density of part',#6718);
#3963=AXIS2_PLACEMENT_3D('',#5368,#4292,#4293);
#3964=AXIS2_PLACEMENT_3D('',#5369,#4294,#4295);
#3965=AXIS2_PLACEMENT_3D('',#5378,#4300,#4301);
#3966=AXIS2_PLACEMENT_3D('',#5384,#4305,#4306);
#3967=AXIS2_PLACEMENT_3D('',#5388,#4309,#4310);
#3968=AXIS2_PLACEMENT_3D('',#5397,#4315,#4316);
#3969=AXIS2_PLACEMENT_3D('',#5481,#4352,#4353);
#3970=AXIS2_PLACEMENT_3D('',#5485,#4356,#4357);
#3971=AXIS2_PLACEMENT_3D('',#5487,#4358,#4359);
#3972=AXIS2_PLACEMENT_3D('',#5498,#4361,#4362);
#3973=AXIS2_PLACEMENT_3D('',#5502,#4365,#4366);
#3974=AXIS2_PLACEMENT_3D('',#5508,#4370,#4371);
#3975=AXIS2_PLACEMENT_3D('',#5514,#4375,#4376);
#3976=AXIS2_PLACEMENT_3D('',#5529,#4383,#4384);
#3977=AXIS2_PLACEMENT_3D('',#5531,#4386,#4387);
#3978=AXIS2_PLACEMENT_3D('',#5535,#4389,#4390);
#3979=AXIS2_PLACEMENT_3D('',#5537,#4392,#4393);
#3980=AXIS2_PLACEMENT_3D('',#5540,#4395,#4396);
#3981=AXIS2_PLACEMENT_3D('',#5541,#4397,#4398);
#3982=AXIS2_PLACEMENT_3D('',#5545,#4400,#4401);
#3983=AXIS2_PLACEMENT_3D('',#5547,#4403,#4404);
#3984=AXIS2_PLACEMENT_3D('',#5551,#4406,#4407);
#3985=AXIS2_PLACEMENT_3D('',#5555,#4409,#4410);
#3986=AXIS2_PLACEMENT_3D('',#5558,#4412,#4413);
#3987=AXIS2_PLACEMENT_3D('',#5559,#4414,#4415);
#3988=AXIS2_PLACEMENT_3D('',#5569,#4421,#4422);
#3989=AXIS2_PLACEMENT_3D('',#5572,#4424,#4425);
#3990=AXIS2_PLACEMENT_3D('',#5573,#4426,#4427);
#3991=AXIS2_PLACEMENT_3D('',#5579,#4431,#4432);
#3992=AXIS2_PLACEMENT_3D('',#5582,#4434,#4435);
#3993=AXIS2_PLACEMENT_3D('',#5583,#4436,#4437);
#3994=AXIS2_PLACEMENT_3D('',#5587,#4439,#4440);
#3995=AXIS2_PLACEMENT_3D('',#5589,#4442,#4443);
#3996=AXIS2_PLACEMENT_3D('',#5592,#4445,#4446);
#3997=AXIS2_PLACEMENT_3D('',#5593,#4447,#4448);
#3998=AXIS2_PLACEMENT_3D('',#5597,#4450,#4451);
#3999=AXIS2_PLACEMENT_3D('',#5599,#4453,#4454);
#4000=AXIS2_PLACEMENT_3D('',#5602,#4456,#4457);
#4001=AXIS2_PLACEMENT_3D('',#5603,#4458,#4459);
#4002=AXIS2_PLACEMENT_3D('',#5607,#4461,#4462);
#4003=AXIS2_PLACEMENT_3D('',#5609,#4464,#4465);
#4004=AXIS2_PLACEMENT_3D('',#5613,#4467,#4468);
#4005=AXIS2_PLACEMENT_3D('',#5617,#4470,#4471);
#4006=AXIS2_PLACEMENT_3D('',#5620,#4473,#4474);
#4007=AXIS2_PLACEMENT_3D('',#5621,#4475,#4476);
#4008=AXIS2_PLACEMENT_3D('',#5625,#4478,#4479);
#4009=AXIS2_PLACEMENT_3D('',#5627,#4481,#4482);
#4010=AXIS2_PLACEMENT_3D('',#5630,#4484,#4485);
#4011=AXIS2_PLACEMENT_3D('',#5631,#4486,#4487);
#4012=AXIS2_PLACEMENT_3D('',#5633,#4488,#4489);
#4013=AXIS2_PLACEMENT_3D('',#5651,#4498,#4499);
#4014=AXIS2_PLACEMENT_3D('',#5655,#4501,#4502);
#4015=AXIS2_PLACEMENT_3D('',#5664,#4504,#4505);
#4016=AXIS2_PLACEMENT_3D('',#5763,#4508,#4509);
#4017=AXIS2_PLACEMENT_3D('',#5765,#4511,#4512);
#4018=AXIS2_PLACEMENT_3D('',#5766,#4513,#4514);
#4019=AXIS2_PLACEMENT_3D('',#5775,#4519,#4520);
#4020=AXIS2_PLACEMENT_3D('',#5781,#4524,#4525);
#4021=AXIS2_PLACEMENT_3D('',#5790,#4530,#4531);
#4022=AXIS2_PLACEMENT_3D('',#5796,#4535,#4536);
#4023=AXIS2_PLACEMENT_3D('',#5802,#4540,#4541);
#4024=AXIS2_PLACEMENT_3D('',#5808,#4545,#4546);
#4025=AXIS2_PLACEMENT_3D('',#5814,#4550,#4551);
#4026=AXIS2_PLACEMENT_3D('',#5816,#4552,#4553);
#4027=AXIS2_PLACEMENT_3D('',#5834,#4562,#4563);
#4028=AXIS2_PLACEMENT_3D('',#5836,#4564,#4565);
#4029=AXIS2_PLACEMENT_3D('',#5866,#4581,#4582);
#4030=AXIS2_PLACEMENT_3D('',#5878,#4588,#4589);
#4031=AXIS2_PLACEMENT_3D('',#5906,#4604,#4605);
#4032=AXIS2_PLACEMENT_3D('',#5908,#4606,#4607);
#4033=AXIS2_PLACEMENT_3D('',#5910,#4608,#4609);
#4034=AXIS2_PLACEMENT_3D('',#5912,#4610,#4611);
#4035=AXIS2_PLACEMENT_3D('',#5914,#4612,#4613);
#4036=AXIS2_PLACEMENT_3D('',#5919,#4615,#4616);
#4037=AXIS2_PLACEMENT_3D('',#5923,#4618,#4619);
#4038=AXIS2_PLACEMENT_3D('',#5927,#4621,#4622);
#4039=AXIS2_PLACEMENT_3D('',#5930,#4624,#4625);
#4040=AXIS2_PLACEMENT_3D('',#5935,#4627,#4628);
#4041=AXIS2_PLACEMENT_3D('',#5939,#4630,#4631);
#4042=AXIS2_PLACEMENT_3D('',#5951,#4637,#4638);
#4043=AXIS2_PLACEMENT_3D('',#5955,#4640,#4641);
#4044=AXIS2_PLACEMENT_3D('',#5964,#4646,#4647);
#4045=AXIS2_PLACEMENT_3D('',#5966,#4648,#4649);
#4046=AXIS2_PLACEMENT_3D('',#5968,#4650,#4651);
#4047=AXIS2_PLACEMENT_3D('',#5970,#4652,#4653);
#4048=AXIS2_PLACEMENT_3D('',#5972,#4654,#4655);
#4049=AXIS2_PLACEMENT_3D('',#5974,#4656,#4657);
#4050=AXIS2_PLACEMENT_3D('',#5976,#4658,#4659);
#4051=AXIS2_PLACEMENT_3D('',#5978,#4660,#4661);
#4052=AXIS2_PLACEMENT_3D('',#5980,#4662,#4663);
#4053=AXIS2_PLACEMENT_3D('',#5981,#4664,#4665);
#4054=AXIS2_PLACEMENT_3D('',#5985,#4668,#4669);
#4055=AXIS2_PLACEMENT_3D('',#5991,#4673,#4674);
#4056=AXIS2_PLACEMENT_3D('',#5993,#4676,#4677);
#4057=AXIS2_PLACEMENT_3D('',#6016,#4689,#4690);
#4058=AXIS2_PLACEMENT_3D('',#6026,#4696,#4697);
#4059=AXIS2_PLACEMENT_3D('',#6029,#4700,#4701);
#4060=AXIS2_PLACEMENT_3D('',#6031,#4703,#4704);
#4061=AXIS2_PLACEMENT_3D('',#6033,#4706,#4707);
#4062=AXIS2_PLACEMENT_3D('',#6035,#4709,#4710);
#4063=AXIS2_PLACEMENT_3D('',#6037,#4712,#4713);
#4064=AXIS2_PLACEMENT_3D('',#6039,#4715,#4716);
#4065=AXIS2_PLACEMENT_3D('',#6042,#4719,#4720);
#4066=AXIS2_PLACEMENT_3D('',#6044,#4722,#4723);
#4067=AXIS2_PLACEMENT_3D('',#6045,#4724,#4725);
#4068=AXIS2_PLACEMENT_3D('',#6047,#4727,#4728);
#4069=AXIS2_PLACEMENT_3D('',#6048,#4729,#4730);
#4070=AXIS2_PLACEMENT_3D('',#6050,#4732,#4733);
#4071=AXIS2_PLACEMENT_3D('',#6052,#4735,#4736);
#4072=AXIS2_PLACEMENT_3D('',#6054,#4738,#4739);
#4073=AXIS2_PLACEMENT_3D('',#6055,#4740,#4741);
#4074=AXIS2_PLACEMENT_3D('',#6057,#4743,#4744);
#4075=AXIS2_PLACEMENT_3D('',#6058,#4745,#4746);
#4076=AXIS2_PLACEMENT_3D('',#6060,#4747,#4748);
#4077=AXIS2_PLACEMENT_3D('',#6062,#4750,#4751);
#4078=AXIS2_PLACEMENT_3D('',#6063,#4752,#4753);
#4079=AXIS2_PLACEMENT_3D('',#6065,#4755,#4756);
#4080=AXIS2_PLACEMENT_3D('',#6068,#4758,#4759);
#4081=AXIS2_PLACEMENT_3D('',#6069,#4760,#4761);
#4082=AXIS2_PLACEMENT_3D('',#6070,#4762,#4763);
#4083=AXIS2_PLACEMENT_3D('',#6073,#4765,#4766);
#4084=AXIS2_PLACEMENT_3D('',#6074,#4767,#4768);
#4085=AXIS2_PLACEMENT_3D('',#6075,#4769,#4770);
#4086=AXIS2_PLACEMENT_3D('',#6078,#4772,#4773);
#4087=AXIS2_PLACEMENT_3D('',#6079,#4774,#4775);
#4088=AXIS2_PLACEMENT_3D('',#6080,#4776,#4777);
#4089=AXIS2_PLACEMENT_3D('',#6089,#4782,#4783);
#4090=AXIS2_PLACEMENT_3D('',#6098,#4784,#4785);
#4091=AXIS2_PLACEMENT_3D('',#6100,#4787,#4788);
#4092=AXIS2_PLACEMENT_3D('',#6109,#4793,#4794);
#4093=AXIS2_PLACEMENT_3D('',#6111,#4796,#4797);
#4094=AXIS2_PLACEMENT_3D('',#6112,#4798,#4799);
#4095=AXIS2_PLACEMENT_3D('',#6114,#4800,#4801);
#4096=AXIS2_PLACEMENT_3D('',#6116,#4803,#4804);
#4097=AXIS2_PLACEMENT_3D('',#6119,#4806,#4807);
#4098=AXIS2_PLACEMENT_3D('',#6120,#4808,#4809);
#4099=AXIS2_PLACEMENT_3D('',#6122,#4810,#4811);
#4100=AXIS2_PLACEMENT_3D('',#6130,#4813,#4814);
#4101=AXIS2_PLACEMENT_3D('',#6204,#4815,#4816);
#4102=AXIS2_PLACEMENT_3D('',#6208,#4819,#4820);
#4103=AXIS2_PLACEMENT_3D('',#6214,#4823,#4824);
#4104=AXIS2_PLACEMENT_3D('',#6218,#4826,#4827);
#4105=AXIS2_PLACEMENT_3D('',#6222,#4829,#4830);
#4106=AXIS2_PLACEMENT_3D('',#6227,#4833,#4834);
#4107=AXIS2_PLACEMENT_3D('',#6228,#4835,#4836);
#4108=AXIS2_PLACEMENT_3D('',#6235,#4839,#4840);
#4109=AXIS2_PLACEMENT_3D('',#6241,#4843,#4844);
#4110=AXIS2_PLACEMENT_3D('',#6243,#4846,#4847);
#4111=AXIS2_PLACEMENT_3D('',#6250,#4850,#4851);
#4112=AXIS2_PLACEMENT_3D('',#6262,#4857,#4858);
#4113=AXIS2_PLACEMENT_3D('',#6272,#4863,#4864);
#4114=AXIS2_PLACEMENT_3D('',#6276,#4866,#4867);
#4115=AXIS2_PLACEMENT_3D('',#6283,#4871,#4872);
#4116=AXIS2_PLACEMENT_3D('',#6295,#4878,#4879);
#4117=AXIS2_PLACEMENT_3D('',#6301,#4882,#4883);
#4118=AXIS2_PLACEMENT_3D('',#6305,#4885,#4886);
#4119=AXIS2_PLACEMENT_3D('',#6309,#4888,#4889);
#4120=AXIS2_PLACEMENT_3D('',#6312,#4891,#4892);
#4121=AXIS2_PLACEMENT_3D('',#6314,#4893,#4894);
#4122=AXIS2_PLACEMENT_3D('',#6316,#4895,#4896);
#4123=AXIS2_PLACEMENT_3D('',#6318,#4897,#4898);
#4124=AXIS2_PLACEMENT_3D('',#6320,#4899,#4900);
#4125=AXIS2_PLACEMENT_3D('',#6322,#4901,#4902);
#4126=AXIS2_PLACEMENT_3D('',#6324,#4903,#4904);
#4127=AXIS2_PLACEMENT_3D('',#6325,#4905,#4906);
#4128=AXIS2_PLACEMENT_3D('',#6333,#4911,#4912);
#4129=AXIS2_PLACEMENT_3D('',#6338,#4916,#4917);
#4130=AXIS2_PLACEMENT_3D('',#6346,#4922,#4923);
#4131=AXIS2_PLACEMENT_3D('',#6347,#4924,#4925);
#4132=AXIS2_PLACEMENT_3D('',#6350,#4927,#4928);
#4133=AXIS2_PLACEMENT_3D('',#6351,#4929,#4930);
#4134=AXIS2_PLACEMENT_3D('',#6352,#4931,#4932);
#4135=AXIS2_PLACEMENT_3D('',#6354,#4933,#4934);
#4136=AXIS2_PLACEMENT_3D('',#6357,#4937,#4938);
#4137=AXIS2_PLACEMENT_3D('',#6358,#4939,#4940);
#4138=AXIS2_PLACEMENT_3D('',#6363,#4942,#4943);
#4139=AXIS2_PLACEMENT_3D('',#6367,#4945,#4946);
#4140=AXIS2_PLACEMENT_3D('',#6371,#4948,#4949);
#4141=AXIS2_PLACEMENT_3D('',#6376,#4953,#4954);
#4142=AXIS2_PLACEMENT_3D('',#6381,#4956,#4957);
#4143=AXIS2_PLACEMENT_3D('',#6390,#4962,#4963);
#4144=AXIS2_PLACEMENT_3D('',#6393,#4965,#4966);
#4145=AXIS2_PLACEMENT_3D('',#6394,#4967,#4968);
#4146=AXIS2_PLACEMENT_3D('',#6400,#4972,#4973);
#4147=AXIS2_PLACEMENT_3D('',#6404,#4977,#4978);
#4148=AXIS2_PLACEMENT_3D('',#6407,#4981,#4982);
#4149=AXIS2_PLACEMENT_3D('',#6410,#4985,#4986);
#4150=AXIS2_PLACEMENT_3D('',#6417,#4991,#4992);
#4151=AXIS2_PLACEMENT_3D('',#6419,#4994,#4995);
#4152=AXIS2_PLACEMENT_3D('',#6420,#4996,#4997);
#4153=AXIS2_PLACEMENT_3D('',#6421,#4998,#4999);
#4154=AXIS2_PLACEMENT_3D('',#6427,#5003,#5004);
#4155=AXIS2_PLACEMENT_3D('',#6429,#5005,#5006);
#4156=AXIS2_PLACEMENT_3D('',#6432,#5008,#5009);
#4157=AXIS2_PLACEMENT_3D('',#6434,#5010,#5011);
#4158=AXIS2_PLACEMENT_3D('',#6435,#5012,#5013);
#4159=AXIS2_PLACEMENT_3D('',#6442,#5018,#5019);
#4160=AXIS2_PLACEMENT_3D('',#6444,#5020,#5021);
#4161=AXIS2_PLACEMENT_3D('',#6446,#5022,#5023);
#4162=AXIS2_PLACEMENT_3D('',#6448,#5024,#5025);
#4163=AXIS2_PLACEMENT_3D('',#6449,#5026,#5027);
#4164=AXIS2_PLACEMENT_3D('',#6453,#5030,#5031);
#4165=AXIS2_PLACEMENT_3D('',#6454,#5032,#5033);
#4166=AXIS2_PLACEMENT_3D('',#6459,#5037,#5038);
#4167=AXIS2_PLACEMENT_3D('',#6461,#5040,#5041);
#4168=AXIS2_PLACEMENT_3D('',#6466,#5045,#5046);
#4169=AXIS2_PLACEMENT_3D('',#6468,#5047,#5048);
#4170=AXIS2_PLACEMENT_3D('',#6470,#5049,#5050);
#4171=AXIS2_PLACEMENT_3D('',#6472,#5051,#5052);
#4172=AXIS2_PLACEMENT_3D('',#6473,#5053,#5054);
#4173=AXIS2_PLACEMENT_3D('',#6474,#5055,#5056);
#4174=AXIS2_PLACEMENT_3D('',#6475,#5057,#5058);
#4175=AXIS2_PLACEMENT_3D('',#6476,#5059,#5060);
#4176=AXIS2_PLACEMENT_3D('',#6484,#5062,#5063);
#4177=AXIS2_PLACEMENT_3D('',#6486,#5065,#5066);
#4178=AXIS2_PLACEMENT_3D('',#6488,#5068,#5069);
#4179=AXIS2_PLACEMENT_3D('',#6490,#5071,#5072);
#4180=AXIS2_PLACEMENT_3D('',#6492,#5074,#5075);
#4181=AXIS2_PLACEMENT_3D('',#6499,#5079,#5080);
#4182=AXIS2_PLACEMENT_3D('',#6501,#5082,#5083);
#4183=AXIS2_PLACEMENT_3D('',#6503,#5085,#5086);
#4184=AXIS2_PLACEMENT_3D('',#6507,#5089,#5090);
#4185=AXIS2_PLACEMENT_3D('',#6509,#5092,#5093);
#4186=AXIS2_PLACEMENT_3D('',#6511,#5094,#5095);
#4187=AXIS2_PLACEMENT_3D('',#6512,#5096,#5097);
#4188=AXIS2_PLACEMENT_3D('',#6514,#5098,#5099);
#4189=AXIS2_PLACEMENT_3D('',#6515,#5100,#5101);
#4190=AXIS2_PLACEMENT_3D('',#6516,#5102,#5103);
#4191=AXIS2_PLACEMENT_3D('',#6518,#5105,#5106);
#4192=AXIS2_PLACEMENT_3D('',#6519,#5107,#5108);
#4193=AXIS2_PLACEMENT_3D('',#6520,#5109,#5110);
#4194=AXIS2_PLACEMENT_3D('',#6523,#5113,#5114);
#4195=AXIS2_PLACEMENT_3D('',#6526,#5117,#5118);
#4196=AXIS2_PLACEMENT_3D('',#6527,#5119,#5120);
#4197=AXIS2_PLACEMENT_3D('',#6528,#5121,#5122);
#4198=AXIS2_PLACEMENT_3D('',#6529,#5123,#5124);
#4199=AXIS2_PLACEMENT_3D('',#6530,#5125,#5126);
#4200=AXIS2_PLACEMENT_3D('',#6535,#5129,#5130);
#4201=AXIS2_PLACEMENT_3D('',#6536,#5131,#5132);
#4202=AXIS2_PLACEMENT_3D('',#6541,#5134,#5135);
#4203=AXIS2_PLACEMENT_3D('',#6544,#5137,#5138);
#4204=AXIS2_PLACEMENT_3D('',#6547,#5140,#5141);
#4205=AXIS2_PLACEMENT_3D('',#6548,#5142,#5143);
#4206=AXIS2_PLACEMENT_3D('',#6550,#5145,#5146);
#4207=AXIS2_PLACEMENT_3D('',#6555,#5149,#5150);
#4208=AXIS2_PLACEMENT_3D('',#6556,#5151,#5152);
#4209=AXIS2_PLACEMENT_3D('',#6560,#5154,#5155);
#4210=AXIS2_PLACEMENT_3D('',#6564,#5157,#5158);
#4211=AXIS2_PLACEMENT_3D('',#6567,#5160,#5161);
#4212=AXIS2_PLACEMENT_3D('',#6568,#5162,#5163);
#4213=AXIS2_PLACEMENT_3D('',#6570,#5165,#5166);
#4214=AXIS2_PLACEMENT_3D('',#6572,#5168,#5169);
#4215=AXIS2_PLACEMENT_3D('',#6574,#5171,#5172);
#4216=AXIS2_PLACEMENT_3D('',#6575,#5173,#5174);
#4217=AXIS2_PLACEMENT_3D('',#6576,#5175,#5176);
#4218=AXIS2_PLACEMENT_3D('',#6580,#5179,#5180);
#4219=AXIS2_PLACEMENT_3D('',#6581,#5181,#5182);
#4220=AXIS2_PLACEMENT_3D('',#6584,#5185,#5186);
#4221=AXIS2_PLACEMENT_3D('',#6587,#5189,#5190);
#4222=AXIS2_PLACEMENT_3D('',#6591,#5193,#5194);
#4223=AXIS2_PLACEMENT_3D('',#6592,#5195,#5196);
#4224=AXIS2_PLACEMENT_3D('',#6594,#5198,#5199);
#4225=AXIS2_PLACEMENT_3D('',#6596,#5201,#5202);
#4226=AXIS2_PLACEMENT_3D('',#6598,#5204,#5205);
#4227=AXIS2_PLACEMENT_3D('',#6600,#5207,#5208);
#4228=AXIS2_PLACEMENT_3D('',#6601,#5209,#5210);
#4229=AXIS2_PLACEMENT_3D('',#6602,#5211,#5212);
#4230=AXIS2_PLACEMENT_3D('',#6603,#5213,#5214);
#4231=AXIS2_PLACEMENT_3D('',#6604,#5215,#5216);
#4232=AXIS2_PLACEMENT_3D('',#6605,#5217,#5218);
#4233=AXIS2_PLACEMENT_3D('',#6607,#5220,#5221);
#4234=AXIS2_PLACEMENT_3D('',#6609,#5223,#5224);
#4235=AXIS2_PLACEMENT_3D('',#6611,#5226,#5227);
#4236=AXIS2_PLACEMENT_3D('',#6613,#5229,#5230);
#4237=AXIS2_PLACEMENT_3D('',#6615,#5232,#5233);
#4238=AXIS2_PLACEMENT_3D('',#6617,#5235,#5236);
#4239=AXIS2_PLACEMENT_3D('',#6619,#5238,#5239);
#4240=AXIS2_PLACEMENT_3D('',#6621,#5241,#5242);
#4241=AXIS2_PLACEMENT_3D('',#6623,#5243,#5244);
#4242=AXIS2_PLACEMENT_3D('',#6625,#5246,#5247);
#4243=AXIS2_PLACEMENT_3D('',#6626,#5248,#5249);
#4244=AXIS2_PLACEMENT_3D('',#6628,#5250,#5251);
#4245=AXIS2_PLACEMENT_3D('',#6630,#5253,#5254);
#4246=AXIS2_PLACEMENT_3D('',#6631,#5255,#5256);
#4247=AXIS2_PLACEMENT_3D('',#6633,#5258,#5259);
#4248=AXIS2_PLACEMENT_3D('',#6635,#5261,#5262);
#4249=AXIS2_PLACEMENT_3D('',#6636,#5263,#5264);
#4250=AXIS2_PLACEMENT_3D('',#6637,#5265,#5266);
#4251=AXIS2_PLACEMENT_3D('',#6638,#5267,#5268);
#4252=AXIS2_PLACEMENT_3D('',#6639,#5269,#5270);
#4253=AXIS2_PLACEMENT_3D('',#6640,#5271,#5272);
#4254=AXIS2_PLACEMENT_3D('',#6641,#5273,#5274);
#4255=AXIS2_PLACEMENT_3D('',#6642,#5275,#5276);
#4256=AXIS2_PLACEMENT_3D('',#6643,#5277,#5278);
#4257=AXIS2_PLACEMENT_3D('',#6644,#5279,#5280);
#4258=AXIS2_PLACEMENT_3D('',#6645,#5281,#5282);
#4259=AXIS2_PLACEMENT_3D('',#6647,#5283,#5284);
#4260=AXIS2_PLACEMENT_3D('',#6649,#5286,#5287);
#4261=AXIS2_PLACEMENT_3D('',#6650,#5288,#5289);
#4262=AXIS2_PLACEMENT_3D('',#6652,#5290,#5291);
#4263=AXIS2_PLACEMENT_3D('',#6654,#5293,#5294);
#4264=AXIS2_PLACEMENT_3D('',#6655,#5295,#5296);
#4265=AXIS2_PLACEMENT_3D('',#6657,#5297,#5298);
#4266=AXIS2_PLACEMENT_3D('',#6659,#5300,#5301);
#4267=AXIS2_PLACEMENT_3D('',#6660,#5302,#5303);
#4268=AXIS2_PLACEMENT_3D('',#6662,#5304,#5305);
#4269=AXIS2_PLACEMENT_3D('',#6664,#5307,#5308);
#4270=AXIS2_PLACEMENT_3D('',#6665,#5309,#5310);
#4271=AXIS2_PLACEMENT_3D('',#6667,#5311,#5312);
#4272=AXIS2_PLACEMENT_3D('',#6669,#5314,#5315);
#4273=AXIS2_PLACEMENT_3D('',#6670,#5316,#5317);
#4274=AXIS2_PLACEMENT_3D('',#6672,#5318,#5319);
#4275=AXIS2_PLACEMENT_3D('',#6674,#5321,#5322);
#4276=AXIS2_PLACEMENT_3D('',#6675,#5323,#5324);
#4277=AXIS2_PLACEMENT_3D('',#6677,#5325,#5326);
#4278=AXIS2_PLACEMENT_3D('',#6679,#5328,#5329);
#4279=AXIS2_PLACEMENT_3D('',#6680,#5330,#5331);
#4280=AXIS2_PLACEMENT_3D('',#6682,#5332,#5333);
#4281=AXIS2_PLACEMENT_3D('',#6684,#5335,#5336);
#4282=AXIS2_PLACEMENT_3D('',#6685,#5337,#5338);
#4283=AXIS2_PLACEMENT_3D('',#6690,#5343,#5344);
#4284=AXIS2_PLACEMENT_3D('',#6693,#5347,#5348);
#4285=AXIS2_PLACEMENT_3D('',#6696,#5351,#5352);
#4286=AXIS2_PLACEMENT_3D('',#6699,#5355,#5356);
#4287=AXIS2_PLACEMENT_3D('',#6700,#5357,#5358);
#4288=AXIS2_PLACEMENT_3D('',#6701,#5359,#5360);
#4289=AXIS2_PLACEMENT_3D('',#6702,#5361,#5362);
#4290=AXIS2_PLACEMENT_3D('',#6703,#5363,#5364);
#4291=AXIS2_PLACEMENT_3D('',#6705,#5366,#5367);
#4292=DIRECTION('axis',(0.,0.,1.));
#4293=DIRECTION('refdir',(1.,0.,0.));
#4294=DIRECTION('center_axis',(-0.707106781186548,0.,-0.707106781186548));
#4295=DIRECTION('ref_axis',(-0.707106781186548,0.,0.707106781186548));
#4296=DIRECTION('',(0.707106781186548,0.,-0.707106781186548));
#4297=DIRECTION('',(0.,1.,0.));
#4298=DIRECTION('',(0.707106781186548,0.,-0.707106781186548));
#4299=DIRECTION('',(0.,1.,0.));
#4300=DIRECTION('center_axis',(0.,1.,0.));
#4301=DIRECTION('ref_axis',(0.,0.,1.));
#4302=DIRECTION('',(0.,0.,-1.));
#4303=DIRECTION('',(-1.,0.,0.));
#4304=DIRECTION('',(0.,0.,1.));
#4305=DIRECTION('center_axis',(-1.,0.,0.));
#4306=DIRECTION('ref_axis',(0.,0.,1.));
#4307=DIRECTION('',(0.,0.,-1.));
#4308=DIRECTION('',(0.,1.,0.));
#4309=DIRECTION('center_axis',(0.707106781186548,0.,0.707106781186548));
#4310=DIRECTION('ref_axis',(0.707106781186548,0.,-0.707106781186548));
#4311=DIRECTION('',(-0.707106781186548,0.,0.707106781186548));
#4312=DIRECTION('',(0.,-1.,0.));
#4313=DIRECTION('',(-0.707106781186548,0.,0.707106781186548));
#4314=DIRECTION('',(0.,1.,0.));
#4315=DIRECTION('center_axis',(0.,-1.,0.));
#4316=DIRECTION('ref_axis',(0.,0.,-1.));
#4317=DIRECTION('',(1.,0.,0.));
#4318=DIRECTION('',(0.,0.,1.));
#4319=DIRECTION('',(1.,0.,0.));
#4320=DIRECTION('',(0.,0.,1.));
#4321=DIRECTION('',(1.,0.,0.));
#4322=DIRECTION('',(0.,0.,-1.));
#4323=DIRECTION('',(1.,0.,0.));
#4324=DIRECTION('',(-1.,0.,0.));
#4325=DIRECTION('',(0.,0.,1.));
#4326=DIRECTION('',(1.,0.,0.));
#4327=DIRECTION('',(-1.,0.,0.));
#4328=DIRECTION('',(0.,0.,1.));
#4329=DIRECTION('',(-0.850407548045546,0.,-0.526124512094963));
#4330=DIRECTION('',(0.854049539663879,0.,-0.52019167986418));
#4331=DIRECTION('',(0.854049539663851,0.,0.520191679864225));
#4332=DIRECTION('',(-1.,0.,0.));
#4333=DIRECTION('',(0.854049539663883,0.,-0.520191679864171));
#4334=DIRECTION('',(0.857624588515131,0.,0.514276253753031));
#4335=DIRECTION('',(-0.854049539663879,0.,0.520191679864179));
#4336=DIRECTION('',(0.,0.,-1.));
#4337=DIRECTION('',(0.854049539663851,0.,0.520191679864225));
#4338=DIRECTION('',(-0.854049539663883,0.,0.520191679864171));
#4339=DIRECTION('',(0.,0.,-1.));
#4340=DIRECTION('',(-0.854049539663861,0.,-0.520191679864209));
#4341=DIRECTION('',(1.,0.,0.));
#4342=DIRECTION('',(-0.854049539663884,0.,0.520191679864171));
#4343=DIRECTION('',(0.857624588515131,0.,0.514276253753031));
#4344=DIRECTION('',(-1.,0.,0.));
#4345=DIRECTION('',(0.854049539663879,0.,-0.520191679864179));
#4346=DIRECTION('',(-0.850407548045543,0.,-0.526124512094967));
#4347=DIRECTION('',(1.,0.,0.));
#4348=DIRECTION('',(-0.854049539663879,0.,0.520191679864179));
#4349=DIRECTION('',(0.,0.,1.));
#4350=DIRECTION('',(-0.854049539663861,0.,-0.520191679864209));
#4351=DIRECTION('',(0.854049539663883,0.,-0.520191679864172));
#4352=DIRECTION('center_axis',(0.,0.,-1.));
#4353=DIRECTION('ref_axis',(-1.,0.,0.));
#4354=DIRECTION('',(1.,0.,0.));
#4355=DIRECTION('',(0.,1.,0.));
#4356=DIRECTION('center_axis',(0.,0.,-1.));
#4357=DIRECTION('ref_axis',(-1.,0.,0.));
#4358=DIRECTION('center_axis',(1.50148223312224E-13,-6.63396591596245E-15,
1.));
#4359=DIRECTION('ref_axis',(2.9768679745064E-12,-1.,-6.63396591640942E-15));
#4360=DIRECTION('',(1.,0.,0.));
#4361=DIRECTION('center_axis',(1.,0.,0.));
#4362=DIRECTION('ref_axis',(0.,0.,-1.));
#4363=DIRECTION('',(0.,1.,0.));
#4364=DIRECTION('',(0.,0.,1.));
#4365=DIRECTION('center_axis',(1.,0.,0.));
#4366=DIRECTION('ref_axis',(0.,0.,-1.));
#4367=DIRECTION('',(0.,1.,0.));
#4368=DIRECTION('',(0.,0.,1.));
#4369=DIRECTION('',(0.,1.,0.));
#4370=DIRECTION('center_axis',(-1.,0.,0.));
#4371=DIRECTION('ref_axis',(0.,0.,1.));
#4372=DIRECTION('',(0.,1.,0.));
#4373=DIRECTION('',(0.,0.,-1.));
#4374=DIRECTION('',(0.,-1.,0.));
#4375=DIRECTION('center_axis',(0.,-1.,0.));
#4376=DIRECTION('ref_axis',(0.,0.,-1.));
#4377=DIRECTION('',(-1.,0.,0.));
#4378=DIRECTION('',(0.,0.,-1.));
#4379=DIRECTION('',(1.,0.,0.));
#4380=DIRECTION('',(-1.,0.,0.));
#4381=DIRECTION('',(0.,0.,1.));
#4382=DIRECTION('',(-1.,0.,0.));
#4383=DIRECTION('center_axis',(0.,0.,1.));
#4384=DIRECTION('ref_axis',(1.,0.,0.));
#4385=DIRECTION('',(0.,1.,0.));
#4386=DIRECTION('center_axis',(0.52019167986418,0.,0.854049539663879));
#4387=DIRECTION('ref_axis',(0.854049539663879,0.,-0.52019167986418));
#4388=DIRECTION('',(0.,1.,0.));
#4389=DIRECTION('center_axis',(0.52019167986418,0.,0.854049539663879));
#4390=DIRECTION('ref_axis',(0.854049539663879,0.,-0.520191679864179));
#4391=DIRECTION('',(0.,1.,0.));
#4392=DIRECTION('center_axis',(0.526124512094963,0.,-0.850407548045546));
#4393=DIRECTION('ref_axis',(-0.850407548045546,0.,-0.526124512094963));
#4394=DIRECTION('',(0.,1.,0.));
#4395=DIRECTION('center_axis',(0.526124512094963,0.,-0.850407548045546));
#4396=DIRECTION('ref_axis',(-0.850407548045546,0.,-0.526124512094963));
#4397=DIRECTION('center_axis',(0.520191679864172,0.,0.854049539663884));
#4398=DIRECTION('ref_axis',(0.854049539663883,0.,-0.520191679864171));
#4399=DIRECTION('',(0.,1.,0.));
#4400=DIRECTION('center_axis',(0.520191679864172,0.,0.854049539663884));
#4401=DIRECTION('ref_axis',(-0.854049539663884,0.,0.520191679864171));
#4402=DIRECTION('',(0.,1.,0.));
#4403=DIRECTION('center_axis',(0.,0.,1.));
#4404=DIRECTION('ref_axis',(1.,0.,0.));
#4405=DIRECTION('',(0.,1.,0.));
#4406=DIRECTION('center_axis',(0.,0.,1.));
#4407=DIRECTION('ref_axis',(1.,0.,0.));
#4408=DIRECTION('',(-1.,0.,0.));
#4409=DIRECTION('center_axis',(0.,0.,1.));
#4410=DIRECTION('ref_axis',(1.,0.,0.));
#4411=DIRECTION('',(-1.,0.,0.));
#4412=DIRECTION('center_axis',(0.,0.,1.));
#4413=DIRECTION('ref_axis',(1.,0.,0.));
#4414=DIRECTION('center_axis',(1.,0.,0.));
#4415=DIRECTION('ref_axis',(0.,0.,-1.));
#4416=DIRECTION('',(0.,1.,0.));
#4417=DIRECTION('',(0.,1.,0.));
#4418=DIRECTION('',(0.,0.,-1.));
#4419=DIRECTION('',(0.,1.,0.));
#4420=DIRECTION('',(0.,1.,0.));
#4421=DIRECTION('center_axis',(-0.520191679864179,0.,-0.854049539663879));
#4422=DIRECTION('ref_axis',(-0.854049539663879,0.,0.520191679864179));
#4423=DIRECTION('',(0.,1.,0.));
#4424=DIRECTION('center_axis',(-0.520191679864179,0.,-0.854049539663879));
#4425=DIRECTION('ref_axis',(0.854049539663879,0.,-0.520191679864179));
#4426=DIRECTION('center_axis',(1.,0.,0.));
#4427=DIRECTION('ref_axis',(0.,0.,-1.));
#4428=DIRECTION('',(0.,1.,0.));
#4429=DIRECTION('',(0.,0.,1.));
#4430=DIRECTION('',(0.,1.,0.));
#4431=DIRECTION('center_axis',(-0.520191679864172,0.,-0.854049539663884));
#4432=DIRECTION('ref_axis',(-0.854049539663883,0.,0.520191679864171));
#4433=DIRECTION('',(0.,1.,0.));
#4434=DIRECTION('center_axis',(-0.520191679864172,0.,-0.854049539663884));
#4435=DIRECTION('ref_axis',(-0.854049539663884,0.,0.520191679864171));
#4436=DIRECTION('center_axis',(-0.520191679864171,0.,-0.854049539663884));
#4437=DIRECTION('ref_axis',(-0.854049539663884,0.,0.520191679864171));
#4438=DIRECTION('',(0.,1.,0.));
#4439=DIRECTION('center_axis',(-0.520191679864171,0.,-0.854049539663884));
#4440=DIRECTION('ref_axis',(-0.854049539663884,0.,0.520191679864171));
#4441=DIRECTION('',(0.,1.,0.));
#4442=DIRECTION('center_axis',(0.,0.,1.));
#4443=DIRECTION('ref_axis',(1.,0.,0.));
#4444=DIRECTION('',(0.,1.,0.));
#4445=DIRECTION('center_axis',(0.,0.,1.));
#4446=DIRECTION('ref_axis',(1.,0.,0.));
#4447=DIRECTION('center_axis',(0.520191679864179,0.,0.854049539663879));
#4448=DIRECTION('ref_axis',(0.854049539663879,0.,-0.520191679864179));
#4449=DIRECTION('',(0.,1.,0.));
#4450=DIRECTION('center_axis',(0.520191679864179,0.,0.854049539663879));
#4451=DIRECTION('ref_axis',(0.854049539663879,0.,-0.520191679864179));
#4452=DIRECTION('',(0.,1.,0.));
#4453=DIRECTION('center_axis',(0.,0.,-1.));
#4454=DIRECTION('ref_axis',(-1.,0.,0.));
#4455=DIRECTION('',(0.,1.,0.));
#4456=DIRECTION('center_axis',(0.,0.,-1.));
#4457=DIRECTION('ref_axis',(-1.,0.,0.));
#4458=DIRECTION('center_axis',(-0.520191679864179,0.,-0.854049539663879));
#4459=DIRECTION('ref_axis',(-0.854049539663879,0.,0.520191679864179));
#4460=DIRECTION('',(0.,1.,0.));
#4461=DIRECTION('center_axis',(-0.520191679864179,0.,-0.854049539663879));
#4462=DIRECTION('ref_axis',(0.854049539663879,0.,-0.520191679864179));
#4463=DIRECTION('',(0.,1.,0.));
#4464=DIRECTION('center_axis',(0.,0.,-1.));
#4465=DIRECTION('ref_axis',(-1.,0.,0.));
#4466=DIRECTION('',(0.,1.,0.));
#4467=DIRECTION('center_axis',(0.,0.,-1.));
#4468=DIRECTION('ref_axis',(-1.,0.,0.));
#4469=DIRECTION('',(1.,0.,0.));
#4470=DIRECTION('center_axis',(0.,0.,-1.));
#4471=DIRECTION('ref_axis',(-1.,0.,0.));
#4472=DIRECTION('',(1.,0.,0.));
#4473=DIRECTION('center_axis',(0.,0.,-1.));
#4474=DIRECTION('ref_axis',(-1.,0.,0.));
#4475=DIRECTION('center_axis',(0.520191679864172,0.,0.854049539663883));
#4476=DIRECTION('ref_axis',(0.854049539663883,0.,-0.520191679864172));
#4477=DIRECTION('',(0.,1.,0.));
#4478=DIRECTION('center_axis',(0.520191679864172,0.,0.854049539663883));
#4479=DIRECTION('ref_axis',(-0.854049539663883,0.,0.520191679864172));
#4480=DIRECTION('',(0.,1.,0.));
#4481=DIRECTION('center_axis',(0.520191679864209,0.,-0.854049539663861));
#4482=DIRECTION('ref_axis',(-0.854049539663861,0.,-0.520191679864209));
#4483=DIRECTION('',(0.,1.,0.));
#4484=DIRECTION('center_axis',(0.520191679864209,0.,-0.854049539663861));
#4485=DIRECTION('ref_axis',(0.854049539663861,0.,0.520191679864209));
#4486=DIRECTION('center_axis',(0.,0.,-1.));
#4487=DIRECTION('ref_axis',(-1.,0.,0.));
#4488=DIRECTION('center_axis',(-3.51876015260534E-16,3.72704378909811E-16,
-1.));
#4489=DIRECTION('ref_axis',(3.26803721836375E-14,1.,3.727043789098E-16));
#4490=DIRECTION('',(1.,0.,0.));
#4491=DIRECTION('',(0.,1.,0.));
#4492=DIRECTION('',(-0.837017802914138,0.547175655164581,0.));
#4493=DIRECTION('',(1.,0.,0.));
#4494=DIRECTION('',(-0.707106781186544,-0.707106781186551,0.));
#4495=DIRECTION('',(-1.,0.,0.));
#4496=DIRECTION('',(-0.64018439966448,0.768221279597376,0.));
#4497=DIRECTION('',(1.,0.,0.));
#4498=DIRECTION('center_axis',(0.,0.,1.));
#4499=DIRECTION('ref_axis',(1.,0.,0.));
#4500=DIRECTION('',(1.,0.,0.));
#4501=DIRECTION('center_axis',(0.,0.,1.));
#4502=DIRECTION('ref_axis',(1.,2.48519153973783E-14,0.));
#4503=DIRECTION('',(0.,-1.,0.));
#4504=DIRECTION('center_axis',(0.,0.,-1.));
#4505=DIRECTION('ref_axis',(-5.12541905832473E-12,1.,0.));
#4506=DIRECTION('',(0.,0.,-1.));
#4507=DIRECTION('',(0.,0.,-1.));
#4508=DIRECTION('center_axis',(0.,0.,1.));
#4509=DIRECTION('ref_axis',(1.,0.,0.));
#4510=DIRECTION('',(-1.,0.,0.));
#4511=DIRECTION('center_axis',(1.,0.,0.));
#4512=DIRECTION('ref_axis',(0.,0.,-1.));
#4513=DIRECTION('center_axis',(-0.707106781186554,0.,0.707106781186541));
#4514=DIRECTION('ref_axis',(0.707106781186541,0.,0.707106781186554));
#4515=DIRECTION('',(-0.707106781186541,0.,-0.707106781186554));
#4516=DIRECTION('',(0.,1.,0.));
#4517=DIRECTION('',(-0.707106781186541,0.,-0.707106781186554));
#4518=DIRECTION('',(0.,-1.,0.));
#4519=DIRECTION('center_axis',(-1.,0.,0.));
#4520=DIRECTION('ref_axis',(0.,0.,1.));
#4521=DIRECTION('',(0.,0.,-1.));
#4522=DIRECTION('',(0.,-1.,0.));
#4523=DIRECTION('',(0.,0.,1.));
#4524=DIRECTION('center_axis',(-0.707106781186541,0.,-0.707106781186554));
#4525=DIRECTION('ref_axis',(-0.707106781186554,0.,0.707106781186541));
#4526=DIRECTION('',(0.707106781186554,0.,-0.707106781186541));
#4527=DIRECTION('',(0.,1.,0.));
#4528=DIRECTION('',(0.707106781186554,0.,-0.707106781186541));
#4529=DIRECTION('',(0.,-1.,0.));
#4530=DIRECTION('center_axis',(0.,0.,-1.));
#4531=DIRECTION('ref_axis',(-1.,0.,0.));
#4532=DIRECTION('',(1.,0.,0.));
#4533=DIRECTION('',(0.,-1.,0.));
#4534=DIRECTION('',(-1.,0.,0.));
#4535=DIRECTION('center_axis',(0.707106781186548,0.,-0.707106781186548));
#4536=DIRECTION('ref_axis',(-0.707106781186548,0.,-0.707106781186548));
#4537=DIRECTION('',(0.707106781186548,0.,0.707106781186548));
#4538=DIRECTION('',(0.,1.,0.));
#4539=DIRECTION('',(0.707106781186548,0.,0.707106781186548));
#4540=DIRECTION('center_axis',(1.,0.,0.));
#4541=DIRECTION('ref_axis',(0.,0.,-1.));
#4542=DIRECTION('',(0.,0.,1.));
#4543=DIRECTION('',(0.,-1.,0.));
#4544=DIRECTION('',(0.,0.,-1.));
#4545=DIRECTION('center_axis',(0.707106781186548,0.,0.707106781186548));
#4546=DIRECTION('ref_axis',(0.707106781186548,0.,-0.707106781186548));
#4547=DIRECTION('',(-0.707106781186548,0.,0.707106781186548));
#4548=DIRECTION('',(0.,1.,0.));
#4549=DIRECTION('',(-0.707106781186548,0.,0.707106781186548));
#4550=DIRECTION('center_axis',(0.,1.,0.));
#4551=DIRECTION('ref_axis',(0.,0.,1.));
#4552=DIRECTION('center_axis',(0.,1.,0.));
#4553=DIRECTION('ref_axis',(0.,0.,1.));
#4554=DIRECTION('',(-1.,0.,0.));
#4555=DIRECTION('',(0.,0.,1.));
#4556=DIRECTION('',(1.,0.,0.));
#4557=DIRECTION('',(0.,0.,1.));
#4558=DIRECTION('',(-1.,0.,0.));
#4559=DIRECTION('',(0.,0.,1.));
#4560=DIRECTION('',(1.,0.,0.));
#4561=DIRECTION('',(0.,0.,-1.));
#4562=DIRECTION('center_axis',(0.,1.,0.));
#4563=DIRECTION('ref_axis',(0.,0.,1.));
#4564=DIRECTION('center_axis',(0.,1.,0.));
#4565=DIRECTION('ref_axis',(0.,0.,1.));
#4566=DIRECTION('',(0.,0.,-1.));
#4567=DIRECTION('',(-1.,0.,0.));
#4568=DIRECTION('',(-0.514495755427526,0.,0.857492925712544));
#4569=DIRECTION('',(-0.196116135138184,0.,0.98058067569092));
#4570=DIRECTION('',(-1.,0.,0.));
#4571=DIRECTION('',(-2.41015951202551E-16,0.,-1.));
#4572=DIRECTION('',(1.,0.,0.));
#4573=DIRECTION('',(-9.59323600292983E-17,0.,-1.));
#4574=DIRECTION('',(-1.,0.,0.));
#4575=DIRECTION('',(0.,0.,-1.));
#4576=DIRECTION('',(1.,0.,0.));
#4577=DIRECTION('',(-7.61594050641744E-16,0.,1.));
#4578=DIRECTION('',(-0.196116135138184,0.,0.98058067569092));
#4579=DIRECTION('',(0.196116135138184,0.,0.98058067569092));
#4580=DIRECTION('',(0.514495755427527,0.,0.857492925712544));
#4581=DIRECTION('center_axis',(0.,1.,0.));
#4582=DIRECTION('ref_axis',(0.,0.,1.));
#4583=DIRECTION('',(-1.,0.,0.));
#4584=DIRECTION('',(0.,0.,-1.));
#4585=DIRECTION('',(1.,0.,0.));
#4586=DIRECTION('',(0.707106781186548,0.,0.707106781186548));
#4587=DIRECTION('',(0.,0.,1.));
#4588=DIRECTION('center_axis',(0.,1.,0.));
#4589=DIRECTION('ref_axis',(-1.,0.,0.));
#4590=DIRECTION('',(-1.,0.,0.));
#4591=DIRECTION('',(0.,0.,1.));
#4592=DIRECTION('',(-0.707106781186548,0.,0.707106781186548));
#4593=DIRECTION('',(-1.,0.,0.));
#4594=DIRECTION('',(-0.707106781186548,0.,-0.707106781186548));
#4595=DIRECTION('',(0.,0.,-1.));
#4596=DIRECTION('',(0.707106781186549,0.,-0.707106781186546));
#4597=DIRECTION('',(1.,0.,0.));
#4598=DIRECTION('',(0.,0.,1.));
#4599=DIRECTION('',(-1.,0.,0.));
#4600=DIRECTION('',(0.,0.,-1.));
#4601=DIRECTION('',(0.707106781186548,0.,-0.707106781186548));
#4602=DIRECTION('',(1.,0.,0.));
#4603=DIRECTION('',(0.707106781186554,0.,-0.707106781186541));
#4604=DIRECTION('center_axis',(0.,1.,0.));
#4605=DIRECTION('ref_axis',(0.,0.,1.));
#4606=DIRECTION('center_axis',(0.,1.,0.));
#4607=DIRECTION('ref_axis',(0.,0.,1.));
#4608=DIRECTION('center_axis',(0.,1.,0.));
#4609=DIRECTION('ref_axis',(0.,0.,1.));
#4610=DIRECTION('center_axis',(0.,1.,0.));
#4611=DIRECTION('ref_axis',(0.,0.,1.));
#4612=DIRECTION('center_axis',(0.,1.,0.));
#4613=DIRECTION('ref_axis',(0.,0.,1.));
#4614=DIRECTION('',(0.,0.,1.));
#4615=DIRECTION('center_axis',(0.,1.,0.));
#4616=DIRECTION('ref_axis',(0.,0.,1.));
#4617=DIRECTION('',(-1.,0.,0.));
#4618=DIRECTION('center_axis',(0.,1.,0.));
#4619=DIRECTION('ref_axis',(0.,0.,1.));
#4620=DIRECTION('',(0.,0.,-1.));
#4621=DIRECTION('center_axis',(0.,1.,0.));
#4622=DIRECTION('ref_axis',(0.,0.,1.));
#4623=DIRECTION('',(1.,0.,0.));
#4624=DIRECTION('center_axis',(0.,1.,0.));
#4625=DIRECTION('ref_axis',(0.,0.,1.));
#4626=DIRECTION('',(-5.97812397875082E-16,0.,1.));
#4627=DIRECTION('center_axis',(0.,1.,0.));
#4628=DIRECTION('ref_axis',(0.,0.,1.));
#4629=DIRECTION('',(1.,0.,8.73618117737828E-16));
#4630=DIRECTION('center_axis',(0.,1.,0.));
#4631=DIRECTION('ref_axis',(0.,0.,1.));
#4632=DIRECTION('',(6.83214169000095E-16,0.,-1.));
#4633=DIRECTION('',(0.707106781186547,0.,-0.707106781186547));
#4634=DIRECTION('',(-1.,0.,0.));
#4635=DIRECTION('',(0.707106781186547,0.,0.707106781186547));
#4636=DIRECTION('',(-6.83214169000096E-16,0.,-1.));
#4637=DIRECTION('center_axis',(0.,1.,0.));
#4638=DIRECTION('ref_axis',(0.,0.,1.));
#4639=DIRECTION('',(1.,0.,9.23669155733225E-16));
#4640=DIRECTION('center_axis',(0.,1.,0.));
#4641=DIRECTION('ref_axis',(0.,0.,1.));
#4642=DIRECTION('',(2.56205313375037E-16,0.,1.));
#4643=DIRECTION('',(-0.707106781186547,0.,0.707106781186548));
#4644=DIRECTION('',(1.,0.,0.));
#4645=DIRECTION('',(-0.707106781186547,0.,-0.707106781186547));
#4646=DIRECTION('center_axis',(0.,1.,0.));
#4647=DIRECTION('ref_axis',(0.,0.,1.));
#4648=DIRECTION('center_axis',(0.,1.,0.));
#4649=DIRECTION('ref_axis',(0.,0.,1.));
#4650=DIRECTION('center_axis',(0.,1.,0.));
#4651=DIRECTION('ref_axis',(0.,0.,1.));
#4652=DIRECTION('center_axis',(0.,1.,0.));
#4653=DIRECTION('ref_axis',(0.,0.,1.));
#4654=DIRECTION('center_axis',(0.,1.,0.));
#4655=DIRECTION('ref_axis',(0.,0.,1.));
#4656=DIRECTION('center_axis',(0.,-1.,0.));
#4657=DIRECTION('ref_axis',(-1.,0.,0.));
#4658=DIRECTION('center_axis',(0.,-1.,0.));
#4659=DIRECTION('ref_axis',(-1.,0.,0.));
#4660=DIRECTION('center_axis',(0.,-1.,0.));
#4661=DIRECTION('ref_axis',(-1.,0.,0.));
#4662=DIRECTION('center_axis',(0.,-1.,0.));
#4663=DIRECTION('ref_axis',(-1.,0.,0.));
#4664=DIRECTION('center_axis',(-0.707106781186541,0.,-0.707106781186554));
#4665=DIRECTION('ref_axis',(-0.707106781186554,0.,0.707106781186541));
#4666=DIRECTION('',(0.,1.,0.));
#4667=DIRECTION('',(0.707106781186554,0.,-0.707106781186541));
#4668=DIRECTION('center_axis',(-0.707106781186548,0.,-0.707106781186548));
#4669=DIRECTION('ref_axis',(-0.707106781186548,0.,0.707106781186548));
#4670=DIRECTION('',(0.707106781186548,0.,-0.707106781186548));
#4671=DIRECTION('',(0.,-1.,0.));
#4672=DIRECTION('',(0.,1.,0.));
#4673=DIRECTION('center_axis',(0.,0.,-1.));
#4674=DIRECTION('ref_axis',(-1.,0.,0.));
#4675=DIRECTION('',(-1.,0.,0.));
#4676=DIRECTION('center_axis',(0.,1.,0.));
#4677=DIRECTION('ref_axis',(-1.,0.,0.));
#4678=DIRECTION('',(0.,0.,1.));
#4679=DIRECTION('',(1.,0.,0.));
#4680=DIRECTION('',(0.,0.,-1.));
#4681=DIRECTION('',(-1.,0.,0.));
#4682=DIRECTION('',(0.707106781186549,0.,-0.707106781186546));
#4683=DIRECTION('',(0.,0.,1.));
#4684=DIRECTION('',(-0.707106781186548,0.,-0.707106781186548));
#4685=DIRECTION('',(1.,0.,0.));
#4686=DIRECTION('',(-0.707106781186548,0.,0.707106781186548));
#4687=DIRECTION('',(0.,0.,-1.));
#4688=DIRECTION('',(1.,0.,0.));
#4689=DIRECTION('center_axis',(0.,-1.,0.));
#4690=DIRECTION('ref_axis',(-1.,0.,0.));
#4691=DIRECTION('',(0.,0.,-1.));
#4692=DIRECTION('',(0.707106781186548,0.,0.707106781186548));
#4693=DIRECTION('',(-1.,0.,0.));
#4694=DIRECTION('',(0.,0.,1.));
#4695=DIRECTION('',(1.,0.,0.));
#4696=DIRECTION('center_axis',(0.707106781186548,0.,0.707106781186548));
#4697=DIRECTION('ref_axis',(0.707106781186548,0.,-0.707106781186548));
#4698=DIRECTION('',(0.,-1.,0.));
#4699=DIRECTION('',(0.,1.,0.));
#4700=DIRECTION('center_axis',(0.,0.,1.));
#4701=DIRECTION('ref_axis',(1.,0.,0.));
#4702=DIRECTION('',(0.,1.,0.));
#4703=DIRECTION('center_axis',(-0.707106781186548,0.,0.707106781186548));
#4704=DIRECTION('ref_axis',(0.707106781186548,0.,0.707106781186548));
#4705=DIRECTION('',(0.,-1.,0.));
#4706=DIRECTION('center_axis',(-1.,0.,0.));
#4707=DIRECTION('ref_axis',(0.,0.,1.));
#4708=DIRECTION('',(0.,1.,0.));
#4709=DIRECTION('center_axis',(-0.707106781186546,0.,-0.707106781186549));
#4710=DIRECTION('ref_axis',(-0.707106781186549,0.,0.707106781186546));
#4711=DIRECTION('',(0.,-1.,0.));
#4712=DIRECTION('center_axis',(0.,0.,-1.));
#4713=DIRECTION('ref_axis',(-1.,0.,0.));
#4714=DIRECTION('',(0.,1.,0.));
#4715=DIRECTION('center_axis',(0.707106781186548,0.,-0.707106781186548));
#4716=DIRECTION('ref_axis',(-0.707106781186548,0.,-0.707106781186548));
#4717=DIRECTION('',(0.,-1.,0.));
#4718=DIRECTION('',(0.,1.,0.));
#4719=DIRECTION('center_axis',(0.,0.,-1.));
#4720=DIRECTION('ref_axis',(-1.,0.,0.));
#4721=DIRECTION('',(0.,1.,0.));
#4722=DIRECTION('center_axis',(-1.,0.,0.));
#4723=DIRECTION('ref_axis',(0.,0.,1.));
#4724=DIRECTION('center_axis',(0.,0.,1.));
#4725=DIRECTION('ref_axis',(1.,0.,0.));
#4726=DIRECTION('',(0.,1.,0.));
#4727=DIRECTION('center_axis',(-1.,0.,0.));
#4728=DIRECTION('ref_axis',(0.,0.,1.));
#4729=DIRECTION('center_axis',(1.,0.,0.));
#4730=DIRECTION('ref_axis',(0.,0.,-1.));
#4731=DIRECTION('',(0.,1.,0.));
#4732=DIRECTION('center_axis',(0.,1.,0.));
#4733=DIRECTION('ref_axis',(-1.,0.,0.));
#4734=DIRECTION('',(0.,1.,0.));
#4735=DIRECTION('center_axis',(0.,0.,1.));
#4736=DIRECTION('ref_axis',(1.,0.,0.));
#4737=DIRECTION('',(0.,1.,0.));
#4738=DIRECTION('center_axis',(1.,0.,0.));
#4739=DIRECTION('ref_axis',(0.,0.,-1.));
#4740=DIRECTION('center_axis',(1.,0.,0.));
#4741=DIRECTION('ref_axis',(0.,0.,-1.));
#4742=DIRECTION('',(0.,1.,0.));
#4743=DIRECTION('center_axis',(0.,0.,1.));
#4744=DIRECTION('ref_axis',(1.,0.,0.));
#4745=DIRECTION('center_axis',(0.,1.,0.));
#4746=DIRECTION('ref_axis',(-1.,0.,0.));
#4747=DIRECTION('center_axis',(0.,1.,0.));
#4748=DIRECTION('ref_axis',(-1.,0.,0.));
#4749=DIRECTION('',(0.,-1.,0.));
#4750=DIRECTION('center_axis',(0.,1.,0.));
#4751=DIRECTION('ref_axis',(-1.,0.,0.));
#4752=DIRECTION('center_axis',(0.,-1.,0.));
#4753=DIRECTION('ref_axis',(0.,0.,-1.));
#4754=DIRECTION('',(1.,0.,0.));
#4755=DIRECTION('center_axis',(0.,-1.,0.));
#4756=DIRECTION('ref_axis',(-1.,0.,0.));
#4757=DIRECTION('',(0.,-1.,0.));
#4758=DIRECTION('center_axis',(0.,-1.,0.));
#4759=DIRECTION('ref_axis',(-1.,0.,0.));
#4760=DIRECTION('center_axis',(0.,1.,0.));
#4761=DIRECTION('ref_axis',(-1.,0.,0.));
#4762=DIRECTION('center_axis',(0.,-1.,0.));
#4763=DIRECTION('ref_axis',(-1.,0.,0.));
#4764=DIRECTION('',(0.,-1.,0.));
#4765=DIRECTION('center_axis',(0.,-1.,0.));
#4766=DIRECTION('ref_axis',(-1.,0.,0.));
#4767=DIRECTION('center_axis',(0.,1.,0.));
#4768=DIRECTION('ref_axis',(-1.,0.,0.));
#4769=DIRECTION('center_axis',(0.,-1.,0.));
#4770=DIRECTION('ref_axis',(-1.,0.,0.));
#4771=DIRECTION('',(0.,-1.,0.));
#4772=DIRECTION('center_axis',(0.,-1.,0.));
#4773=DIRECTION('ref_axis',(-1.,0.,0.));
#4774=DIRECTION('center_axis',(0.,1.,0.));
#4775=DIRECTION('ref_axis',(-1.,0.,0.));
#4776=DIRECTION('center_axis',(0.,-1.,0.));
#4777=DIRECTION('ref_axis',(0.,0.,-1.));
#4778=DIRECTION('',(0.,0.,-1.));
#4779=DIRECTION('',(-1.,0.,0.));
#4780=DIRECTION('',(0.,0.,1.));
#4781=DIRECTION('',(1.,0.,0.));
#4782=DIRECTION('center_axis',(0.,0.,-1.));
#4783=DIRECTION('ref_axis',(1.,0.,0.));
#4784=DIRECTION('center_axis',(0.,0.,1.));
#4785=DIRECTION('ref_axis',(1.,0.,0.));
#4786=DIRECTION('',(0.,-1.,0.));
#4787=DIRECTION('center_axis',(0.,-1.,0.));
#4788=DIRECTION('ref_axis',(0.,0.,-1.));
#4789=DIRECTION('',(0.,0.,-1.));
#4790=DIRECTION('',(-1.,0.,0.));
#4791=DIRECTION('',(0.,0.,1.));
#4792=DIRECTION('',(1.,0.,0.));
#4793=DIRECTION('center_axis',(0.,0.,1.));
#4794=DIRECTION('ref_axis',(-1.,0.,0.));
#4795=DIRECTION('',(0.,-1.,0.));
#4796=DIRECTION('center_axis',(0.,0.,-1.));
#4797=DIRECTION('ref_axis',(1.,0.,0.));
#4798=DIRECTION('center_axis',(0.,0.,-1.));
#4799=DIRECTION('ref_axis',(-1.,0.,0.));
#4800=DIRECTION('center_axis',(0.,0.,-1.));
#4801=DIRECTION('ref_axis',(-1.,0.,0.));
#4802=DIRECTION('',(0.,-1.,0.));
#4803=DIRECTION('center_axis',(0.,0.,1.));
#4804=DIRECTION('ref_axis',(1.,0.,0.));
#4805=DIRECTION('',(0.,-1.,0.));
#4806=DIRECTION('center_axis',(0.,0.,1.));
#4807=DIRECTION('ref_axis',(1.,0.,0.));
#4808=DIRECTION('center_axis',(0.,0.,1.));
#4809=DIRECTION('ref_axis',(1.,0.,0.));
#4810=DIRECTION('center_axis',(0.,0.,1.));
#4811=DIRECTION('ref_axis',(1.,0.,0.));
#4812=DIRECTION('',(0.,-1.,0.));
#4813=DIRECTION('center_axis',(0.,0.,1.));
#4814=DIRECTION('ref_axis',(2.35794437264634E-14,-1.,0.));
#4815=DIRECTION('center_axis',(-1.,0.,0.));
#4816=DIRECTION('ref_axis',(0.,0.,1.));
#4817=DIRECTION('',(0.,0.,1.));
#4818=DIRECTION('',(0.,-1.,0.));
#4819=DIRECTION('center_axis',(0.,-1.,0.));
#4820=DIRECTION('ref_axis',(0.,0.,-1.));
#4821=DIRECTION('',(-0.196116135138184,0.,-0.98058067569092));
#4822=DIRECTION('',(-1.,0.,0.));
#4823=DIRECTION('center_axis',(0.,-1.,0.));
#4824=DIRECTION('ref_axis',(0.,0.,-1.));
#4825=DIRECTION('',(1.,0.,9.23669155733225E-16));
#4826=DIRECTION('center_axis',(0.,-1.,0.));
#4827=DIRECTION('ref_axis',(0.,0.,-1.));
#4828=DIRECTION('',(-8.88178419700126E-16,0.,-1.));
#4829=DIRECTION('center_axis',(0.,-1.,0.));
#4830=DIRECTION('ref_axis',(0.,0.,-1.));
#4831=DIRECTION('',(-1.,0.,2.76662555939808E-15));
#4832=DIRECTION('',(0.,0.,1.));
#4833=DIRECTION('center_axis',(0.,-1.,0.));
#4834=DIRECTION('ref_axis',(0.,0.,-1.));
#4835=DIRECTION('center_axis',(0.,-1.,0.));
#4836=DIRECTION('ref_axis',(0.,0.,-1.));
#4837=DIRECTION('',(-1.53939484676717E-16,0.,1.));
#4838=DIRECTION('',(-0.196116135138184,0.,-0.98058067569092));
#4839=DIRECTION('center_axis',(0.,-1.,0.));
#4840=DIRECTION('ref_axis',(0.,0.,-1.));
#4841=DIRECTION('',(-0.196116135138184,0.,-0.98058067569092));
#4842=DIRECTION('',(0.196116135138184,0.,-0.98058067569092));
#4843=DIRECTION('center_axis',(0.,-1.,0.));
#4844=DIRECTION('ref_axis',(0.,0.,-1.));
#4845=DIRECTION('',(0.196116135138184,0.,-0.98058067569092));
#4846=DIRECTION('center_axis',(0.,1.,0.));
#4847=DIRECTION('ref_axis',(0.,0.,1.));
#4848=DIRECTION('',(-1.57001235805578E-16,0.,1.));
#4849=DIRECTION('',(1.,0.,0.));
#4850=DIRECTION('center_axis',(-1.15648231731787E-16,1.,0.));
#4851=DIRECTION('ref_axis',(-1.,-1.15648231731787E-16,0.));
#4852=DIRECTION('',(5.97812397875082E-16,0.,-1.));
#4853=DIRECTION('',(-0.707106781186548,0.,-0.707106781186547));
#4854=DIRECTION('',(1.,9.25185853854298E-17,0.));
#4855=DIRECTION('',(-0.707106781186547,0.,0.707106781186548));
#4856=DIRECTION('',(0.,0.,1.));
#4857=DIRECTION('center_axis',(0.,1.,0.));
#4858=DIRECTION('ref_axis',(0.,0.,1.));
#4859=DIRECTION('',(1.,0.,0.));
#4860=DIRECTION('',(0.,0.,-1.));
#4861=DIRECTION('',(1.,0.,0.));
#4862=DIRECTION('',(0.,0.,1.));
#4863=DIRECTION('center_axis',(0.,1.,0.));
#4864=DIRECTION('ref_axis',(0.,0.,1.));
#4865=DIRECTION('',(0.,0.,1.));
#4866=DIRECTION('center_axis',(0.,1.,0.));
#4867=DIRECTION('ref_axis',(0.,0.,1.));
#4868=DIRECTION('',(0.,0.,1.));
#4869=DIRECTION('',(0.,0.,-1.));
#4870=DIRECTION('',(-1.,0.,1.75179306346603E-15));
#4871=DIRECTION('center_axis',(0.,1.,0.));
#4872=DIRECTION('ref_axis',(0.,0.,1.));
#4873=DIRECTION('',(0.,0.,1.));
#4874=DIRECTION('',(0.707106781186547,0.,0.707106781186548));
#4875=DIRECTION('',(-1.,-9.25185853854298E-17,0.));
#4876=DIRECTION('',(0.707106781186548,0.,-0.707106781186548));
#4877=DIRECTION('',(-2.56205313375036E-16,0.,-1.));
#4878=DIRECTION('center_axis',(-1.15648231731787E-16,1.,0.));
#4879=DIRECTION('ref_axis',(-1.,-1.15648231731787E-16,0.));
#4880=DIRECTION('',(-1.,0.,-4.37802646688248E-16));
#4881=DIRECTION('',(-1.34572487833352E-16,0.,1.));
#4882=DIRECTION('center_axis',(0.,1.,0.));
#4883=DIRECTION('ref_axis',(0.,0.,1.));
#4884=DIRECTION('',(1.,0.,0.));
#4885=DIRECTION('center_axis',(0.,1.,0.));
#4886=DIRECTION('ref_axis',(0.,0.,1.));
#4887=DIRECTION('',(0.,0.,-1.));
#4888=DIRECTION('center_axis',(0.,1.,0.));
#4889=DIRECTION('ref_axis',(0.,0.,1.));
#4890=DIRECTION('',(-1.,0.,0.));
#4891=DIRECTION('center_axis',(0.,1.,0.));
#4892=DIRECTION('ref_axis',(0.,0.,1.));
#4893=DIRECTION('center_axis',(0.,-1.,0.));
#4894=DIRECTION('ref_axis',(0.,0.,-1.));
#4895=DIRECTION('center_axis',(0.,-1.,0.));
#4896=DIRECTION('ref_axis',(0.,0.,-1.));
#4897=DIRECTION('center_axis',(0.,-1.,0.));
#4898=DIRECTION('ref_axis',(0.,0.,-1.));
#4899=DIRECTION('center_axis',(0.,-1.,0.));
#4900=DIRECTION('ref_axis',(0.,0.,-1.));
#4901=DIRECTION('center_axis',(0.,1.,0.));
#4902=DIRECTION('ref_axis',(0.,0.,1.));
#4903=DIRECTION('center_axis',(0.,1.,0.));
#4904=DIRECTION('ref_axis',(0.,0.,1.));
#4905=DIRECTION('center_axis',(0.,0.,-1.));
#4906=DIRECTION('ref_axis',(-1.,0.,0.));
#4907=DIRECTION('',(0.,1.,0.));
#4908=DIRECTION('',(-0.83701780291414,0.547175655164578,0.));
#4909=DIRECTION('',(1.,0.,0.));
#4910=DIRECTION('',(0.,-1.,0.));
#4911=DIRECTION('center_axis',(-7.47541475089296E-17,0.,1.));
#4912=DIRECTION('ref_axis',(1.,0.,7.47541475089296E-17));
#4913=DIRECTION('',(0.837017802914139,-0.54717565516458,6.66569866412286E-16));
#4914=DIRECTION('',(0.,1.,0.));
#4915=DIRECTION('',(0.,1.,-9.25185853854296E-17));
#4916=DIRECTION('center_axis',(0.,-1.,0.));
#4917=DIRECTION('ref_axis',(0.,0.,-1.));
#4918=DIRECTION('',(-0.854049539663915,0.,0.52019167986412));
#4919=DIRECTION('',(0.,0.,-1.));
#4920=DIRECTION('',(-1.,0.,0.));
#4921=DIRECTION('',(0.,0.,1.));
#4922=DIRECTION('center_axis',(0.,0.,-1.));
#4923=DIRECTION('ref_axis',(-6.12323399573677E-17,1.,0.));
#4924=DIRECTION('center_axis',(0.526124512094967,0.,-0.850407548045543));
#4925=DIRECTION('ref_axis',(-0.850407548045543,0.,-0.526124512094967));
#4926=DIRECTION('',(0.,0.,-1.));
#4927=DIRECTION('center_axis',(0.,0.,-1.));
#4928=DIRECTION('ref_axis',(-1.,0.,0.));
#4929=DIRECTION('center_axis',(-0.520191679864179,0.,-0.854049539663879));
#4930=DIRECTION('ref_axis',(0.854049539663879,0.,-0.520191679864179));
#4931=DIRECTION('center_axis',(-0.514276253753031,0.,0.857624588515131));
#4932=DIRECTION('ref_axis',(-0.857624588515131,0.,-0.514276253753031));
#4933=DIRECTION('center_axis',(-0.514276253753031,0.,0.857624588515131));
#4934=DIRECTION('ref_axis',(-0.857624588515131,0.,-0.514276253753031));
#4935=DIRECTION('',(0.,0.,-1.));
#4936=DIRECTION('',(0.,0.,-1.));
#4937=DIRECTION('center_axis',(-0.514276253753031,0.,0.857624588515131));
#4938=DIRECTION('ref_axis',(-0.857624588515131,0.,-0.514276253753031));
#4939=DIRECTION('center_axis',(0.,0.,-1.));
#4940=DIRECTION('ref_axis',(-1.,0.,0.));
#4941=DIRECTION('',(1.,0.,0.));
#4942=DIRECTION('center_axis',(0.,0.,-1.));
#4943=DIRECTION('ref_axis',(-1.,0.,0.));
#4944=DIRECTION('',(-0.395829390679352,-0.918324067785666,0.));
#4945=DIRECTION('center_axis',(0.,0.,-1.));
#4946=DIRECTION('ref_axis',(-1.,0.,0.));
#4947=DIRECTION('',(-1.,0.,0.));
#4948=DIRECTION('center_axis',(0.,0.,-1.));
#4949=DIRECTION('ref_axis',(-1.,0.,0.));
#4950=DIRECTION('',(-1.,0.,0.));
#4951=DIRECTION('',(0.,-1.,0.));
#4952=DIRECTION('',(0.,-1.,0.));
#4953=DIRECTION('center_axis',(0.,0.,1.));
#4954=DIRECTION('ref_axis',(1.,0.,0.));
#4955=DIRECTION('',(0.395829390679352,0.918324067785666,0.));
#4956=DIRECTION('center_axis',(0.,0.,1.));
#4957=DIRECTION('ref_axis',(1.,0.,0.));
#4958=DIRECTION('',(-1.,0.,0.));
#4959=DIRECTION('',(0.,-1.,0.));
#4960=DIRECTION('',(0.,-1.,0.));
#4961=DIRECTION('',(1.,0.,0.));
#4962=DIRECTION('center_axis',(0.,0.,1.));
#4963=DIRECTION('ref_axis',(1.,0.,0.));
#4964=DIRECTION('',(1.,0.,0.));
#4965=DIRECTION('center_axis',(0.,0.,1.));
#4966=DIRECTION('ref_axis',(1.,0.,0.));
#4967=DIRECTION('center_axis',(0.707106781186551,-0.707106781186544,0.));
#4968=DIRECTION('ref_axis',(0.,0.,-1.));
#4969=DIRECTION('',(0.707106781186544,0.707106781186551,0.));
#4970=DIRECTION('',(0.,0.,1.));
#4971=DIRECTION('',(0.707106781186544,0.707106781186551,0.));
#4972=DIRECTION('center_axis',(1.,0.,-4.62592926927149E-16));
#4973=DIRECTION('ref_axis',(-4.62592926927149E-16,0.,-1.));
#4974=DIRECTION('',(0.,1.,0.));
#4975=DIRECTION('',(0.,1.,0.));
#4976=DIRECTION('',(0.,-1.,1.48029736616688E-16));
#4977=DIRECTION('center_axis',(-1.,0.,1.73472347597681E-16));
#4978=DIRECTION('ref_axis',(1.73472347597681E-16,0.,1.));
#4979=DIRECTION('',(0.,-1.,0.));
#4980=DIRECTION('',(0.,1.,0.));
#4981=DIRECTION('center_axis',(-1.,0.,-5.78241158658936E-16));
#4982=DIRECTION('ref_axis',(-5.78241158658936E-16,0.,1.));
#4983=DIRECTION('',(0.,1.,0.));
#4984=DIRECTION('',(0.,1.,0.));
#4985=DIRECTION('center_axis',(1.,0.,4.62592926927149E-16));
#4986=DIRECTION('ref_axis',(4.62592926927149E-16,0.,-1.));
#4987=DIRECTION('',(8.88178419700123E-16,0.,-1.));
#4988=DIRECTION('',(0.,1.,0.));
#4989=DIRECTION('',(0.,1.,0.));
#4990=DIRECTION('',(0.,1.,0.));
#4991=DIRECTION('center_axis',(1.,0.,0.));
#4992=DIRECTION('ref_axis',(0.,0.,-1.));
#4993=DIRECTION('',(0.,0.,1.));
#4994=DIRECTION('center_axis',(0.,0.,-1.));
#4995=DIRECTION('ref_axis',(-1.,0.,0.));
#4996=DIRECTION('center_axis',(0.,0.,-1.));
#4997=DIRECTION('ref_axis',(-1.,0.,0.));
#4998=DIRECTION('center_axis',(0.,-1.,0.));
#4999=DIRECTION('ref_axis',(0.,0.,-1.));
#5000=DIRECTION('',(0.196116135138184,0.,-0.98058067569092));
#5001=DIRECTION('',(-1.,0.,0.));
#5002=DIRECTION('',(1.,0.,0.));
#5003=DIRECTION('center_axis',(0.,-1.,0.));
#5004=DIRECTION('ref_axis',(0.,0.,-1.));
#5005=DIRECTION('center_axis',(0.,-1.,0.));
#5006=DIRECTION('ref_axis',(0.,0.,-1.));
#5007=DIRECTION('',(1.,0.,8.73618117737828E-16));
#5008=DIRECTION('center_axis',(0.,-1.,0.));
#5009=DIRECTION('ref_axis',(0.,0.,-1.));
#5010=DIRECTION('center_axis',(0.,-1.,0.));
#5011=DIRECTION('ref_axis',(0.,0.,-1.));
#5012=DIRECTION('center_axis',(0.,-1.,0.));
#5013=DIRECTION('ref_axis',(0.,0.,-1.));
#5014=DIRECTION('',(0.,0.,1.));
#5015=DIRECTION('',(-1.,0.,0.));
#5016=DIRECTION('',(0.,0.,1.));
#5017=DIRECTION('',(0.,0.,1.));
#5018=DIRECTION('center_axis',(0.,-1.,0.));
#5019=DIRECTION('ref_axis',(0.,0.,-1.));
#5020=DIRECTION('center_axis',(0.,-1.,0.));
#5021=DIRECTION('ref_axis',(0.,0.,-1.));
#5022=DIRECTION('center_axis',(0.,-1.,0.));
#5023=DIRECTION('ref_axis',(0.,0.,-1.));
#5024=DIRECTION('center_axis',(0.,-1.,0.));
#5025=DIRECTION('ref_axis',(0.,0.,-1.));
#5026=DIRECTION('center_axis',(-1.,0.,0.));
#5027=DIRECTION('ref_axis',(0.,0.,1.));
#5028=DIRECTION('',(0.,0.,-1.));
#5029=DIRECTION('',(0.,-1.,0.));
#5030=DIRECTION('center_axis',(0.,0.,1.));
#5031=DIRECTION('ref_axis',(1.,0.,0.));
#5032=DIRECTION('center_axis',(3.03243080634724E-15,-4.18691322315663E-15,
-1.));
#5033=DIRECTION('ref_axis',(1.,-1.76255163389595E-14,3.03243080634731E-15));
#5034=DIRECTION('',(0.64018439966448,-0.768221279597376,0.));
#5035=DIRECTION('',(0.837017802914138,-0.547175655164582,0.));
#5036=DIRECTION('',(0.,1.,0.));
#5037=DIRECTION('center_axis',(0.,0.,1.));
#5038=DIRECTION('ref_axis',(6.12323399573677E-17,1.,0.));
#5039=DIRECTION('',(0.,0.,1.));
#5040=DIRECTION('center_axis',(0.,-1.,0.));
#5041=DIRECTION('ref_axis',(0.,0.,-1.));
#5042=DIRECTION('',(0.857624588515131,0.,0.514276253753031));
#5043=DIRECTION('',(0.,0.,1.));
#5044=DIRECTION('',(0.,0.,1.));
#5045=DIRECTION('center_axis',(0.,-1.,0.));
#5046=DIRECTION('ref_axis',(0.,0.,-1.));
#5047=DIRECTION('center_axis',(0.,-1.,0.));
#5048=DIRECTION('ref_axis',(0.,0.,-1.));
#5049=DIRECTION('center_axis',(0.,-1.,0.));
#5050=DIRECTION('ref_axis',(0.,0.,-1.));
#5051=DIRECTION('center_axis',(0.,-1.,0.));
#5052=DIRECTION('ref_axis',(0.,0.,-1.));
#5053=DIRECTION('center_axis',(0.,0.,1.));
#5054=DIRECTION('ref_axis',(5.0532154980743E-16,1.,0.));
#5055=DIRECTION('center_axis',(-0.520191679864225,0.,0.854049539663851));
#5056=DIRECTION('ref_axis',(0.854049539663851,0.,0.520191679864225));
#5057=DIRECTION('center_axis',(0.520191679864209,0.,-0.854049539663861));
#5058=DIRECTION('ref_axis',(0.854049539663861,0.,0.520191679864209));
#5059=DIRECTION('center_axis',(-0.520191679864225,0.,0.854049539663851));
#5060=DIRECTION('ref_axis',(0.854049539663851,0.,0.520191679864225));
#5061=DIRECTION('',(0.,0.,1.));
#5062=DIRECTION('center_axis',(-0.707106781186547,0.,0.707106781186548));
#5063=DIRECTION('ref_axis',(0.707106781186548,0.,0.707106781186547));
#5064=DIRECTION('',(0.,1.,0.));
#5065=DIRECTION('center_axis',(0.707106781186548,0.,0.707106781186547));
#5066=DIRECTION('ref_axis',(0.707106781186547,0.,-0.707106781186548));
#5067=DIRECTION('',(0.,1.,0.));
#5068=DIRECTION('center_axis',(0.707106781186548,0.,-0.707106781186547));
#5069=DIRECTION('ref_axis',(-0.707106781186547,0.,-0.707106781186548));
#5070=DIRECTION('',(0.,1.,0.));
#5071=DIRECTION('center_axis',(-0.707106781186548,0.,-0.707106781186547));
#5072=DIRECTION('ref_axis',(-0.707106781186547,0.,0.707106781186548));
#5073=DIRECTION('',(0.,1.,0.));
#5074=DIRECTION('center_axis',(-0.98058067569092,0.,-0.196116135138184));
#5075=DIRECTION('ref_axis',(-0.196116135138184,0.,0.98058067569092));
#5076=DIRECTION('',(0.,1.,0.));
#5077=DIRECTION('',(-0.196116135138184,0.,0.98058067569092));
#5078=DIRECTION('',(0.,1.,0.));
#5079=DIRECTION('center_axis',(-0.98058067569092,0.,-0.196116135138184));
#5080=DIRECTION('ref_axis',(0.196116135138184,0.,-0.98058067569092));
#5081=DIRECTION('',(0.,-1.,0.));
#5082=DIRECTION('center_axis',(-0.857492925712544,0.,-0.514495755427527));
#5083=DIRECTION('ref_axis',(-0.514495755427527,0.,0.857492925712544));
#5084=DIRECTION('',(0.502030343955219,-0.218791668396867,-0.836717239925364));
#5085=DIRECTION('center_axis',(-0.857492925712544,0.,0.514495755427527));
#5086=DIRECTION('ref_axis',(0.514495755427527,0.,0.857492925712544));
#5087=DIRECTION('',(0.,1.,0.));
#5088=DIRECTION('',(-0.502030343955219,0.218791668396867,-0.836717239925365));
#5089=DIRECTION('center_axis',(-0.98058067569092,0.,0.196116135138184));
#5090=DIRECTION('ref_axis',(0.196116135138184,0.,0.98058067569092));
#5091=DIRECTION('',(0.196116135138184,0.,0.98058067569092));
#5092=DIRECTION('center_axis',(0.768221279597376,0.64018439966448,0.));
#5093=DIRECTION('ref_axis',(0.,0.,-1.));
#5094=DIRECTION('center_axis',(0.768221279597376,0.64018439966448,0.));
#5095=DIRECTION('ref_axis',(-0.64018439966448,0.768221279597376,0.));
#5096=DIRECTION('center_axis',(0.768221279597376,0.64018439966448,0.));
#5097=DIRECTION('ref_axis',(-0.64018439966448,0.768221279597376,0.));
#5098=DIRECTION('center_axis',(0.768221279597376,0.64018439966448,0.));
#5099=DIRECTION('ref_axis',(-0.64018439966448,0.768221279597376,0.));
#5100=DIRECTION('center_axis',(0.768221279597376,0.64018439966448,0.));
#5101=DIRECTION('ref_axis',(-0.64018439966448,0.768221279597376,0.));
#5102=DIRECTION('center_axis',(0.707106781186551,-0.707106781186544,0.));
#5103=DIRECTION('ref_axis',(0.,0.,-1.));
#5104=DIRECTION('',(-0.707106781186544,-0.707106781186551,1.04672830578919E-15));
#5105=DIRECTION('center_axis',(0.,0.,1.));
#5106=DIRECTION('ref_axis',(1.,0.,0.));
#5107=DIRECTION('center_axis',(0.,0.,-1.));
#5108=DIRECTION('ref_axis',(-1.,0.,0.));
#5109=DIRECTION('center_axis',(9.25185853854298E-16,0.,-1.));
#5110=DIRECTION('ref_axis',(-1.,0.,-9.25185853854298E-16));
#5111=DIRECTION('',(0.,1.,0.));
#5112=DIRECTION('',(0.,1.,0.));
#5113=DIRECTION('center_axis',(-9.25185853854298E-16,1.15648231731787E-16,
1.));
#5114=DIRECTION('ref_axis',(1.,0.,9.25185853854298E-16));
#5115=DIRECTION('',(0.,-1.,1.11022302462516E-16));
#5116=DIRECTION('',(0.,-1.,1.11022302462516E-16));
#5117=DIRECTION('center_axis',(0.,-1.,0.));
#5118=DIRECTION('ref_axis',(0.,0.,-1.));
#5119=DIRECTION('center_axis',(0.,-1.,0.));
#5120=DIRECTION('ref_axis',(0.,0.,-1.));
#5121=DIRECTION('center_axis',(-5.34980540107566E-32,1.,-1.15648231731787E-16));
#5122=DIRECTION('ref_axis',(0.,1.15648231731787E-16,1.));
#5123=DIRECTION('center_axis',(-2.00617702540337E-32,1.,-1.15648231731787E-16));
#5124=DIRECTION('ref_axis',(0.,1.15648231731787E-16,1.));
#5125=DIRECTION('center_axis',(-1.,0.,1.88293711876993E-16));
#5126=DIRECTION('ref_axis',(1.88293711876993E-16,0.,1.));
#5127=DIRECTION('',(-2.41015951202551E-16,0.,-1.));
#5128=DIRECTION('',(0.,-1.,0.));
#5129=DIRECTION('center_axis',(1.,0.,0.));
#5130=DIRECTION('ref_axis',(0.,0.,-1.));
#5131=DIRECTION('center_axis',(0.,0.,1.));
#5132=DIRECTION('ref_axis',(1.,0.,0.));
#5133=DIRECTION('',(-0.395829390679352,-0.918324067785666,0.));
#5134=DIRECTION('center_axis',(0.,0.,1.));
#5135=DIRECTION('ref_axis',(1.,0.,0.));
#5136=DIRECTION('',(-1.,0.,0.));
#5137=DIRECTION('center_axis',(0.,0.,1.));
#5138=DIRECTION('ref_axis',(1.,0.,0.));
#5139=DIRECTION('',(-1.,0.,0.));
#5140=DIRECTION('center_axis',(0.,0.,1.));
#5141=DIRECTION('ref_axis',(1.,0.,0.));
#5142=DIRECTION('center_axis',(5.77337465688461E-16,1.,-3.09871675703904E-16));
#5143=DIRECTION('ref_axis',(0.,3.09871675703904E-16,1.));
#5144=DIRECTION('',(2.41015951202551E-16,0.,1.));
#5145=DIRECTION('center_axis',(-1.,0.,0.));
#5146=DIRECTION('ref_axis',(0.,0.,1.));
#5147=DIRECTION('',(0.,0.,-1.));
#5148=DIRECTION('',(0.,-1.,0.));
#5149=DIRECTION('center_axis',(1.,0.,0.));
#5150=DIRECTION('ref_axis',(0.,0.,-1.));
#5151=DIRECTION('center_axis',(0.,0.,-1.));
#5152=DIRECTION('ref_axis',(-1.,0.,0.));
#5153=DIRECTION('',(1.,0.,0.));
#5154=DIRECTION('center_axis',(0.,0.,-1.));
#5155=DIRECTION('ref_axis',(-1.,0.,0.));
#5156=DIRECTION('',(0.395829390679352,0.918324067785666,0.));
#5157=DIRECTION('center_axis',(0.,0.,-1.));
#5158=DIRECTION('ref_axis',(-1.,0.,0.));
#5159=DIRECTION('',(1.,0.,0.));
#5160=DIRECTION('center_axis',(0.,0.,-1.));
#5161=DIRECTION('ref_axis',(-1.,0.,0.));
#5162=DIRECTION('center_axis',(5.77337465688461E-16,1.,-3.09871675703904E-16));
#5163=DIRECTION('ref_axis',(0.,3.09871675703904E-16,1.));
#5164=DIRECTION('',(-2.41291548187578E-16,0.,-1.));
#5165=DIRECTION('center_axis',(0.,0.,-1.));
#5166=DIRECTION('ref_axis',(-1.,0.,0.));
#5167=DIRECTION('',(0.,1.,0.));
#5168=DIRECTION('center_axis',(1.7559165736939E-15,0.,1.));
#5169=DIRECTION('ref_axis',(1.,0.,-1.7559165736939E-15));
#5170=DIRECTION('',(0.,1.,0.));
#5171=DIRECTION('center_axis',(0.,1.,0.));
#5172=DIRECTION('ref_axis',(0.,0.,1.));
#5173=DIRECTION('center_axis',(0.,1.,0.));
#5174=DIRECTION('ref_axis',(0.,0.,1.));
#5175=DIRECTION('center_axis',(0.918324067785666,-0.395829390679352,0.));
#5176=DIRECTION('ref_axis',(0.,0.,-1.));
#5177=DIRECTION('',(-1.35726495855513E-16,0.,-1.));
#5178=DIRECTION('',(0.,0.,1.));
#5179=DIRECTION('center_axis',(0.918324067785666,-0.395829390679352,0.));
#5180=DIRECTION('ref_axis',(0.395829390679352,0.918324067785666,0.));
#5181=DIRECTION('center_axis',(0.,-1.,0.));
#5182=DIRECTION('ref_axis',(0.,0.,-1.));
#5183=DIRECTION('',(0.,0.,1.));
#5184=DIRECTION('',(0.,0.,1.));
#5185=DIRECTION('center_axis',(0.,-1.,0.));
#5186=DIRECTION('ref_axis',(0.,0.,-1.));
#5187=DIRECTION('',(0.,0.,1.));
#5188=DIRECTION('',(0.,0.,1.));
#5189=DIRECTION('center_axis',(0.918324067785666,-0.395829390679352,0.));
#5190=DIRECTION('ref_axis',(0.,0.,-1.));
#5191=DIRECTION('',(0.,0.,1.));
#5192=DIRECTION('',(1.28039724076355E-16,0.,1.));
#5193=DIRECTION('center_axis',(0.918324067785666,-0.395829390679352,0.));
#5194=DIRECTION('ref_axis',(0.395829390679352,0.918324067785666,0.));
#5195=DIRECTION('center_axis',(-1.,0.,1.12420734409334E-16));
#5196=DIRECTION('ref_axis',(1.12420734409334E-16,0.,1.));
#5197=DIRECTION('',(-9.59323600292983E-17,0.,-1.));
#5198=DIRECTION('center_axis',(0.,1.,0.));
#5199=DIRECTION('ref_axis',(0.,0.,1.));
#5200=DIRECTION('',(6.71526520205088E-16,0.,-1.));
#5201=DIRECTION('center_axis',(1.,0.,0.));
#5202=DIRECTION('ref_axis',(0.,0.,-1.));
#5203=DIRECTION('',(1.,0.,0.));
#5204=DIRECTION('center_axis',(1.,0.,0.));
#5205=DIRECTION('ref_axis',(0.,0.,-1.));
#5206=DIRECTION('',(1.,0.,0.));
#5207=DIRECTION('center_axis',(0.,0.,-1.));
#5208=DIRECTION('ref_axis',(-1.,0.,0.));
#5209=DIRECTION('center_axis',(-1.3356539470693E-16,-3.09871675703904E-16,
-1.));
#5210=DIRECTION('ref_axis',(0.,1.,-3.09871675703904E-16));
#5211=DIRECTION('center_axis',(1.3356539470693E-16,3.09871675703904E-16,
1.));
#5212=DIRECTION('ref_axis',(0.,-1.,3.09871675703904E-16));
#5213=DIRECTION('center_axis',(0.,0.,-1.));
#5214=DIRECTION('ref_axis',(-1.,0.,0.));
#5215=DIRECTION('center_axis',(7.53174847507971E-16,0.,-1.));
#5216=DIRECTION('ref_axis',(-1.,0.,-7.53174847507971E-16));
#5217=DIRECTION('center_axis',(0.,-1.,0.));
#5218=DIRECTION('ref_axis',(0.,0.,-1.));
#5219=DIRECTION('',(0.,-1.,0.));
#5220=DIRECTION('center_axis',(0.,-1.,0.));
#5221=DIRECTION('ref_axis',(0.,0.,-1.));
#5222=DIRECTION('',(0.,-1.,0.));
#5223=DIRECTION('center_axis',(0.,-1.,0.));
#5224=DIRECTION('ref_axis',(0.,0.,-1.));
#5225=DIRECTION('',(0.,-1.,0.));
#5226=DIRECTION('center_axis',(0.,-1.,0.));
#5227=DIRECTION('ref_axis',(0.,0.,-1.));
#5228=DIRECTION('',(0.,-1.,0.));
#5229=DIRECTION('center_axis',(0.,1.,0.));
#5230=DIRECTION('ref_axis',(0.,0.,1.));
#5231=DIRECTION('',(0.,1.,0.));
#5232=DIRECTION('center_axis',(0.,1.,0.));
#5233=DIRECTION('ref_axis',(0.,0.,1.));
#5234=DIRECTION('',(0.,1.,0.));
#5235=DIRECTION('center_axis',(0.,1.,0.));
#5236=DIRECTION('ref_axis',(0.,0.,1.));
#5237=DIRECTION('',(0.,1.,0.));
#5238=DIRECTION('center_axis',(0.,1.,0.));
#5239=DIRECTION('ref_axis',(0.,0.,1.));
#5240=DIRECTION('',(0.,1.,0.));
#5241=DIRECTION('center_axis',(0.,1.,0.));
#5242=DIRECTION('ref_axis',(0.,0.,1.));
#5243=DIRECTION('center_axis',(0.54392829322042,0.832050294337845,-0.108785658644084));
#5244=DIRECTION('ref_axis',(-0.815892439830633,0.554700196225228,0.163178487966127));
#5245=DIRECTION('',(0.,1.,0.));
#5246=DIRECTION('center_axis',(0.54392829322042,0.832050294337845,-0.108785658644084));
#5247=DIRECTION('ref_axis',(-0.815892439830633,0.554700196225228,0.163178487966127));
#5248=DIRECTION('center_axis',(0.,1.,0.));
#5249=DIRECTION('ref_axis',(0.,0.,1.));
#5250=DIRECTION('center_axis',(0.54392829322042,0.832050294337845,0.108785658644084));
#5251=DIRECTION('ref_axis',(-0.815892439830633,0.554700196225228,-0.163178487966127));
#5252=DIRECTION('',(0.,1.,0.));
#5253=DIRECTION('center_axis',(0.54392829322042,0.832050294337845,0.108785658644084));
#5254=DIRECTION('ref_axis',(-0.815892439830633,0.554700196225228,-0.163178487966127));
#5255=DIRECTION('center_axis',(0.,1.,0.));
#5256=DIRECTION('ref_axis',(0.,0.,1.));
#5257=DIRECTION('',(0.,1.,0.));
#5258=DIRECTION('center_axis',(0.,1.,0.));
#5259=DIRECTION('ref_axis',(0.,0.,1.));
#5260=DIRECTION('',(0.,1.,0.));
#5261=DIRECTION('center_axis',(-0.520191679864179,0.,-0.854049539663879));
#5262=DIRECTION('ref_axis',(-0.854049539663879,0.,0.520191679864179));
#5263=DIRECTION('center_axis',(-0.514276253753031,0.,0.857624588515131));
#5264=DIRECTION('ref_axis',(0.857624588515131,0.,0.514276253753031));
#5265=DIRECTION('center_axis',(-0.514276253753031,0.,0.857624588515131));
#5266=DIRECTION('ref_axis',(0.857624588515131,0.,0.514276253753031));
#5267=DIRECTION('center_axis',(0.526124512094967,0.,-0.850407548045543));
#5268=DIRECTION('ref_axis',(-0.850407548045543,0.,-0.526124512094967));
#5269=DIRECTION('center_axis',(-0.514276253753031,0.,0.857624588515131));
#5270=DIRECTION('ref_axis',(0.857624588515131,0.,0.514276253753031));
#5271=DIRECTION('center_axis',(-1.,0.,0.));
#5272=DIRECTION('ref_axis',(0.,0.,1.));
#5273=DIRECTION('center_axis',(-1.,0.,0.));
#5274=DIRECTION('ref_axis',(0.,0.,1.));
#5275=DIRECTION('center_axis',(-0.520191679864225,0.,0.854049539663851));
#5276=DIRECTION('ref_axis',(0.854049539663851,0.,0.520191679864225));
#5277=DIRECTION('center_axis',(0.520191679864209,0.,-0.854049539663861));
#5278=DIRECTION('ref_axis',(-0.854049539663861,0.,-0.520191679864209));
#5279=DIRECTION('center_axis',(-0.520191679864225,0.,0.854049539663851));
#5280=DIRECTION('ref_axis',(0.854049539663851,0.,0.520191679864225));
#5281=DIRECTION('center_axis',(0.,-1.,0.));
#5282=DIRECTION('ref_axis',(0.,0.,-1.));
#5283=DIRECTION('center_axis',(0.,-1.,0.));
#5284=DIRECTION('ref_axis',(0.,0.,-1.));
#5285=DIRECTION('',(0.,-1.,0.));
#5286=DIRECTION('center_axis',(0.,-1.,0.));
#5287=DIRECTION('ref_axis',(0.,0.,-1.));
#5288=DIRECTION('center_axis',(0.,-1.,0.));
#5289=DIRECTION('ref_axis',(0.,0.,-1.));
#5290=DIRECTION('center_axis',(0.,-1.,0.));
#5291=DIRECTION('ref_axis',(0.,0.,-1.));
#5292=DIRECTION('',(0.,-1.,0.));
#5293=DIRECTION('center_axis',(0.,-1.,0.));
#5294=DIRECTION('ref_axis',(0.,0.,-1.));
#5295=DIRECTION('center_axis',(0.,-1.,0.));
#5296=DIRECTION('ref_axis',(0.,0.,-1.));
#5297=DIRECTION('center_axis',(0.,-1.,0.));
#5298=DIRECTION('ref_axis',(0.,0.,-1.));
#5299=DIRECTION('',(0.,-1.,0.));
#5300=DIRECTION('center_axis',(0.,-1.,0.));
#5301=DIRECTION('ref_axis',(0.,0.,-1.));
#5302=DIRECTION('center_axis',(0.,-1.,0.));
#5303=DIRECTION('ref_axis',(0.,0.,-1.));
#5304=DIRECTION('center_axis',(0.,-1.,0.));
#5305=DIRECTION('ref_axis',(0.,0.,-1.));
#5306=DIRECTION('',(0.,-1.,0.));
#5307=DIRECTION('center_axis',(0.,-1.,0.));
#5308=DIRECTION('ref_axis',(0.,0.,-1.));
#5309=DIRECTION('center_axis',(0.,-1.,0.));
#5310=DIRECTION('ref_axis',(0.,0.,-1.));
#5311=DIRECTION('center_axis',(0.,-1.,0.));
#5312=DIRECTION('ref_axis',(0.,0.,-1.));
#5313=DIRECTION('',(0.,-1.,0.));
#5314=DIRECTION('center_axis',(0.,-1.,0.));
#5315=DIRECTION('ref_axis',(0.,0.,-1.));
#5316=DIRECTION('center_axis',(0.,-1.,0.));
#5317=DIRECTION('ref_axis',(0.,0.,-1.));
#5318=DIRECTION('center_axis',(0.,-1.,0.));
#5319=DIRECTION('ref_axis',(0.,0.,-1.));
#5320=DIRECTION('',(0.,-1.,0.));
#5321=DIRECTION('center_axis',(0.,-1.,0.));
#5322=DIRECTION('ref_axis',(0.,0.,-1.));
#5323=DIRECTION('center_axis',(0.,-1.,0.));
#5324=DIRECTION('ref_axis',(0.,0.,-1.));
#5325=DIRECTION('center_axis',(0.,-1.,0.));
#5326=DIRECTION('ref_axis',(0.,0.,-1.));
#5327=DIRECTION('',(0.,-1.,0.));
#5328=DIRECTION('center_axis',(0.,-1.,0.));
#5329=DIRECTION('ref_axis',(0.,0.,-1.));
#5330=DIRECTION('center_axis',(0.,-1.,0.));
#5331=DIRECTION('ref_axis',(0.,0.,-1.));
#5332=DIRECTION('center_axis',(0.,-1.,0.));
#5333=DIRECTION('ref_axis',(0.,0.,-1.));
#5334=DIRECTION('',(0.,-1.,0.));
#5335=DIRECTION('center_axis',(0.,-1.,0.));
#5336=DIRECTION('ref_axis',(0.,0.,-1.));
#5337=DIRECTION('center_axis',(-1.,0.,0.));
#5338=DIRECTION('ref_axis',(0.,0.,1.));
#5339=DIRECTION('',(0.,0.129640744710432,0.991561030552797));
#5340=DIRECTION('',(0.,-0.129640744710433,0.991561030552797));
#5341=DIRECTION('',(0.,1.,0.));
#5342=DIRECTION('',(0.,1.,0.));
#5343=DIRECTION('center_axis',(0.,0.,-1.));
#5344=DIRECTION('ref_axis',(-1.,0.,0.));
#5345=DIRECTION('',(0.,1.,0.));
#5346=DIRECTION('',(0.,1.,0.));
#5347=DIRECTION('center_axis',(1.,0.,0.));
#5348=DIRECTION('ref_axis',(0.,0.,-1.));
#5349=DIRECTION('',(0.,1.,0.));
#5350=DIRECTION('',(0.,1.,0.));
#5351=DIRECTION('center_axis',(0.,0.,1.));
#5352=DIRECTION('ref_axis',(1.,0.,0.));
#5353=DIRECTION('',(0.,1.,0.));
#5354=DIRECTION('',(0.,1.,0.));
#5355=DIRECTION('center_axis',(0.,-1.,0.));
#5356=DIRECTION('ref_axis',(0.,0.,-1.));
#5357=DIRECTION('center_axis',(0.,-1.,0.));
#5358=DIRECTION('ref_axis',(0.,0.,-1.));
#5359=DIRECTION('center_axis',(0.,-1.,0.));
#5360=DIRECTION('ref_axis',(0.,0.,-1.));
#5361=DIRECTION('center_axis',(0.,-1.,0.));
#5362=DIRECTION('ref_axis',(0.,0.,-1.));
#5363=DIRECTION('center_axis',(0.54392829322042,0.832050294337845,0.108785658644084));
#5364=DIRECTION('ref_axis',(0.196116135138184,0.,-0.98058067569092));
#5365=DIRECTION('',(-0.837017802914138,0.547175655164581,0.));
#5366=DIRECTION('center_axis',(0.54392829322042,0.832050294337845,-0.108785658644084));
#5367=DIRECTION('ref_axis',(-0.196116135138184,0.,-0.98058067569092));
#5368=CARTESIAN_POINT('',(0.,0.,0.));
#5369=CARTESIAN_POINT('Origin',(141.499996870756,17.,-101.499997854233));
#5370=CARTESIAN_POINT('',(139.999996870756,27.,-99.9999978542328));
#5371=CARTESIAN_POINT('',(142.999996803701,27.,-102.999997854233));
#5372=CARTESIAN_POINT('',(133.987497530133,27.,-93.9874985136092));
#5373=CARTESIAN_POINT('',(142.999996803701,17.,-102.999997854233));
#5374=CARTESIAN_POINT('',(142.999996803701,17.,-102.999997854233));
#5375=CARTESIAN_POINT('',(139.999996870756,17.,-99.9999978542328));
#5376=CARTESIAN_POINT('',(135.749998189509,17.,-95.7499991729855));
#5377=CARTESIAN_POINT('',(139.999996870756,17.,-99.9999978542328));
#5378=CARTESIAN_POINT('Origin',(141.499998435378,27.,-71.4499989271164));
#5379=CARTESIAN_POINT('',(139.999996870756,27.,-95.9999978542328));
#5380=CARTESIAN_POINT('',(139.999996870756,27.,-87.2249983906746));
#5381=CARTESIAN_POINT('',(142.999996803701,27.,-95.9999978542328));
#5382=CARTESIAN_POINT('',(140.749997653067,27.,-95.9999978542328));
#5383=CARTESIAN_POINT('',(142.999996803701,27.,-83.7249983906746));
#5384=CARTESIAN_POINT('Origin',(139.999996870756,17.,-102.999997854233));
#5385=CARTESIAN_POINT('',(139.999996870756,17.,-95.9999978542328));
#5386=CARTESIAN_POINT('',(139.999996870756,17.,-88.9999989271164));
#5387=CARTESIAN_POINT('',(139.999996870756,17.,-95.9999978542328));
#5388=CARTESIAN_POINT('Origin',(138.499996870756,21.,-111.6));
#5389=CARTESIAN_POINT('',(139.999996870756,27.,-113.1));
#5390=CARTESIAN_POINT('',(136.999996870756,27.,-110.1));
#5391=CARTESIAN_POINT('',(132.224997653067,27.,-105.325000782311));
#5392=CARTESIAN_POINT('',(136.999996870756,17.,-110.1));
#5393=CARTESIAN_POINT('',(136.999996870756,21.,-110.1));
#5394=CARTESIAN_POINT('',(139.999996870756,17.,-113.1));
#5395=CARTESIAN_POINT('',(130.974997653067,17.,-104.075000782311));
#5396=CARTESIAN_POINT('',(139.999996870756,17.,-113.1));
#5397=CARTESIAN_POINT('Origin',(150.,27.,-75.));
#5398=CARTESIAN_POINT('',(175.,27.,-113.1));
#5399=CARTESIAN_POINT('',(162.5,27.,-113.1));
#5400=CARTESIAN_POINT('',(175.,27.,-39.9));
#5401=CARTESIAN_POINT('',(175.,27.,-92.55));
#5402=CARTESIAN_POINT('',(143.,27.,-39.9));
#5403=CARTESIAN_POINT('',(133.5,27.,-39.9));
#5404=CARTESIAN_POINT('',(143.,27.,-54.9999986588955));
#5405=CARTESIAN_POINT('',(143.,27.,-55.6749994635582));
#5406=CARTESIAN_POINT('',(140.,27.,-54.9999986588955));
#5407=CARTESIAN_POINT('',(142.249999217689,27.,-54.9999986588955));
#5408=CARTESIAN_POINT('',(140.,27.,-39.9));
#5409=CARTESIAN_POINT('',(140.,27.,-63.2249987930059));
#5410=CARTESIAN_POINT('',(124.838367176906,27.,-39.9));
#5411=CARTESIAN_POINT('',(133.5,27.,-39.9));
#5412=CARTESIAN_POINT('',(124.838367176906,27.,0.));
#5413=CARTESIAN_POINT('Ctrl Pts',(124.838367176906,27.,2.22044604925031E-15));
#5414=CARTESIAN_POINT('Ctrl Pts',(124.838367176906,27.,-9.16666644314925));
#5415=CARTESIAN_POINT('Ctrl Pts',(124.838367176906,27.,-18.3333328862985));
#5416=CARTESIAN_POINT('Ctrl Pts',(124.838367176906,27.,-31.6333328862985));
#5417=CARTESIAN_POINT('Ctrl Pts',(124.838367176906,27.,-35.7666664431493));
#5418=CARTESIAN_POINT('Ctrl Pts',(124.838367176906,27.,-39.9));
#5419=CARTESIAN_POINT('',(180.,27.,0.));
#5420=CARTESIAN_POINT('',(75.,27.,0.));
#5421=CARTESIAN_POINT('',(180.,27.,-150.));
#5422=CARTESIAN_POINT('',(180.,27.,-37.5));
#5423=CARTESIAN_POINT('',(124.838367176906,27.,-150.));
#5424=CARTESIAN_POINT('',(75.,27.,-150.));
#5425=CARTESIAN_POINT('',(124.838367176906,27.,-110.1));
#5426=CARTESIAN_POINT('Ctrl Pts',(124.838367176906,27.,-110.1));
#5427=CARTESIAN_POINT('Ctrl Pts',(124.838367176906,27.,-114.4));
#5428=CARTESIAN_POINT('Ctrl Pts',(124.838367176906,27.,-118.7));
#5429=CARTESIAN_POINT('Ctrl Pts',(124.838367176906,27.,-132.));
#5430=CARTESIAN_POINT('Ctrl Pts',(124.838367176906,27.,-141.));
#5431=CARTESIAN_POINT('Ctrl Pts',(124.838367176906,27.,-150.));
#5432=CARTESIAN_POINT('',(133.5,27.,-110.1));
#5433=CARTESIAN_POINT('',(127.210331143956,27.,-143.386661202248));
#5434=CARTESIAN_POINT('',(127.210331143956,27.,-121.089765370825));
#5435=CARTESIAN_POINT('',(127.210331143956,27.,-109.193330601124));
#5436=CARTESIAN_POINT('',(145.370935208413,27.,-132.15117890353));
#5437=CARTESIAN_POINT('',(150.749784354297,27.,-128.823428122137));
#5438=CARTESIAN_POINT('',(125.283592701955,27.,-119.916211308378));
#5439=CARTESIAN_POINT('',(129.210331143961,27.,-32.0000000000002));
#5440=CARTESIAN_POINT('',(148.500000000001,27.,-20.2508861837248));
#5441=CARTESIAN_POINT('',(136.885370717488,27.,-27.3252223163204));
#5442=CARTESIAN_POINT('',(167.789668856044,27.,-32.0000000000002));
#5443=CARTESIAN_POINT('',(149.25,27.,-32.));
#5444=CARTESIAN_POINT('',(161.208730206812,27.,-27.9916265134059));
#5445=CARTESIAN_POINT('',(152.761935039657,27.,-132.151178903529));
#5446=CARTESIAN_POINT('',(170.,27.,-121.814339698505));
#5447=CARTESIAN_POINT('',(172.968672432379,27.,-120.03416949631));
#5448=CARTESIAN_POINT('',(170.,27.,-142.650684556161));
#5449=CARTESIAN_POINT('',(147.678427129977,27.,-129.054873131641));
#5450=CARTESIAN_POINT('',(170.,27.,-108.825342278081));
#5451=CARTESIAN_POINT('',(152.195499915623,27.,-18.0000000000005));
#5452=CARTESIAN_POINT('',(169.789668856044,27.,-7.28359553880874));
#5453=CARTESIAN_POINT('',(147.53020514551,27.,-20.8415769938624));
#5454=CARTESIAN_POINT('',(169.789668856044,27.,-28.7164044611907));
#5455=CARTESIAN_POINT('',(172.853564634834,27.,-30.5825878827341));
#5456=CARTESIAN_POINT('',(169.789668856044,27.,-51.8582022305953));
#5457=CARTESIAN_POINT('',(167.789668856044,27.,-4.00000000000002));
#5458=CARTESIAN_POINT('',(148.500000000001,27.,-15.7491138162765));
#5459=CARTESIAN_POINT('',(135.885370717488,27.,-23.4325383631912));
#5460=CARTESIAN_POINT('',(129.210331143956,27.,-4.));
#5461=CARTESIAN_POINT('',(139.605165571978,27.,-4.));
#5462=CARTESIAN_POINT('',(162.208730206813,27.,-24.098942560277));
#5463=CARTESIAN_POINT('',(129.667169517032,27.,-146.));
#5464=CARTESIAN_POINT('',(149.037584869947,27.,-134.384492731738));
#5465=CARTESIAN_POINT('',(162.487464867353,27.,-126.319246012927));
#5466=CARTESIAN_POINT('',(168.107898793483,27.,-146.));
#5467=CARTESIAN_POINT('',(139.833584758516,27.,-146.));
#5468=CARTESIAN_POINT('',(136.197219564951,27.,-126.563574988835));
#5469=CARTESIAN_POINT('',(168.244359800219,27.,-118.));
#5470=CARTESIAN_POINT('',(149.037584869947,27.,-129.88272036429));
#5471=CARTESIAN_POINT('',(161.663411217293,27.,-122.071457703158));
#5472=CARTESIAN_POINT('',(129.528561081396,27.,-118.));
#5473=CARTESIAN_POINT('',(149.25,27.,-118.));
#5474=CARTESIAN_POINT('',(137.197219564951,27.,-122.670891035706));
#5475=CARTESIAN_POINT('',(127.210331143956,27.,-28.7164044611933));
#5476=CARTESIAN_POINT('',(127.210331143956,27.,-7.28359553880928));
#5477=CARTESIAN_POINT('',(127.210331143956,27.,-51.8582022305967));
#5478=CARTESIAN_POINT('',(144.804500084379,27.,-18.0000000000008));
#5479=CARTESIAN_POINT('',(125.240536289466,27.,-29.9161836856496));
#5480=CARTESIAN_POINT('',(150.56389577879,27.,-21.5079811909481));
#5481=CARTESIAN_POINT('Origin',(175.,17.,-113.1));
#5482=CARTESIAN_POINT('',(175.,17.,-113.1));
#5483=CARTESIAN_POINT('',(139.999996870756,17.,-113.1));
#5484=CARTESIAN_POINT('',(175.,17.,-113.1));
#5485=CARTESIAN_POINT('Origin',(117.,25.,-110.1));
#5486=CARTESIAN_POINT('',(124.542472332657,25.,-110.1));
#5487=CARTESIAN_POINT('Origin',(116.999999999835,30.0000000000603,-110.099999999999));
#5488=CARTESIAN_POINT('',(120.991101212559,17.,-110.1));
#5489=CARTESIAN_POINT('Ctrl Pts',(120.991101212559,17.0000000000001,-110.1));
#5490=CARTESIAN_POINT('Ctrl Pts',(121.358015672453,17.3960196728391,-110.1));
#5491=CARTESIAN_POINT('Ctrl Pts',(121.690449003954,17.8275305981815,-110.1));
#5492=CARTESIAN_POINT('Ctrl Pts',(122.487829740066,19.0203651543236,-110.1));
#5493=CARTESIAN_POINT('Ctrl Pts',(122.908670403892,19.8324906191242,-110.1));
#5494=CARTESIAN_POINT('Ctrl Pts',(123.813831676129,21.9650970575506,-110.1));
#5495=CARTESIAN_POINT('Ctrl Pts',(124.246466355499,23.4301912471033,-110.1));
#5496=CARTESIAN_POINT('Ctrl Pts',(124.542472332657,25.0000000000001,-110.1));
#5497=CARTESIAN_POINT('',(175.,17.,-110.1));
#5498=CARTESIAN_POINT('Origin',(142.999996803701,17.,-95.9999978542328));
#5499=CARTESIAN_POINT('',(142.999996803701,17.,-95.9999978542328));
#5500=CARTESIAN_POINT('',(142.999996803701,17.,-95.9999978542328));
#5501=CARTESIAN_POINT('',(142.999996803701,17.,-85.4999989271164));
#5502=CARTESIAN_POINT('Origin',(143.,17.,-39.9));
#5503=CARTESIAN_POINT('',(143.,17.,-39.9));
#5504=CARTESIAN_POINT('',(143.,21.,-39.9));
#5505=CARTESIAN_POINT('',(143.,17.,-54.9999986588955));
#5506=CARTESIAN_POINT('',(143.,17.,-57.45));
#5507=CARTESIAN_POINT('',(143.,17.,-54.9999986588955));
#5508=CARTESIAN_POINT('Origin',(140.,17.,-54.9999986588955));
#5509=CARTESIAN_POINT('',(140.,17.,-54.9999986588955));
#5510=CARTESIAN_POINT('',(140.,17.,-54.9999986588955));
#5511=CARTESIAN_POINT('',(140.,17.,-39.9));
#5512=CARTESIAN_POINT('',(140.,17.,-64.9999993294477));
#5513=CARTESIAN_POINT('',(140.,21.,-39.9));
#5514=CARTESIAN_POINT('Origin',(145.,17.,-75.));
#5515=CARTESIAN_POINT('',(158.5,17.,-96.));
#5516=CARTESIAN_POINT('',(130.999998692423,17.,-96.));
#5517=CARTESIAN_POINT('',(158.5,17.,-54.9999986588955));
#5518=CARTESIAN_POINT('',(158.5,17.,-67.5));
#5519=CARTESIAN_POINT('',(151.75,17.,-54.9999986588955));
#5520=CARTESIAN_POINT('',(175.,17.,-39.9));
#5521=CARTESIAN_POINT('',(115.,17.,-39.9));
#5522=CARTESIAN_POINT('',(175.,17.,-39.9));
#5523=CARTESIAN_POINT('',(120.991101213047,17.0000000002632,-96.));
#5524=CARTESIAN_POINT('Ctrl Pts',(120.991101212559,17.,-96.));
#5525=CARTESIAN_POINT('Ctrl Pts',(120.991101212559,17.,-100.7));
#5526=CARTESIAN_POINT('Ctrl Pts',(120.991101212559,17.,-105.4));
#5527=CARTESIAN_POINT('Ctrl Pts',(120.991101212559,17.,-110.1));
#5528=CARTESIAN_POINT('',(130.999998692423,17.,-96.));
#5529=CARTESIAN_POINT('Origin',(117.,25.,-39.9));
#5530=CARTESIAN_POINT('',(175.,25.,-39.9));
#5531=CARTESIAN_POINT('Origin',(127.210331143956,-40.4982976641278,-121.089765370825));
#5532=CARTESIAN_POINT('',(145.370935208413,24.2710825660109,-132.15117890353));
#5533=CARTESIAN_POINT('',(145.370935208413,24.2710825660109,-132.15117890353));
#5534=CARTESIAN_POINT('',(127.210331143956,6.00000000000005,-121.089765370825));
#5535=CARTESIAN_POINT('Origin',(148.5,3.,-134.05705601574));
#5536=CARTESIAN_POINT('',(127.210331143956,6.00000000000005,-121.089765370825));
#5537=CARTESIAN_POINT('Origin',(127.210331143956,-40.4982976641278,-143.386661202248));
#5538=CARTESIAN_POINT('',(127.210331143956,6.00000000000005,-143.386661202248));
#5539=CARTESIAN_POINT('',(127.210331143956,6.00000000000005,-143.386661202248));
#5540=CARTESIAN_POINT('Origin',(148.5,3.,-130.215309812797));
#5541=CARTESIAN_POINT('Origin',(148.500000000001,-40.4982976641278,-20.2508861837248));
#5542=CARTESIAN_POINT('',(167.789668856044,12.4951922268155,-32.0000000000002));
#5543=CARTESIAN_POINT('',(167.789668856044,12.4951922268155,-32.0000000000002));
#5544=CARTESIAN_POINT('',(148.500000000001,24.5,-20.2508861837248));
#5545=CARTESIAN_POINT('Origin',(148.5,3.,-20.2508861837242));
#5546=CARTESIAN_POINT('',(148.500000000001,24.5,-20.2508861837248));
#5547=CARTESIAN_POINT('Origin',(148.5,3.,-32.));
#5548=CARTESIAN_POINT('',(129.210331143961,12.4951922268253,-32.0000000000002));
#5549=CARTESIAN_POINT('',(129.210331143961,12.4951922268253,-32.0000000000002));
#5550=CARTESIAN_POINT('',(127.210331143956,0.,-32.));
#5551=CARTESIAN_POINT('Origin',(148.5,3.,-32.));
#5552=CARTESIAN_POINT('',(136.365338900488,0.,-32.));
#5553=CARTESIAN_POINT('',(136.365338900488,0.,-32.));
#5554=CARTESIAN_POINT('',(160.634661099512,-1.0842021724855E-14,-32.));
#5555=CARTESIAN_POINT('Origin',(148.5,3.,-32.));
#5556=CARTESIAN_POINT('',(169.789668856044,0.,-32.));
#5557=CARTESIAN_POINT('',(169.789668856044,0.,-32.));
#5558=CARTESIAN_POINT('Origin',(148.5,3.,-32.));
#5559=CARTESIAN_POINT('Origin',(170.,-40.4982976641278,-142.650684556161));
#5560=CARTESIAN_POINT('',(170.,3.,-142.650684556161));
#5561=CARTESIAN_POINT('',(170.,3.,-142.650684556161));
#5562=CARTESIAN_POINT('',(170.,0.,-142.650684556161));
#5563=CARTESIAN_POINT('',(170.,0.,-142.650684556161));
#5564=CARTESIAN_POINT('',(170.,0.,-121.814339698505));
#5565=CARTESIAN_POINT('',(170.,0.,-121.814339698505));
#5566=CARTESIAN_POINT('',(170.,3.,-121.814339698505));
#5567=CARTESIAN_POINT('',(170.,0.,-121.814339698505));
#5568=CARTESIAN_POINT('',(170.,3.,-121.814339698505));
#5569=CARTESIAN_POINT('Origin',(170.,-40.4982976641278,-142.650684556161));
#5570=CARTESIAN_POINT('',(152.761935039657,24.0733459544929,-132.151178903529));
#5571=CARTESIAN_POINT('',(152.761935039657,24.0733459544929,-132.151178903529));
#5572=CARTESIAN_POINT('Origin',(148.5,3.,-129.555283648292));
#5573=CARTESIAN_POINT('Origin',(169.789668856044,-40.4982976641278,-28.7164044611907));
#5574=CARTESIAN_POINT('',(169.789668856044,6.00000000000005,-28.7164044611907));
#5575=CARTESIAN_POINT('',(169.789668856044,6.00000000000005,-28.7164044611907));
#5576=CARTESIAN_POINT('',(169.789668856044,6.00000000000003,-7.28359553880874));
#5577=CARTESIAN_POINT('',(169.789668856044,6.00000000000005,-28.7164044611907));
#5578=CARTESIAN_POINT('',(169.789668856044,6.00000000000003,-7.28359553880874));
#5579=CARTESIAN_POINT('Origin',(169.789668856044,-40.4982976641278,-28.7164044611907));
#5580=CARTESIAN_POINT('',(152.195499915623,24.1800207831255,-18.0000000000005));
#5581=CARTESIAN_POINT('',(152.195499915623,24.1800207831255,-18.0000000000005));
#5582=CARTESIAN_POINT('Origin',(148.5,3.,-15.7491138162758));
#5583=CARTESIAN_POINT('Origin',(148.500000000001,-40.4982976641278,-15.7491138162765));
#5584=CARTESIAN_POINT('',(129.210331143956,12.4951922268156,-4.));
#5585=CARTESIAN_POINT('',(129.210331143956,12.4951922268156,-4.));
#5586=CARTESIAN_POINT('',(148.500000000001,24.5,-15.7491138162765));
#5587=CARTESIAN_POINT('Origin',(148.5,3.,-15.7491138162758));
#5588=CARTESIAN_POINT('',(148.500000000001,24.5,-15.7491138162765));
#5589=CARTESIAN_POINT('Origin',(129.210331143956,-40.4982976641278,-4.));
#5590=CARTESIAN_POINT('',(167.789668856044,12.4951922268149,-4.));
#5591=CARTESIAN_POINT('',(167.789668856044,12.4951922268149,-4.));
#5592=CARTESIAN_POINT('Origin',(148.5,3.,-4.));
#5593=CARTESIAN_POINT('Origin',(149.037584869947,-40.4982976641278,-134.384492731738));
#5594=CARTESIAN_POINT('',(168.107898793483,11.8193143103382,-146.));
#5595=CARTESIAN_POINT('',(168.107898793483,11.8193143103382,-146.));
#5596=CARTESIAN_POINT('',(149.037584869947,24.4932780772874,-134.384492731738));
#5597=CARTESIAN_POINT('Origin',(148.5,3.,-134.05705601574));
#5598=CARTESIAN_POINT('',(149.037584869947,24.4932780772874,-134.384492731738));
#5599=CARTESIAN_POINT('Origin',(129.667169517032,-40.4982976641278,-146.));
#5600=CARTESIAN_POINT('',(129.667169517032,13.371812570607,-146.));
#5601=CARTESIAN_POINT('',(129.667169517032,13.371812570607,-146.));
#5602=CARTESIAN_POINT('Origin',(148.5,3.,-146.));
#5603=CARTESIAN_POINT('Origin',(149.037584869947,-40.4982976641278,-129.88272036429));
#5604=CARTESIAN_POINT('',(129.528561081396,13.1160518661031,-118.));
#5605=CARTESIAN_POINT('',(129.528561081396,13.1160518661031,-118.));
#5606=CARTESIAN_POINT('',(149.037584869947,24.4932780772874,-129.88272036429));
#5607=CARTESIAN_POINT('Origin',(148.5,3.,-129.555283648292));
#5608=CARTESIAN_POINT('',(149.037584869947,24.4932780772874,-129.88272036429));
#5609=CARTESIAN_POINT('Origin',(148.5,3.,-118.));
#5610=CARTESIAN_POINT('',(168.244359800219,11.509421606637,-118.));
#5611=CARTESIAN_POINT('',(168.244359800219,11.509421606637,-118.));
#5612=CARTESIAN_POINT('',(169.789668856044,0.,-118.));
#5613=CARTESIAN_POINT('Origin',(148.5,3.,-118.));
#5614=CARTESIAN_POINT('',(160.634661099512,2.16840434497101E-15,-118.));
#5615=CARTESIAN_POINT('',(160.634661099512,0.,-118.));
#5616=CARTESIAN_POINT('',(136.365338900488,0.,-118.));
#5617=CARTESIAN_POINT('Origin',(148.5,3.,-118.));
#5618=CARTESIAN_POINT('',(127.210331143956,0.,-118.));
#5619=CARTESIAN_POINT('',(127.210331143956,0.,-118.));
#5620=CARTESIAN_POINT('Origin',(148.5,3.,-118.));
#5621=CARTESIAN_POINT('Origin',(127.210331143956,-40.4982976641278,-7.28359553880928));
#5622=CARTESIAN_POINT('',(144.804500084379,24.1800207831259,-18.0000000000008));
#5623=CARTESIAN_POINT('',(144.804500084379,24.1800207831259,-18.0000000000008));
#5624=CARTESIAN_POINT('',(127.210331143956,6.00000000000005,-7.28359553880928));
#5625=CARTESIAN_POINT('Origin',(148.5,3.,-20.2508861837242));
#5626=CARTESIAN_POINT('',(127.210331143956,6.00000000000005,-7.28359553880928));
#5627=CARTESIAN_POINT('Origin',(127.210331143956,-40.4982976641278,-28.7164044611933));
#5628=CARTESIAN_POINT('',(127.210331143956,6.00000000000005,-28.7164044611933));
#5629=CARTESIAN_POINT('',(127.210331143956,6.00000000000005,-28.7164044611933));
#5630=CARTESIAN_POINT('Origin',(148.5,3.,-15.7491138162772));
#5631=CARTESIAN_POINT('Origin',(0.,3.,0.));
#5632=CARTESIAN_POINT('',(117.,15.,0.));
#5633=CARTESIAN_POINT('Origin',(117.,29.9999999999991,4.48034265902155E-15));
#5634=CARTESIAN_POINT('',(5.00000000000002,15.,0.));
#5635=CARTESIAN_POINT('',(5.00000000000002,15.,0.));
#5636=CARTESIAN_POINT('',(5.00000000000002,3.46279549539388,0.));
#5637=CARTESIAN_POINT('',(5.00000000000002,3.46279549539386,0.));
#5638=CARTESIAN_POINT('',(10.2970585407784,0.,0.));
#5639=CARTESIAN_POINT('',(10.2970585407784,5.20417042793042E-15,0.));
#5640=CARTESIAN_POINT('',(84.2103311439563,-4.8985871965894E-15,0.));
#5641=CARTESIAN_POINT('',(10.2970585407784,0.,0.));
#5642=CARTESIAN_POINT('',(96.2103311439562,12.,0.));
#5643=CARTESIAN_POINT('',(96.2103311439562,12.,0.));
#5644=CARTESIAN_POINT('',(114.210331143956,12.,0.));
#5645=CARTESIAN_POINT('',(114.210331143956,12.,0.));
#5646=CARTESIAN_POINT('',(124.210331143956,0.,0.));
#5647=CARTESIAN_POINT('',(124.210331143956,1.73472347597681E-15,0.));
#5648=CARTESIAN_POINT('',(127.210331143956,0.,0.));
#5649=CARTESIAN_POINT('',(124.210331143956,0.,0.));
#5650=CARTESIAN_POINT('',(169.789668856044,-8.67361737988404E-16,0.));
#5651=CARTESIAN_POINT('Origin',(148.5,3.,0.));
#5652=CARTESIAN_POINT('',(170.,0.,0.));
#5653=CARTESIAN_POINT('',(169.789668856044,0.,0.));
#5654=CARTESIAN_POINT('',(180.,3.,0.));
#5655=CARTESIAN_POINT('Origin',(170.000000000001,2.99999999999967,0.));
#5656=CARTESIAN_POINT('',(180.,31.,0.));
#5657=CARTESIAN_POINT('Ctrl Pts',(117.,15.,7.5));
#5658=CARTESIAN_POINT('Ctrl Pts',(117.,15.,-190.5));
#5659=CARTESIAN_POINT('Ctrl Pts',(125.,15.,7.5));
#5660=CARTESIAN_POINT('Ctrl Pts',(125.,15.,-190.5));
#5661=CARTESIAN_POINT('Ctrl Pts',(125.,30.,7.5));
#5662=CARTESIAN_POINT('Ctrl Pts',(125.,30.,-190.5));
#5663=CARTESIAN_POINT('',(124.542472332657,25.,-39.9));
#5664=CARTESIAN_POINT('Origin',(116.999999999647,30.0000000001037,-39.9));
#5665=CARTESIAN_POINT('',(120.991101212559,17.,-39.9));
#5666=CARTESIAN_POINT('Ctrl Pts',(124.542472332657,25.,-39.9));
#5667=CARTESIAN_POINT('Ctrl Pts',(124.126377817718,22.7933256015435,-39.9));
#5668=CARTESIAN_POINT('Ctrl Pts',(123.439088832726,20.7924965090939,-39.9));
#5669=CARTESIAN_POINT('Ctrl Pts',(122.064842113937,18.3258464295703,-39.9));
#5670=CARTESIAN_POINT('Ctrl Pts',(121.547583074543,17.6006243662016,-39.9));
#5671=CARTESIAN_POINT('Ctrl Pts',(120.991101212559,17.,-39.9));
#5672=CARTESIAN_POINT('',(120.991101212697,17.0000000000747,-54.9999986588955));
#5673=CARTESIAN_POINT('Ctrl Pts',(120.991101212559,17.,-39.9));
#5674=CARTESIAN_POINT('Ctrl Pts',(120.991101212559,17.,-44.9333328862985));
#5675=CARTESIAN_POINT('Ctrl Pts',(120.991101212559,17.,-49.966665772597));
#5676=CARTESIAN_POINT('Ctrl Pts',(120.991101212559,17.,-54.9999986588955));
#5677=CARTESIAN_POINT('',(116.999997384846,15.,-54.9999986588955));
#5678=CARTESIAN_POINT('Ctrl Pts',(120.991101212697,17.0000000001495,-54.9999986588955));
#5679=CARTESIAN_POINT('Ctrl Pts',(120.835416903641,16.8319661506268,-54.9999986588955));
#5680=CARTESIAN_POINT('Ctrl Pts',(120.676635478526,16.6736767840022,-54.9999986588955));
#5681=CARTESIAN_POINT('Ctrl Pts',(119.983286310132,16.0378191840425,-54.9999986588955));
#5682=CARTESIAN_POINT('Ctrl Pts',(119.381786169447,15.6232910936604,-54.9999986588955));
#5683=CARTESIAN_POINT('Ctrl Pts',(118.167657777384,15.123349167763,-54.9999986588955));
#5684=CARTESIAN_POINT('Ctrl Pts',(117.59259763126,15.,-54.9999986588955));
#5685=CARTESIAN_POINT('Ctrl Pts',(117.,15.,-54.9999986588955));
#5686=CARTESIAN_POINT('',(117.,15.,-46.9162386856979));
#5687=CARTESIAN_POINT('',(117.,15.,-46.9162386856979));
#5688=CARTESIAN_POINT('',(117.,15.,-43.4637613143021));
#5689=CARTESIAN_POINT('Ctrl Pts',(117.,15.,-46.9162386856979));
#5690=CARTESIAN_POINT('Ctrl Pts',(117.083151591682,15.,-46.8675877614109));
#5691=CARTESIAN_POINT('Ctrl Pts',(117.162452175793,15.0024351098614,-46.8131364587154));
#5692=CARTESIAN_POINT('Ctrl Pts',(117.237337767808,15.0066025331181,-46.7533951625801));
#5693=CARTESIAN_POINT('Ctrl Pts',(117.32198433391,15.0113131598045,-46.685866877949));
#5694=CARTESIAN_POINT('Ctrl Pts',(117.400988785381,15.0182341403847,-46.6115796736052));
#5695=CARTESIAN_POINT('Ctrl Pts',(117.47358388116,15.0263060778302,-46.5312706575176));
#5696=CARTESIAN_POINT('Ctrl Pts',(117.506155967768,15.0299278079588,-46.4952374764965));
#5697=CARTESIAN_POINT('Ctrl Pts',(117.537438451509,15.0337809998444,-46.4579920131567));
#5698=CARTESIAN_POINT('Ctrl Pts',(117.567365447502,15.0377706263923,-46.4196008478371));
#5699=CARTESIAN_POINT('Ctrl Pts',(117.619066081996,15.0446629394053,-46.3532778661902));
#5700=CARTESIAN_POINT('Ctrl Pts',(117.666492177229,15.0519287884474,-46.283817730164));
#5701=CARTESIAN_POINT('Ctrl Pts',(117.709371339496,15.0590860239681,-46.211657138708));
#5702=CARTESIAN_POINT('Ctrl Pts',(117.748988549011,15.0656987860693,-46.1449860304278));
#5703=CARTESIAN_POINT('Ctrl Pts',(117.784724635854,15.0722183997445,-46.0760097031268));
#5704=CARTESIAN_POINT('Ctrl Pts',(117.816379819715,15.0783070572669,-46.005072582004));
#5705=CARTESIAN_POINT('Ctrl Pts',(117.828632622727,15.0806637998959,-45.9776148810721));
#5706=CARTESIAN_POINT('Ctrl Pts',(117.84027415336,15.0829564831527,-45.9498634062786));
#5707=CARTESIAN_POINT('Ctrl Pts',(117.851293353823,15.0851676091641,-45.921838131702));
#5708=CARTESIAN_POINT('Ctrl Pts',(117.878324818697,15.0905917754009,-45.8530886586497));
#5709=CARTESIAN_POINT('Ctrl Pts',(117.90152074652,15.0955029153962,-45.7829214732355));
#5710=CARTESIAN_POINT('Ctrl Pts',(117.920777677646,15.099686504253,-45.7116454796757));
#5711=CARTESIAN_POINT('Ctrl Pts',(117.938903863759,15.103624437548,-45.6445547310904));
#5712=CARTESIAN_POINT('Ctrl Pts',(117.953540204707,15.1069179170197,-45.5764815671921));
#5713=CARTESIAN_POINT('Ctrl Pts',(117.964608149137,15.1094385485674,-45.507683609365));
#5714=CARTESIAN_POINT('Ctrl Pts',(117.96529858798,15.109595790225,-45.5033918655208));
#5715=CARTESIAN_POINT('Ctrl Pts',(117.965975142686,15.1097500411351,-45.4990973011445));
#5716=CARTESIAN_POINT('Ctrl Pts',(117.96663779508,15.1099012769009,-45.4947999787759));
#5717=CARTESIAN_POINT('Ctrl Pts',(117.975934174093,15.1120229699833,-45.4345126579256));
#5718=CARTESIAN_POINT('Ctrl Pts',(117.982469097504,15.1135427683071,-45.3738251762642));
#5719=CARTESIAN_POINT('Ctrl Pts',(117.986219747654,15.1144163769623,-45.3129093937667));
#5720=CARTESIAN_POINT('Ctrl Pts',(117.987700864882,15.114761361639,-45.288853987028));
#5721=CARTESIAN_POINT('Ctrl Pts',(117.988747082335,15.1150057698379,-45.2647733650111));
#5722=CARTESIAN_POINT('Ctrl Pts',(117.989357829686,15.115148485956,-45.2406780906623));
#5723=CARTESIAN_POINT('Ctrl Pts',(117.989782740184,15.1152477767294,-45.2239144730962));
#5724=CARTESIAN_POINT('Ctrl Pts',(117.98999680395,15.1152978469501,-45.2071462382985));
#5725=CARTESIAN_POINT('Ctrl Pts',(117.989999964479,15.1152985859722,-45.1903769423692));
#5726=CARTESIAN_POINT('Ctrl Pts',(117.990003116578,15.1152993230231,-45.1736523724692));
#5727=CARTESIAN_POINT('Ctrl Pts',(117.989796488557,15.1152509916616,-45.1569287719727));
#5728=CARTESIAN_POINT('Ctrl Pts',(117.989380134666,15.1151536981221,-45.1402096685901));
#5729=CARTESIAN_POINT('Ctrl Pts',(117.988785554746,15.1150147567401,-45.116333722232));
#5730=CARTESIAN_POINT('Ctrl Pts',(117.987763398422,15.1147759609725,-45.0924719357348));
#5731=CARTESIAN_POINT('Ctrl Pts',(117.986314212801,15.1144383810361,-45.0686345857679));
#5732=CARTESIAN_POINT('Ctrl Pts',(117.982692778155,15.1135947874623,-45.0090663677565));
#5733=CARTESIAN_POINT('Ctrl Pts',(117.976408891602,15.1121332081374,-44.9497133189226));
#5734=CARTESIAN_POINT('Ctrl Pts',(117.967483532536,15.1100943834783,-44.8907361055036));
#5735=CARTESIAN_POINT('Ctrl Pts',(117.957062052963,15.1077137991925,-44.8218727891511));
#5736=CARTESIAN_POINT('Ctrl Pts',(117.943071102161,15.1045526513482,-44.7537070452358));
#5737=CARTESIAN_POINT('Ctrl Pts',(117.925587767962,15.1007342678538,-44.6864959190976));
#5738=CARTESIAN_POINT('Ctrl Pts',(117.907675475889,15.0968221993878,-44.6176357515657));
#5739=CARTESIAN_POINT('Ctrl Pts',(117.886097230569,15.0922203854027,-44.5497776200305));
#5740=CARTESIAN_POINT('Ctrl Pts',(117.86094398163,15.0871152194384,-44.4831979578456));
#5741=CARTESIAN_POINT('Ctrl Pts',(117.858522883178,15.086623827275,-44.4767894053192));
#5742=CARTESIAN_POINT('Ctrl Pts',(117.85606866969,15.0861278107542,-44.470392697574));
#5743=CARTESIAN_POINT('Ctrl Pts',(117.853581426643,15.085627360705,-44.4640080811262));
#5744=CARTESIAN_POINT('Ctrl Pts',(117.825525618537,15.0799823431962,-44.3919903609036));
#5745=CARTESIAN_POINT('Ctrl Pts',(117.793364036006,15.0737884997179,-44.3217640376652));
#5746=CARTESIAN_POINT('Ctrl Pts',(117.757286513534,15.0673562518981,-44.2536671912184));
#5747=CARTESIAN_POINT('Ctrl Pts',(117.718458851838,15.0604336827977,-44.1803794171371));
#5748=CARTESIAN_POINT('Ctrl Pts',(117.675095142638,15.053235398978,-44.1095581479036));
#5749=CARTESIAN_POINT('Ctrl Pts',(117.62744943115,15.0462070433651,-44.0416248206766));
#5750=CARTESIAN_POINT('Ctrl Pts',(117.609548286803,15.0435663941983,-44.0161013420962));
#5751=CARTESIAN_POINT('Ctrl Pts',(117.591042885211,15.0409502547216,-43.9909855275741));
#5752=CARTESIAN_POINT('Ctrl Pts',(117.571947421821,15.0383839374503,-43.9662997284604));
#5753=CARTESIAN_POINT('Ctrl Pts',(117.506191754222,15.029546764872,-43.8812936111559));
#5754=CARTESIAN_POINT('Ctrl Pts',(117.433807801068,15.0213488911871,-43.8018506121526));
#5755=CARTESIAN_POINT('Ctrl Pts',(117.355516567874,15.0148188859989,-43.7286885947341));
#5756=CARTESIAN_POINT('Ctrl Pts',(117.284472307325,15.0088933261239,-43.6622987677287));
#5757=CARTESIAN_POINT('Ctrl Pts',(117.208564451451,15.0043442880933,-43.601080949451));
#5758=CARTESIAN_POINT('Ctrl Pts',(117.128367294941,15.00193115897,-43.5455715405994));
#5759=CARTESIAN_POINT('Ctrl Pts',(117.086707155074,15.000677607084,-43.516735982865));
#5760=CARTESIAN_POINT('Ctrl Pts',(117.043890095367,15.,-43.4894408432618));
#5761=CARTESIAN_POINT('Ctrl Pts',(117.,15.,-43.4637613143021));
#5762=CARTESIAN_POINT('',(117.,15.,-1.11022302462516E-15));
#5763=CARTESIAN_POINT('Origin',(117.,25.,-39.9));
#5764=CARTESIAN_POINT('',(115.,17.,-39.9));
#5765=CARTESIAN_POINT('Origin',(175.,25.,-110.1));
#5766=CARTESIAN_POINT('Origin',(88.5,15.,-100.5));
#5767=CARTESIAN_POINT('',(89.,15.,-100.));
#5768=CARTESIAN_POINT('',(88.,15.,-101.));
#5769=CARTESIAN_POINT('',(91.5000000000004,15.,-97.4999999999996));
#5770=CARTESIAN_POINT('',(89.,20.,-100.));
#5771=CARTESIAN_POINT('',(89.,15.,-100.));
#5772=CARTESIAN_POINT('',(88.,20.,-101.));
#5773=CARTESIAN_POINT('',(90.0000000000001,20.,-98.9999999999999));
#5774=CARTESIAN_POINT('',(88.,15.,-101.));
#5775=CARTESIAN_POINT('Origin',(89.,15.,-101.));
#5776=CARTESIAN_POINT('',(89.,15.,-97.));
#5777=CARTESIAN_POINT('',(89.,15.,-50.5));
#5778=CARTESIAN_POINT('',(89.,20.,-97.));
#5779=CARTESIAN_POINT('',(89.,15.,-97.));
#5780=CARTESIAN_POINT('',(89.,20.,-101.));
#5781=CARTESIAN_POINT('Origin',(83.5,15.,-49.5));
#5782=CARTESIAN_POINT('',(83.,15.,-49.));
#5783=CARTESIAN_POINT('',(84.,15.,-50.));
#5784=CARTESIAN_POINT('',(50.2499999999996,15.,-16.2500000000002));
#5785=CARTESIAN_POINT('',(83.,20.,-49.));
#5786=CARTESIAN_POINT('',(83.,15.,-49.));
#5787=CARTESIAN_POINT('',(84.,20.,-50.));
#5788=CARTESIAN_POINT('',(86.2499999999999,20.,-52.2499999999999));
#5789=CARTESIAN_POINT('',(84.,15.,-50.));
#5790=CARTESIAN_POINT('Origin',(84.,15.,-49.));
#5791=CARTESIAN_POINT('',(50.,15.,-49.));
#5792=CARTESIAN_POINT('',(42.,15.,-49.));
#5793=CARTESIAN_POINT('',(50.,20.,-49.));
#5794=CARTESIAN_POINT('',(50.,15.,-49.));
#5795=CARTESIAN_POINT('',(49.,20.,-49.));
#5796=CARTESIAN_POINT('Origin',(49.5,15.,-49.5));
#5797=CARTESIAN_POINT('',(49.,15.,-50.));
#5798=CARTESIAN_POINT('',(49.5,15.,-49.5));
#5799=CARTESIAN_POINT('',(49.,20.,-50.));
#5800=CARTESIAN_POINT('',(49.,15.,-50.));
#5801=CARTESIAN_POINT('',(48.,20.,-51.));
#5802=CARTESIAN_POINT('Origin',(49.,15.,-49.));
#5803=CARTESIAN_POINT('',(49.,15.,-100.));
#5804=CARTESIAN_POINT('',(49.,15.,-24.5));
#5805=CARTESIAN_POINT('',(49.,20.,-100.));
#5806=CARTESIAN_POINT('',(49.,15.,-100.));
#5807=CARTESIAN_POINT('',(49.,20.,-101.));
#5808=CARTESIAN_POINT('Origin',(49.5,15.,-100.5));
#5809=CARTESIAN_POINT('',(50.,15.,-101.));
#5810=CARTESIAN_POINT('',(12.,15.,-63.));
#5811=CARTESIAN_POINT('',(50.,20.,-101.));
#5812=CARTESIAN_POINT('',(50.,15.,-101.));
#5813=CARTESIAN_POINT('',(48.,20.,-99.));
#5814=CARTESIAN_POINT('Origin',(0.,15.,0.));
#5815=CARTESIAN_POINT('',(115.99,15.,-47.19));
#5816=CARTESIAN_POINT('Origin',(115.99,15.,-45.19));
#5817=CARTESIAN_POINT('',(145.,15.,-54.9999986588955));
#5818=CARTESIAN_POINT('',(116.999997384846,15.,-54.9999986588955));
#5819=CARTESIAN_POINT('',(145.,15.,-59.9999986588955));
#5820=CARTESIAN_POINT('',(145.,15.,-150.));
#5821=CARTESIAN_POINT('',(138.5,15.,-59.9999986588955));
#5822=CARTESIAN_POINT('',(138.124999346212,15.,-60.));
#5823=CARTESIAN_POINT('',(138.5,15.,-90.));
#5824=CARTESIAN_POINT('',(138.5,15.,-67.4999996647239));
#5825=CARTESIAN_POINT('',(145.,15.,-90.));
#5826=CARTESIAN_POINT('',(138.124999346212,15.,-90.));
#5827=CARTESIAN_POINT('',(145.,15.,-96.));
#5828=CARTESIAN_POINT('',(145.,15.,-150.));
#5829=CARTESIAN_POINT('',(116.999997384846,15.,-96.));
#5830=CARTESIAN_POINT('',(116.999997384846,15.,-96.));
#5831=CARTESIAN_POINT('',(117.,15.,-102.991667479675));
#5832=CARTESIAN_POINT('',(117.,15.,-46.9162386856979));
#5833=CARTESIAN_POINT('',(115.96,15.,-106.7));
#5834=CARTESIAN_POINT('Origin',(115.96,15.,-104.7));
#5835=CARTESIAN_POINT('',(117.,15.,-106.408332520325));
#5836=CARTESIAN_POINT('Origin',(115.96,15.,-104.7));
#5837=CARTESIAN_POINT('',(117.,15.,-150.));
#5838=CARTESIAN_POINT('',(117.,15.,-106.408332520325));
#5839=CARTESIAN_POINT('',(5.00000000000002,15.,-150.));
#5840=CARTESIAN_POINT('',(117.,15.,-150.));
#5841=CARTESIAN_POINT('',(-9.99999999999998,15.,-125.));
#5842=CARTESIAN_POINT('',(5.00000000000002,15.,-150.));
#5843=CARTESIAN_POINT('',(-15.6801685477532,15.,-96.5991572612341));
#5844=CARTESIAN_POINT('',(-9.99999999999998,15.,-125.));
#5845=CARTESIAN_POINT('',(6.34057979001565,15.,-96.5991572612341));
#5846=CARTESIAN_POINT('',(6.34057979001565,15.,-96.5991572612341));
#5847=CARTESIAN_POINT('',(6.34057979001565,15.,-91.9927276075714));
#5848=CARTESIAN_POINT('',(6.34057979001565,15.,-91.9927276075714));
#5849=CARTESIAN_POINT('',(-6.26458938998435,15.,-91.9927276075714));
#5850=CARTESIAN_POINT('',(-6.26458938998435,15.,-91.9927276075714));
#5851=CARTESIAN_POINT('',(-6.26458938998435,15.,-68.8467730144375));
#5852=CARTESIAN_POINT('',(-6.26458938998435,15.,-68.8467730144375));
#5853=CARTESIAN_POINT('',(6.34057979001565,15.,-68.8467730144375));
#5854=CARTESIAN_POINT('',(6.34057979001565,15.,-68.8467730144375));
#5855=CARTESIAN_POINT('',(6.34057979001565,15.,-64.2456047059558));
#5856=CARTESIAN_POINT('',(6.34057979001565,15.,-64.2456047059558));
#5857=CARTESIAN_POINT('',(-15.736725344984,15.,-64.2456047059558));
#5858=CARTESIAN_POINT('',(-15.736725344984,15.,-64.2456047059558));
#5859=CARTESIAN_POINT('',(-15.7367253449839,15.,-96.3163732750803));
#5860=CARTESIAN_POINT('',(-15.7367253449839,15.,-96.3163732750803));
#5861=CARTESIAN_POINT('',(-20.,15.,-75.));
#5862=CARTESIAN_POINT('',(-15.7367253449839,15.,-96.3163732750803));
#5863=CARTESIAN_POINT('',(-9.99999999999998,15.,-25.));
#5864=CARTESIAN_POINT('',(-20.,15.,-75.));
#5865=CARTESIAN_POINT('',(-9.99999999999998,15.,-25.));
#5866=CARTESIAN_POINT('Origin',(115.99,15.,-45.19));
#5867=CARTESIAN_POINT('',(69.5,15.,-101.));
#5868=CARTESIAN_POINT('',(34.75,15.,-101.));
#5869=CARTESIAN_POINT('',(69.5,15.,-102.999997697771));
#5870=CARTESIAN_POINT('',(69.5,15.,-51.4999988488853));
#5871=CARTESIAN_POINT('',(89.,15.,-103.));
#5872=CARTESIAN_POINT('',(45.5,15.,-103.));
#5873=CARTESIAN_POINT('',(91.,15.,-101.));
#5874=CARTESIAN_POINT('',(93.,15.,-99.));
#5875=CARTESIAN_POINT('',(91.,15.,-94.9364906649361));
#5876=CARTESIAN_POINT('',(91.,15.,-47.468245332468));
#5877=CARTESIAN_POINT('',(88.767948271998,15.,-94.));
#5878=CARTESIAN_POINT('Origin',(90.4999986924232,15.,-92.9999993294477));
#5879=CARTESIAN_POINT('',(86.,15.,-94.));
#5880=CARTESIAN_POINT('',(43.,15.,-94.));
#5881=CARTESIAN_POINT('',(86.,15.,-49.));
#5882=CARTESIAN_POINT('',(86.,15.,-23.5));
#5883=CARTESIAN_POINT('',(84.,15.,-47.));
#5884=CARTESIAN_POINT('',(51.75,15.,-14.75));
#5885=CARTESIAN_POINT('',(49.,15.,-47.));
#5886=CARTESIAN_POINT('',(23.5,15.,-47.));
#5887=CARTESIAN_POINT('',(47.,15.,-49.));
#5888=CARTESIAN_POINT('',(48.,15.,-48.));
#5889=CARTESIAN_POINT('',(47.,15.,-101.));
#5890=CARTESIAN_POINT('',(47.,15.,-51.5));
#5891=CARTESIAN_POINT('',(49.,15.,-103.));
#5892=CARTESIAN_POINT('',(10.4999999999999,15.,-64.5000000000001));
#5893=CARTESIAN_POINT('',(63.5,15.,-102.999997697771));
#5894=CARTESIAN_POINT('',(31.75,15.,-103.));
#5895=CARTESIAN_POINT('',(63.5,15.,-101.));
#5896=CARTESIAN_POINT('',(63.5,15.,-50.5));
#5897=CARTESIAN_POINT('',(24.5,15.,-101.));
#5898=CARTESIAN_POINT('',(84.,15.,-94.));
#5899=CARTESIAN_POINT('',(84.,15.,-48.));
#5900=CARTESIAN_POINT('',(86.,15.,-96.));
#5901=CARTESIAN_POINT('',(40.,15.,-50.));
#5902=CARTESIAN_POINT('',(88.,15.,-96.));
#5903=CARTESIAN_POINT('',(44.5,15.,-96.));
#5904=CARTESIAN_POINT('',(42.2499999999996,15.,-50.2500000000004));
#5905=CARTESIAN_POINT('',(32.93,15.,-47.06));
#5906=CARTESIAN_POINT('Origin',(32.93,15.,-45.06));
#5907=CARTESIAN_POINT('',(5.99264068711929,15.,-17.));
#5908=CARTESIAN_POINT('Origin',(5.99264068711929,15.,-15.));
#5909=CARTESIAN_POINT('',(78.9926406871193,15.,-137.));
#5910=CARTESIAN_POINT('Origin',(78.9926406871193,15.,-135.));
#5911=CARTESIAN_POINT('',(5.99264068711929,15.,-137.));
#5912=CARTESIAN_POINT('Origin',(5.99264068711929,15.,-135.));
#5913=CARTESIAN_POINT('',(78.9926406871193,15.,-17.));
#5914=CARTESIAN_POINT('Origin',(78.9926406871193,15.,-15.));
#5915=CARTESIAN_POINT('',(9.00000000000002,15.,-97.5));
#5916=CARTESIAN_POINT('',(9.00000000000002,15.,-52.5));
#5917=CARTESIAN_POINT('',(9.00000000000002,15.,-97.5));
#5918=CARTESIAN_POINT('',(14.,15.,-102.5));
#5919=CARTESIAN_POINT('Origin',(14.,15.,-97.5));
#5920=CARTESIAN_POINT('',(24.,15.,-102.5));
#5921=CARTESIAN_POINT('',(24.,15.,-102.5));
#5922=CARTESIAN_POINT('',(29.,15.,-97.5));
#5923=CARTESIAN_POINT('Origin',(24.,15.,-97.5));
#5924=CARTESIAN_POINT('',(29.,15.,-52.5));
#5925=CARTESIAN_POINT('',(29.,15.,-52.5));
#5926=CARTESIAN_POINT('',(24.,15.,-47.5));
#5927=CARTESIAN_POINT('Origin',(24.,15.,-52.5));
#5928=CARTESIAN_POINT('',(14.,15.,-47.5));
#5929=CARTESIAN_POINT('',(14.,15.,-47.5));
#5930=CARTESIAN_POINT('Origin',(14.,15.,-52.5));
#5931=CARTESIAN_POINT('',(10.,15.,-146.));
#5932=CARTESIAN_POINT('',(10.,15.,-120.));
#5933=CARTESIAN_POINT('',(10.,15.,-146.));
#5934=CARTESIAN_POINT('',(12.,15.,-148.));
#5935=CARTESIAN_POINT('Origin',(12.,15.,-146.));
#5936=CARTESIAN_POINT('',(73.,15.,-148.));
#5937=CARTESIAN_POINT('',(12.,15.,-148.));
#5938=CARTESIAN_POINT('',(75.,15.,-146.));
#5939=CARTESIAN_POINT('Origin',(73.,15.,-146.));
#5940=CARTESIAN_POINT('',(75.,15.,-120.));
#5941=CARTESIAN_POINT('',(75.,15.,-120.));
#5942=CARTESIAN_POINT('',(66.5,15.,-111.5));
#5943=CARTESIAN_POINT('',(66.5,15.,-111.5));
#5944=CARTESIAN_POINT('',(18.5,15.,-111.5));
#5945=CARTESIAN_POINT('',(66.5,15.,-111.5));
#5946=CARTESIAN_POINT('',(10.,15.,-120.));
#5947=CARTESIAN_POINT('',(75.,15.,-3.99999999999998));
#5948=CARTESIAN_POINT('',(75.,15.,-30.));
#5949=CARTESIAN_POINT('',(75.,15.,-3.99999999999998));
#5950=CARTESIAN_POINT('',(73.,15.,-1.99999999999997));
#5951=CARTESIAN_POINT('Origin',(73.,15.,-3.99999999999997));
#5952=CARTESIAN_POINT('',(12.,15.,-2.00000000000002));
#5953=CARTESIAN_POINT('',(12.,15.,-2.00000000000002));
#5954=CARTESIAN_POINT('',(10.,15.,-4.00000000000003));
#5955=CARTESIAN_POINT('Origin',(12.,15.,-4.00000000000002));
#5956=CARTESIAN_POINT('',(10.,15.,-30.));
#5957=CARTESIAN_POINT('',(10.,15.,-30.));
#5958=CARTESIAN_POINT('',(18.5,15.,-38.5));
#5959=CARTESIAN_POINT('',(18.5,15.,-38.5));
#5960=CARTESIAN_POINT('',(66.5,15.,-38.5));
#5961=CARTESIAN_POINT('',(18.5,15.,-38.5));
#5962=CARTESIAN_POINT('',(75.,15.,-30.));
#5963=CARTESIAN_POINT('',(42.7425109383646,15.,-93.3023841943826));
#5964=CARTESIAN_POINT('Origin',(42.7425109383646,15.,-95.3023841943826));
#5965=CARTESIAN_POINT('',(42.7425109383646,15.,-83.3023841943826));
#5966=CARTESIAN_POINT('Origin',(42.7425109383646,15.,-85.3023841943826));
#5967=CARTESIAN_POINT('',(42.7425109383646,15.,-62.6976158056174));
#5968=CARTESIAN_POINT('Origin',(42.7425109383646,15.,-64.6976158056174));
#5969=CARTESIAN_POINT('',(42.7425109383646,15.,-52.6976158056174));
#5970=CARTESIAN_POINT('Origin',(42.7425109383646,15.,-54.6976158056174));
#5971=CARTESIAN_POINT('',(32.79,15.,-106.98));
#5972=CARTESIAN_POINT('Origin',(32.79,15.,-104.98));
#5973=CARTESIAN_POINT('',(91.7999986924232,15.,-58.9999993294477));
#5974=CARTESIAN_POINT('Origin',(90.4999986924232,15.,-58.9999993294477));
#5975=CARTESIAN_POINT('',(91.7999986924232,15.,-92.9999993294477));
#5976=CARTESIAN_POINT('Origin',(90.4999986924232,15.,-92.9999993294477));
#5977=CARTESIAN_POINT('',(134.099998692423,15.,-92.9999993294477));
#5978=CARTESIAN_POINT('Origin',(132.799998692423,15.,-92.9999993294477));
#5979=CARTESIAN_POINT('',(132.799998692423,15.,-58.9999993294477));
#5980=CARTESIAN_POINT('Origin',(131.499998692423,15.,-58.9999993294477));
#5981=CARTESIAN_POINT('Origin',(88.5,15.,-96.5));
#5982=CARTESIAN_POINT('',(88.,20.,-96.));
#5983=CARTESIAN_POINT('',(88.,15.,-96.));
#5984=CARTESIAN_POINT('',(78.2499999999999,20.,-86.2500000000001));
#5985=CARTESIAN_POINT('Origin',(85.,15.,-95.));
#5986=CARTESIAN_POINT('',(84.,20.,-94.));
#5987=CARTESIAN_POINT('',(86.,20.,-96.));
#5988=CARTESIAN_POINT('',(76.,20.,-86.));
#5989=CARTESIAN_POINT('',(86.,15.,-96.));
#5990=CARTESIAN_POINT('',(84.,15.,-94.));
#5991=CARTESIAN_POINT('Origin',(89.,15.,-96.));
#5992=CARTESIAN_POINT('',(89.,20.,-96.));
#5993=CARTESIAN_POINT('Origin',(69.,20.,-75.));
#5994=CARTESIAN_POINT('',(84.,20.,-96.));
#5995=CARTESIAN_POINT('',(63.5,20.,-101.));
#5996=CARTESIAN_POINT('',(84.,20.,-101.));
#5997=CARTESIAN_POINT('',(63.5,20.,-102.999997697771));
#5998=CARTESIAN_POINT('',(63.5,20.,-101.));
#5999=CARTESIAN_POINT('',(49.,20.,-103.));
#6000=CARTESIAN_POINT('',(84.,20.,-103.));
#6001=CARTESIAN_POINT('',(47.,20.,-101.));
#6002=CARTESIAN_POINT('',(46.5,20.,-100.5));
#6003=CARTESIAN_POINT('',(47.,20.,-49.));
#6004=CARTESIAN_POINT('',(47.,20.,-103.));
#6005=CARTESIAN_POINT('',(49.,20.,-47.));
#6006=CARTESIAN_POINT('',(46.5,20.,-49.5));
#6007=CARTESIAN_POINT('',(84.,20.,-47.));
#6008=CARTESIAN_POINT('',(47.,20.,-47.));
#6009=CARTESIAN_POINT('',(86.,20.,-49.));
#6010=CARTESIAN_POINT('',(87.75,20.,-50.75));
#6011=CARTESIAN_POINT('',(86.,20.,-94.));
#6012=CARTESIAN_POINT('',(86.,20.,-94.));
#6013=CARTESIAN_POINT('',(88.767948271998,20.,-94.));
#6014=CARTESIAN_POINT('',(88.767948271998,20.,-94.));
#6015=CARTESIAN_POINT('',(91.,20.,-94.9364906649361));
#6016=CARTESIAN_POINT('Origin',(90.4999986924232,20.,-92.9999993294477));
#6017=CARTESIAN_POINT('',(91.,20.,-101.));
#6018=CARTESIAN_POINT('',(91.,20.,-94.9364906649361));
#6019=CARTESIAN_POINT('',(89.,20.,-103.));
#6020=CARTESIAN_POINT('',(91.5,20.,-100.5));
#6021=CARTESIAN_POINT('',(69.5,20.,-102.999997697771));
#6022=CARTESIAN_POINT('',(84.,20.,-103.));
#6023=CARTESIAN_POINT('',(69.5,20.,-101.));
#6024=CARTESIAN_POINT('',(69.5,20.,-101.));
#6025=CARTESIAN_POINT('',(84.,20.,-101.));
#6026=CARTESIAN_POINT('Origin',(85.,15.,-48.));
#6027=CARTESIAN_POINT('',(84.,15.,-47.));
#6028=CARTESIAN_POINT('',(86.,15.,-49.));
#6029=CARTESIAN_POINT('Origin',(47.,15.,-47.));
#6030=CARTESIAN_POINT('',(49.,15.,-47.));
#6031=CARTESIAN_POINT('Origin',(48.,15.,-48.));
#6032=CARTESIAN_POINT('',(47.,15.,-49.));
#6033=CARTESIAN_POINT('Origin',(47.,15.,-103.));
#6034=CARTESIAN_POINT('',(47.,15.,-101.));
#6035=CARTESIAN_POINT('Origin',(48.,15.,-102.));
#6036=CARTESIAN_POINT('',(49.,15.,-103.));
#6037=CARTESIAN_POINT('Origin',(63.5,15.,-103.));
#6038=CARTESIAN_POINT('',(63.5,15.,-102.999997697771));
#6039=CARTESIAN_POINT('Origin',(90.,15.,-102.));
#6040=CARTESIAN_POINT('',(91.,15.,-101.));
#6041=CARTESIAN_POINT('',(89.,15.,-103.));
#6042=CARTESIAN_POINT('Origin',(91.,15.,-103.));
#6043=CARTESIAN_POINT('',(69.5,15.,-102.999997697771));
#6044=CARTESIAN_POINT('Origin',(84.,15.,-96.));
#6045=CARTESIAN_POINT('Origin',(69.5,15.,-101.));
#6046=CARTESIAN_POINT('',(69.5,15.,-101.));
#6047=CARTESIAN_POINT('Origin',(69.5,15.,-102.999997697771));
#6048=CARTESIAN_POINT('Origin',(91.,15.,-94.9364906649361));
#6049=CARTESIAN_POINT('',(91.,15.,-94.9364906649361));
#6050=CARTESIAN_POINT('Origin',(90.4999986924232,15.,-92.9999993294477));
#6051=CARTESIAN_POINT('',(88.767948271998,15.,-94.));
#6052=CARTESIAN_POINT('Origin',(86.,15.,-94.));
#6053=CARTESIAN_POINT('',(86.,15.,-94.));
#6054=CARTESIAN_POINT('Origin',(86.,15.,-47.));
#6055=CARTESIAN_POINT('Origin',(63.5,15.,-101.));
#6056=CARTESIAN_POINT('',(63.5,15.,-101.));
#6057=CARTESIAN_POINT('Origin',(49.,15.,-101.));
#6058=CARTESIAN_POINT('Origin',(131.499998692423,15.,-58.9999993294477));
#6059=CARTESIAN_POINT('',(132.799998692423,17.,-58.9999993294477));
#6060=CARTESIAN_POINT('Origin',(131.499998692423,17.,-58.9999993294477));
#6061=CARTESIAN_POINT('',(132.799998692423,15.,-58.9999993294477));
#6062=CARTESIAN_POINT('Origin',(131.499998692423,17.,-58.9999993294477));
#6063=CARTESIAN_POINT('Origin',(145.,17.,-75.));
#6064=CARTESIAN_POINT('',(151.75,17.,-54.9999986588955));
#6065=CARTESIAN_POINT('Origin',(132.799998692423,15.,-92.9999993294477));
#6066=CARTESIAN_POINT('',(134.099998692423,13.,-92.9999993294477));
#6067=CARTESIAN_POINT('',(134.099998692423,15.,-92.9999993294477));
#6068=CARTESIAN_POINT('Origin',(132.799998692423,13.,-92.9999993294477));
#6069=CARTESIAN_POINT('Origin',(132.799998692423,13.,-92.9999993294477));
#6070=CARTESIAN_POINT('Origin',(90.4999986924232,15.,-92.9999993294477));
#6071=CARTESIAN_POINT('',(91.7999986924232,13.,-92.9999993294477));
#6072=CARTESIAN_POINT('',(91.7999986924232,15.,-92.9999993294477));
#6073=CARTESIAN_POINT('Origin',(90.4999986924232,13.,-92.9999993294477));
#6074=CARTESIAN_POINT('Origin',(90.4999986924232,13.,-92.9999993294477));
#6075=CARTESIAN_POINT('Origin',(90.4999986924232,15.,-58.9999993294477));
#6076=CARTESIAN_POINT('',(91.7999986924232,13.,-58.9999993294477));
#6077=CARTESIAN_POINT('',(91.7999986924232,15.,-58.9999993294477));
#6078=CARTESIAN_POINT('Origin',(90.4999986924232,13.,-58.9999993294477));
#6079=CARTESIAN_POINT('Origin',(90.4999986924232,13.,-58.9999993294477));
#6080=CARTESIAN_POINT('Origin',(137.749998692423,15.,-93.));
#6081=CARTESIAN_POINT('',(152.,15.,-90.));
#6082=CARTESIAN_POINT('',(152.,15.,-96.));
#6083=CARTESIAN_POINT('',(152.,15.,-150.));
#6084=CARTESIAN_POINT('',(158.5,15.,-90.));
#6085=CARTESIAN_POINT('',(138.124999346212,15.,-90.));
#6086=CARTESIAN_POINT('',(158.5,15.,-96.));
#6087=CARTESIAN_POINT('',(158.5,15.,-96.));
#6088=CARTESIAN_POINT('',(116.999997384846,15.,-96.));
#6089=CARTESIAN_POINT('Origin',(116.999997384846,25.,-96.));
#6090=CARTESIAN_POINT('Ctrl Pts',(117.,15.,-96.));
#6091=CARTESIAN_POINT('Ctrl Pts',(117.504555053631,15.,-96.));
#6092=CARTESIAN_POINT('Ctrl Pts',(117.997894212254,15.0894547298347,-96.));
#6093=CARTESIAN_POINT('Ctrl Pts',(119.017134812671,15.4477240367156,-96.));
#6094=CARTESIAN_POINT('Ctrl Pts',(119.520961421077,15.7338729075675,-96.));
#6095=CARTESIAN_POINT('Ctrl Pts',(120.329732656163,16.3428563642881,-96.));
#6096=CARTESIAN_POINT('Ctrl Pts',(120.667033976062,16.6502263741981,-96.));
#6097=CARTESIAN_POINT('Ctrl Pts',(120.991101213047,17.0000000005264,-96.));
#6098=CARTESIAN_POINT('Origin',(148.5,3.,-96.));
#6099=CARTESIAN_POINT('',(158.5,25.,-96.));
#6100=CARTESIAN_POINT('Origin',(137.749998692423,15.,-57.4999986588955));
#6101=CARTESIAN_POINT('',(152.,15.,-54.9999986588955));
#6102=CARTESIAN_POINT('',(152.,15.,-59.9999986588955));
#6103=CARTESIAN_POINT('',(152.,15.,-150.));
#6104=CARTESIAN_POINT('',(158.5,15.,-54.9999986588955));
#6105=CARTESIAN_POINT('',(116.999997384846,15.,-54.9999986588955));
#6106=CARTESIAN_POINT('',(158.5,15.,-59.9999986588955));
#6107=CARTESIAN_POINT('',(158.5,15.,-54.9999986588955));
#6108=CARTESIAN_POINT('',(138.124999346212,15.,-60.));
#6109=CARTESIAN_POINT('Origin',(158.5,25.,-54.9999986588955));
#6110=CARTESIAN_POINT('',(158.5,25.,-54.9999986588955));
#6111=CARTESIAN_POINT('Origin',(148.5,3.,-54.9999986588955));
#6112=CARTESIAN_POINT('Origin',(138.5,54.,-90.));
#6113=CARTESIAN_POINT('',(158.5,10.5000000000001,-90.));
#6114=CARTESIAN_POINT('Origin',(148.5,3.,-90.));
#6115=CARTESIAN_POINT('',(158.5,25.,-90.));
#6116=CARTESIAN_POINT('Origin',(138.5,54.,-60.));
#6117=CARTESIAN_POINT('',(158.5,10.5000000000001,-60.));
#6118=CARTESIAN_POINT('',(158.5,25.,-60.));
#6119=CARTESIAN_POINT('Origin',(148.5,3.,-60.));
#6120=CARTESIAN_POINT('Origin',(138.5,54.,-60.));
#6121=CARTESIAN_POINT('',(138.5,10.5,-60.));
#6122=CARTESIAN_POINT('Origin',(148.5,3.,-60.));
#6123=CARTESIAN_POINT('',(138.5,16.,-60.));
#6124=CARTESIAN_POINT('Ctrl Pts',(117.,15.,7.5));
#6125=CARTESIAN_POINT('Ctrl Pts',(117.,15.,-190.5));
#6126=CARTESIAN_POINT('Ctrl Pts',(125.,15.,7.5));
#6127=CARTESIAN_POINT('Ctrl Pts',(125.,15.,-190.5));
#6128=CARTESIAN_POINT('Ctrl Pts',(125.,30.,7.5));
#6129=CARTESIAN_POINT('Ctrl Pts',(125.,30.,-190.5));
#6130=CARTESIAN_POINT('Origin',(117.,30.0000000000006,-150.));
#6131=CARTESIAN_POINT('Ctrl Pts',(117.,15.,-106.408332520325));
#6132=CARTESIAN_POINT('Ctrl Pts',(117.083445033815,15.,-106.357532787758));
#6133=CARTESIAN_POINT('Ctrl Pts',(117.162843280444,15.0024520958018,-106.300827388577));
#6134=CARTESIAN_POINT('Ctrl Pts',(117.237610637127,15.0066177271787,-106.238753034452));
#6135=CARTESIAN_POINT('Ctrl Pts',(117.320471873135,15.0112343055888,-106.169958871661));
#6136=CARTESIAN_POINT('Ctrl Pts',(117.397644325472,15.0179521710381,-106.094570411618));
#6137=CARTESIAN_POINT('Ctrl Pts',(117.468380528925,15.0257307001999,-106.013318219861));
#6138=CARTESIAN_POINT('Ctrl Pts',(117.492512985913,15.0283844335254,-105.985598114355));
#6139=CARTESIAN_POINT('Ctrl Pts',(117.515896763675,15.0311615959976,-105.957195522955));
#6140=CARTESIAN_POINT('Ctrl Pts',(117.538503556831,15.0340213255207,-105.928139455048));
#6141=CARTESIAN_POINT('Ctrl Pts',(117.590050619173,15.0405419609329,-105.861887026696));
#6142=CARTESIAN_POINT('Ctrl Pts',(117.637334251235,15.0474603255714,-105.792514069857));
#6143=CARTESIAN_POINT('Ctrl Pts',(117.680084363461,15.0542992264605,-105.7204561125));
#6144=CARTESIAN_POINT('Ctrl Pts',(117.719615679436,15.0606232040571,-105.65382363524));
#6145=CARTESIAN_POINT('Ctrl Pts',(117.755270783593,15.0668788058228,-105.584895260987));
#6146=CARTESIAN_POINT('Ctrl Pts',(117.78685126904,15.0727312009759,-105.514015361944));
#6147=CARTESIAN_POINT('Ctrl Pts',(117.799167190838,15.0750135484452,-105.486373250642));
#6148=CARTESIAN_POINT('Ctrl Pts',(117.81086355783,15.0772350867763,-105.458434334954));
#6149=CARTESIAN_POINT('Ctrl Pts',(117.821929148245,15.0793780987234,-105.430219040368));
#6150=CARTESIAN_POINT('Ctrl Pts',(117.848881225992,15.0845977591704,-105.361496018386));
#6151=CARTESIAN_POINT('Ctrl Pts',(117.872001320488,15.0893300874722,-105.291362479265));
#6152=CARTESIAN_POINT('Ctrl Pts',(117.891187062282,15.0933625498442,-105.220127647844));
#6153=CARTESIAN_POINT('Ctrl Pts',(117.909257890451,15.0971606794868,-105.153032384493));
#6154=CARTESIAN_POINT('Ctrl Pts',(117.923838488416,15.1003380824973,-105.084960105481));
#6155=CARTESIAN_POINT('Ctrl Pts',(117.934851196603,15.1027676757523,-105.016169199055));
#6156=CARTESIAN_POINT('Ctrl Pts',(117.935530646283,15.1029175740634,-105.011925015106));
#6157=CARTESIAN_POINT('Ctrl Pts',(117.936196517035,15.1030646422474,-105.007678095699));
#6158=CARTESIAN_POINT('Ctrl Pts',(117.936848791503,15.1032088570022,-105.003428501516));
#6159=CARTESIAN_POINT('Ctrl Pts',(117.946054180278,15.105244124284,-104.943455026435));
#6160=CARTESIAN_POINT('Ctrl Pts',(117.95252699953,15.1067029934449,-104.883088029672));
#6161=CARTESIAN_POINT('Ctrl Pts',(117.956245082975,15.10754230754,-104.822497219156));
#6162=CARTESIAN_POINT('Ctrl Pts',(117.957717294072,15.1078746420729,-104.798505701761));
#6163=CARTESIAN_POINT('Ctrl Pts',(117.958756915266,15.1081100359509,-104.774489233269));
#6164=CARTESIAN_POINT('Ctrl Pts',(117.959363387955,15.1082473930531,-104.750458328412));
#6165=CARTESIAN_POINT('Ctrl Pts',(117.959785873934,15.1083430798844,-104.733717722331));
#6166=CARTESIAN_POINT('Ctrl Pts',(117.959998092132,15.1083911924161,-104.71697253739));
#6167=CARTESIAN_POINT('Ctrl Pts',(117.959999987194,15.1083916219086,-104.700226327271));
#6168=CARTESIAN_POINT('Ctrl Pts',(117.960001879217,15.1083920507124,-104.68350697151));
#6169=CARTESIAN_POINT('Ctrl Pts',(117.959794121879,15.1083449492811,-104.666788586173));
#6170=CARTESIAN_POINT('Ctrl Pts',(117.959376769197,15.1082504237282,-104.650074707868));
#6171=CARTESIAN_POINT('Ctrl Pts',(117.958779995534,15.1081152613993,-104.626175490719));
#6172=CARTESIAN_POINT('Ctrl Pts',(117.957754808862,15.1078831307059,-104.602290416226));
#6173=CARTESIAN_POINT('Ctrl Pts',(117.956301754,15.1075551007494,-104.578429826939));
#6174=CARTESIAN_POINT('Ctrl Pts',(117.952661181645,15.106733234471,-104.51864804992));
#6175=CARTESIAN_POINT('Ctrl Pts',(117.946338947483,15.105308206225,-104.45908226106));
#6176=CARTESIAN_POINT('Ctrl Pts',(117.937356126553,15.1033210571412,-104.399895436916));
#6177=CARTESIAN_POINT('Ctrl Pts',(117.926904529847,15.1010089904778,-104.331031009912));
#6178=CARTESIAN_POINT('Ctrl Pts',(117.912882621161,15.0979420978964,-104.262862590766));
#6179=CARTESIAN_POINT('Ctrl Pts',(117.895367004698,15.0942431771564,-104.195648223923));
#6180=CARTESIAN_POINT('Ctrl Pts',(117.877424430495,15.0904540921423,-104.1267954509));
#6181=CARTESIAN_POINT('Ctrl Pts',(117.855815654062,15.0860019272317,-104.058943808699));
#6182=CARTESIAN_POINT('Ctrl Pts',(117.830631240234,15.0810724025452,-103.992370675621));
#6183=CARTESIAN_POINT('Ctrl Pts',(117.828220570305,15.0806005449509,-103.985998248173));
#6184=CARTESIAN_POINT('Ctrl Pts',(117.825777145528,15.0801243522244,-103.979637535006));
#6185=CARTESIAN_POINT('Ctrl Pts',(117.823301049707,15.0796440114263,-103.97328877939));
#6186=CARTESIAN_POINT('Ctrl Pts',(117.795224988906,15.0741975027186,-103.901301238701));
#6187=CARTESIAN_POINT('Ctrl Pts',(117.763044832297,15.0682321860683,-103.831102773874));
#6188=CARTESIAN_POINT('Ctrl Pts',(117.726949827275,15.0620568117834,-103.763032095843));
#6189=CARTESIAN_POINT('Ctrl Pts',(117.688117432585,15.0554131066104,-103.689799042283));
#6190=CARTESIAN_POINT('Ctrl Pts',(117.644753542862,15.048526694856,-103.619028749581));
#6191=CARTESIAN_POINT('Ctrl Pts',(117.597111400043,15.041840623036,-103.551142982619));
#6192=CARTESIAN_POINT('Ctrl Pts',(117.579097535876,15.0393125673597,-103.52547484696));
#6193=CARTESIAN_POINT('Ctrl Pts',(117.560472226349,15.0368136811211,-103.500219098915));
#6194=CARTESIAN_POINT('Ctrl Pts',(117.541249903765,15.034369624726,-103.475398537558));
#6195=CARTESIAN_POINT('Ctrl Pts',(117.4758345938,15.0260522787885,-103.390931912489));
#6196=CARTESIAN_POINT('Ctrl Pts',(117.403861763971,15.0184141658092,-103.311955761236));
#6197=CARTESIAN_POINT('Ctrl Pts',(117.326038354446,15.0124623264278,-103.239179837572));
#6198=CARTESIAN_POINT('Ctrl Pts',(117.254275722208,15.0069740078964,-103.172071600121));
#6199=CARTESIAN_POINT('Ctrl Pts',(117.177538910545,15.0029227898128,-103.110235465155));
#6200=CARTESIAN_POINT('Ctrl Pts',(117.096419252422,15.0010894933444,-103.054227941466));
#6201=CARTESIAN_POINT('Ctrl Pts',(117.064927676206,15.0003777867519,-103.032485182168));
#6202=CARTESIAN_POINT('Ctrl Pts',(117.032775939747,15.,-103.011620841759));
#6203=CARTESIAN_POINT('Ctrl Pts',(117.,15.,-102.991667479675));
#6204=CARTESIAN_POINT('Origin',(138.5,54.,-60.));
#6205=CARTESIAN_POINT('',(138.5,10.5,-90.));
#6206=CARTESIAN_POINT('',(138.5,10.5,-90.));
#6207=CARTESIAN_POINT('',(138.5,16.,-90.));
#6208=CARTESIAN_POINT('Origin',(0.,0.,0.));
#6209=CARTESIAN_POINT('',(9.69705854077844,0.,-3.));
#6210=CARTESIAN_POINT('',(10.2970585407784,0.,-4.33680868994202E-16));
#6211=CARTESIAN_POINT('',(10.2679491924312,0.,-3.));
#6212=CARTESIAN_POINT('',(10.2679491924312,0.,-3.));
#6213=CARTESIAN_POINT('',(12.,0.,-2.00000000000002));
#6214=CARTESIAN_POINT('Origin',(12.,0.,-4.00000000000002));
#6215=CARTESIAN_POINT('',(73.,0.,-1.99999999999997));
#6216=CARTESIAN_POINT('',(12.,0.,-2.00000000000002));
#6217=CARTESIAN_POINT('',(75.,0.,-3.99999999999997));
#6218=CARTESIAN_POINT('Origin',(73.,0.,-3.99999999999997));
#6219=CARTESIAN_POINT('',(75.,0.,-24.));
#6220=CARTESIAN_POINT('',(75.,0.,-3.99999999999997));
#6221=CARTESIAN_POINT('',(81.,0.,-30.));
#6222=CARTESIAN_POINT('Origin',(81.,0.,-24.));
#6223=CARTESIAN_POINT('',(84.2103311439563,8.0658946226794E-17,-30.));
#6224=CARTESIAN_POINT('',(84.2103311439563,0.,-30.));
#6225=CARTESIAN_POINT('',(84.2103311439563,-4.8985871965894E-15,-30.));
#6226=CARTESIAN_POINT('',(78.9926406871193,0.,-17.));
#6227=CARTESIAN_POINT('Origin',(78.9926406871193,0.,-15.));
#6228=CARTESIAN_POINT('Origin',(0.,0.,0.));
#6229=CARTESIAN_POINT('',(9.00000000000004,0.,-143.514707296108));
#6230=CARTESIAN_POINT('',(9.00000000000001,0.,-6.48529270389222));
#6231=CARTESIAN_POINT('',(9.00000000000004,0.,-143.514707296108));
#6232=CARTESIAN_POINT('',(7.54841911669113,0.,-13.7431971204366));
#6233=CARTESIAN_POINT('',(9.,0.,-6.48529270389222));
#6234=CARTESIAN_POINT('',(6.9453581299689,0.,-16.7585020540477));
#6235=CARTESIAN_POINT('Origin',(5.99264068711929,0.,-15.));
#6236=CARTESIAN_POINT('',(-4.70294145922156,0.,-75.));
#6237=CARTESIAN_POINT('',(6.94535812996889,0.,-16.7585020540477));
#6238=CARTESIAN_POINT('',(6.9453581299689,0.,-133.241497945952));
#6239=CARTESIAN_POINT('',(-4.70294145922156,0.,-75.));
#6240=CARTESIAN_POINT('',(7.54841911669113,0.,-136.256802879563));
#6241=CARTESIAN_POINT('Origin',(5.99264068711929,0.,-135.));
#6242=CARTESIAN_POINT('',(7.54841911669114,0.,-136.256802879563));
#6243=CARTESIAN_POINT('Origin',(84.2103311439563,12.,-216.098411478643));
#6244=CARTESIAN_POINT('',(9.00000000000003,12.,-147.));
#6245=CARTESIAN_POINT('',(9.00000000000002,12.,-97.5));
#6246=CARTESIAN_POINT('',(9.00000000000004,12.,-147.));
#6247=CARTESIAN_POINT('',(10.2679491924311,12.,-147.));
#6248=CARTESIAN_POINT('',(9.00000000000003,12.,-147.));
#6249=CARTESIAN_POINT('',(10.,12.,-146.));
#6250=CARTESIAN_POINT('Origin',(12.,12.,-146.));
#6251=CARTESIAN_POINT('',(10.,12.,-120.));
#6252=CARTESIAN_POINT('',(10.,12.,-120.));
#6253=CARTESIAN_POINT('',(18.5,12.,-111.5));
#6254=CARTESIAN_POINT('',(18.5,12.,-111.5));
#6255=CARTESIAN_POINT('',(66.5,12.,-111.5));
#6256=CARTESIAN_POINT('',(18.5,12.,-111.5));
#6257=CARTESIAN_POINT('',(75.,12.,-120.));
#6258=CARTESIAN_POINT('',(75.,12.,-120.));
#6259=CARTESIAN_POINT('',(75.,12.,-126.));
#6260=CARTESIAN_POINT('',(75.,12.,-126.));
#6261=CARTESIAN_POINT('',(81.,12.,-120.));
#6262=CARTESIAN_POINT('Origin',(81.,12.,-126.));
#6263=CARTESIAN_POINT('',(96.2103311439562,12.,-120.));
#6264=CARTESIAN_POINT('',(81.,12.,-120.));
#6265=CARTESIAN_POINT('',(96.2103311439562,12.,-150.));
#6266=CARTESIAN_POINT('',(96.2103311439562,12.,-120.));
#6267=CARTESIAN_POINT('',(114.210331143956,12.,-150.));
#6268=CARTESIAN_POINT('',(96.2103311439562,12.,-150.));
#6269=CARTESIAN_POINT('',(114.210331143956,12.,-105.668844102109));
#6270=CARTESIAN_POINT('',(114.210331143956,12.,-150.));
#6271=CARTESIAN_POINT('',(114.210331143956,12.,-103.731155897891));
#6272=CARTESIAN_POINT('Origin',(115.96,12.,-104.7));
#6273=CARTESIAN_POINT('',(114.210331143956,12.,-46.1025671278475));
#6274=CARTESIAN_POINT('',(114.210331143956,12.,-103.731155897891));
#6275=CARTESIAN_POINT('',(114.210331143956,12.,-44.2774328721525));
#6276=CARTESIAN_POINT('Origin',(115.99,12.,-45.19));
#6277=CARTESIAN_POINT('',(114.210331143956,12.,-44.2774328721525));
#6278=CARTESIAN_POINT('',(96.2103311439562,12.,-30.));
#6279=CARTESIAN_POINT('',(96.2103311439562,12.,0.));
#6280=CARTESIAN_POINT('',(81.,12.,-30.));
#6281=CARTESIAN_POINT('',(96.2103311439562,12.,-30.));
#6282=CARTESIAN_POINT('',(75.,12.,-24.));
#6283=CARTESIAN_POINT('Origin',(81.,12.,-24.));
#6284=CARTESIAN_POINT('',(75.,12.,-30.));
#6285=CARTESIAN_POINT('',(75.,12.,-30.));
#6286=CARTESIAN_POINT('',(66.5,12.,-38.5));
#6287=CARTESIAN_POINT('',(66.5,12.,-38.5));
#6288=CARTESIAN_POINT('',(18.5,12.,-38.5));
#6289=CARTESIAN_POINT('',(66.5,12.,-38.5));
#6290=CARTESIAN_POINT('',(10.,12.,-30.));
#6291=CARTESIAN_POINT('',(10.,12.,-30.));
#6292=CARTESIAN_POINT('',(10.,12.,-4.00000000000002));
#6293=CARTESIAN_POINT('',(10.,12.,-4.00000000000002));
#6294=CARTESIAN_POINT('',(10.2679491924312,12.,-3.));
#6295=CARTESIAN_POINT('Origin',(12.,12.,-4.00000000000002));
#6296=CARTESIAN_POINT('',(9.00000000000002,12.,-3.));
#6297=CARTESIAN_POINT('',(10.2679491924312,12.,-3.));
#6298=CARTESIAN_POINT('',(9.00000000000002,12.,-52.5));
#6299=CARTESIAN_POINT('',(9.00000000000002,12.,-52.5));
#6300=CARTESIAN_POINT('',(14.,12.,-47.5));
#6301=CARTESIAN_POINT('Origin',(14.,12.,-52.5));
#6302=CARTESIAN_POINT('',(24.,12.,-47.5));
#6303=CARTESIAN_POINT('',(14.,12.,-47.5));
#6304=CARTESIAN_POINT('',(29.,12.,-52.5));
#6305=CARTESIAN_POINT('Origin',(24.,12.,-52.5));
#6306=CARTESIAN_POINT('',(29.,12.,-97.5));
#6307=CARTESIAN_POINT('',(29.,12.,-52.5));
#6308=CARTESIAN_POINT('',(24.,12.,-102.5));
#6309=CARTESIAN_POINT('Origin',(24.,12.,-97.5));
#6310=CARTESIAN_POINT('',(14.,12.,-102.5));
#6311=CARTESIAN_POINT('',(24.,12.,-102.5));
#6312=CARTESIAN_POINT('Origin',(14.,12.,-97.5));
#6313=CARTESIAN_POINT('',(42.7425109383646,12.,-93.3023841943826));
#6314=CARTESIAN_POINT('Origin',(42.7425109383646,12.,-95.3023841943826));
#6315=CARTESIAN_POINT('',(42.7425109383646,12.,-83.3023841943826));
#6316=CARTESIAN_POINT('Origin',(42.7425109383646,12.,-85.3023841943826));
#6317=CARTESIAN_POINT('',(42.7425109383646,12.,-62.6976158056174));
#6318=CARTESIAN_POINT('Origin',(42.7425109383646,12.,-64.6976158056174));
#6319=CARTESIAN_POINT('',(42.7425109383646,12.,-52.6976158056174));
#6320=CARTESIAN_POINT('Origin',(42.7425109383646,12.,-54.6976158056174));
#6321=CARTESIAN_POINT('',(32.79,12.,-106.98));
#6322=CARTESIAN_POINT('Origin',(32.79,12.,-104.98));
#6323=CARTESIAN_POINT('',(32.93,12.,-47.06));
#6324=CARTESIAN_POINT('Origin',(32.93,12.,-45.06));
#6325=CARTESIAN_POINT('Origin',(6.69857113690721,158.978733968455,-147.));
#6326=CARTESIAN_POINT('',(9.00000000000003,0.455681423275092,-147.));
#6327=CARTESIAN_POINT('',(9.00000000000003,0.455681423275092,-147.));
#6328=CARTESIAN_POINT('',(9.69705854077846,0.,-147.));
#6329=CARTESIAN_POINT('',(9.69705854077846,-3.46944695195361E-15,-147.));
#6330=CARTESIAN_POINT('',(10.2679491924311,0.,-147.));
#6331=CARTESIAN_POINT('',(9.69705854077846,0.,-147.));
#6332=CARTESIAN_POINT('',(10.2679491924311,12.,-147.));
#6333=CARTESIAN_POINT('Origin',(6.6985711369072,158.978733968455,-3.));
#6334=CARTESIAN_POINT('',(9.00000000000002,0.455681423275092,-3.));
#6335=CARTESIAN_POINT('',(9.00000000000002,0.455681423275092,-3.));
#6336=CARTESIAN_POINT('',(9.00000000000002,0.455681423275092,-3.));
#6337=CARTESIAN_POINT('',(10.2679491924312,0.,-3.));
#6338=CARTESIAN_POINT('Origin',(0.,0.,0.));
#6339=CARTESIAN_POINT('',(169.789668856044,0.,-142.522574293207));
#6340=CARTESIAN_POINT('',(170.,0.,-142.650684556161));
#6341=CARTESIAN_POINT('',(169.789668856044,-8.67361737988404E-16,-150.));
#6342=CARTESIAN_POINT('',(169.789668856044,0.,-142.522574293207));
#6343=CARTESIAN_POINT('',(170.,0.,-150.));
#6344=CARTESIAN_POINT('',(170.,0.,-150.));
#6345=CARTESIAN_POINT('',(170.,0.,-150.));
#6346=CARTESIAN_POINT('Origin',(148.5,3.,-118.));
#6347=CARTESIAN_POINT('Origin',(148.5,3.,-130.215309812797));
#6348=CARTESIAN_POINT('',(127.210331143956,0.,-150.));
#6349=CARTESIAN_POINT('',(127.210331143956,0.,-118.));
#6350=CARTESIAN_POINT('Origin',(148.5,3.,-150.));
#6351=CARTESIAN_POINT('Origin',(148.5,3.,-129.555283648292));
#6352=CARTESIAN_POINT('Origin',(148.5,3.,-134.706856545338));
#6353=CARTESIAN_POINT('',(169.789668856044,0.,-121.940465178359));
#6354=CARTESIAN_POINT('Origin',(148.5,3.,-134.706856545338));
#6355=CARTESIAN_POINT('',(169.789668856044,0.,-118.));
#6356=CARTESIAN_POINT('',(127.210331143956,6.00000000000005,-121.089765370825));
#6357=CARTESIAN_POINT('Origin',(148.5,3.,-134.706856545338));
#6358=CARTESIAN_POINT('Origin',(6.34057979001565,46.7978328789414,-91.9927276075714));
#6359=CARTESIAN_POINT('',(5.28801379843146,28.5999985020007,-91.9927276075714));
#6360=CARTESIAN_POINT('',(6.34057979001565,28.5999985020007,-91.9927276075714));
#6361=CARTESIAN_POINT('',(5.28801379843146,28.5999985020007,-91.9927276075714));
#6362=CARTESIAN_POINT('',(-0.221930608282536,24.9749748460768,-91.9927276075714));
#6363=CARTESIAN_POINT('Origin',(5.28801379843146,22.5999985020007,-91.9927276075714));
#6364=CARTESIAN_POINT('',(-2.09690981168617,20.6250236559239,-91.9927276075714));
#6365=CARTESIAN_POINT('',(-0.221930608282538,24.9749748460768,-91.9927276075714));
#6366=CARTESIAN_POINT('',(-7.60685421840016,17.,-91.9927276075714));
#6367=CARTESIAN_POINT('Origin',(-7.60685421840016,23.,-91.9927276075714));
#6368=CARTESIAN_POINT('',(-11.2645893899843,17.,-91.9927276075714));
#6369=CARTESIAN_POINT('',(-7.60685421840016,17.,-91.9927276075714));
#6370=CARTESIAN_POINT('',(-12.1367253449839,16.2,-91.9927276075714));
#6371=CARTESIAN_POINT('Origin',(-15.7367253449839,21.,-91.9927276075714));
#6372=CARTESIAN_POINT('',(-6.26458938998435,16.2,-91.9927276075714));
#6373=CARTESIAN_POINT('',(-6.26458938998435,16.2,-91.9927276075714));
#6374=CARTESIAN_POINT('',(-6.26458938998435,16.2,-91.9927276075714));
#6375=CARTESIAN_POINT('',(6.34057979001565,28.5999985020007,-91.9927276075714));
#6376=CARTESIAN_POINT('Origin',(6.34057979001565,46.7978328789414,-68.8467730144375));
#6377=CARTESIAN_POINT('',(-2.09690981168617,20.6250236559239,-68.8467730144375));
#6378=CARTESIAN_POINT('',(-0.221930608282532,24.9749748460768,-68.8467730144375));
#6379=CARTESIAN_POINT('',(-2.09690981168617,20.6250236559239,-68.8467730144375));
#6380=CARTESIAN_POINT('',(5.28801379843147,28.5999985020007,-68.8467730144375));
#6381=CARTESIAN_POINT('Origin',(5.28801379843147,22.5999985020007,-68.8467730144375));
#6382=CARTESIAN_POINT('',(6.34057979001565,28.5999985020007,-68.8467730144375));
#6383=CARTESIAN_POINT('',(6.34057979001565,28.5999985020007,-68.8467730144375));
#6384=CARTESIAN_POINT('',(6.34057979001565,28.5999985020007,-68.8467730144375));
#6385=CARTESIAN_POINT('',(-6.26458938998435,16.2,-68.8467730144375));
#6386=CARTESIAN_POINT('',(-6.26458938998435,16.2,-68.8467730144375));
#6387=CARTESIAN_POINT('',(-12.1367253449839,16.2,-68.8467730144375));
#6388=CARTESIAN_POINT('',(-12.1367253449839,16.2,-68.8467730144375));
#6389=CARTESIAN_POINT('',(-11.2645893899843,17.,-68.8467730144375));
#6390=CARTESIAN_POINT('Origin',(-15.736725344984,21.,-68.8467730144375));
#6391=CARTESIAN_POINT('',(-7.60685421840016,17.,-68.8467730144375));
#6392=CARTESIAN_POINT('',(-11.2645893899843,17.,-68.8467730144375));
#6393=CARTESIAN_POINT('Origin',(-7.60685421840016,23.,-68.8467730144375));
#6394=CARTESIAN_POINT('Origin',(84.2103311439563,-3.81639164714898E-14,
-216.098411478643));
#6395=CARTESIAN_POINT('',(84.2103311439563,8.6736173798849E-16,-120.));
#6396=CARTESIAN_POINT('',(84.2103311439563,2.16840434497123E-15,-120.));
#6397=CARTESIAN_POINT('',(84.2103311439563,-4.8985871965894E-15,-150.));
#6398=CARTESIAN_POINT('',(84.2103311439563,-4.8985871965894E-15,-150.));
#6399=CARTESIAN_POINT('',(84.2103311439563,-2.08166817117217E-14,-150.));
#6400=CARTESIAN_POINT('Origin',(75.,-82.0060973342836,-30.));
#6401=CARTESIAN_POINT('',(75.,12.,-30.));
#6402=CARTESIAN_POINT('',(75.,0.,-24.));
#6403=CARTESIAN_POINT('',(75.,15.,-3.99999999999997));
#6404=CARTESIAN_POINT('Origin',(10.,-82.0060973342836,-30.));
#6405=CARTESIAN_POINT('',(10.,15.,-4.00000000000002));
#6406=CARTESIAN_POINT('',(10.,12.,-30.));
#6407=CARTESIAN_POINT('Origin',(10.,-82.0060973342836,-150.));
#6408=CARTESIAN_POINT('',(10.,12.,-146.));
#6409=CARTESIAN_POINT('',(10.,12.,-120.));
#6410=CARTESIAN_POINT('Origin',(75.,-82.0060973342836,-150.));
#6411=CARTESIAN_POINT('',(75.,0.,-126.));
#6412=CARTESIAN_POINT('',(75.,0.,-146.));
#6413=CARTESIAN_POINT('',(75.,0.,-126.));
#6414=CARTESIAN_POINT('',(75.,0.,-126.));
#6415=CARTESIAN_POINT('',(75.,12.,-120.));
#6416=CARTESIAN_POINT('',(75.,0.,-146.));
#6417=CARTESIAN_POINT('Origin',(158.5,54.,-60.));
#6418=CARTESIAN_POINT('',(158.5,10.5000000000001,-90.));
#6419=CARTESIAN_POINT('Origin',(138.5,54.,-90.));
#6420=CARTESIAN_POINT('Origin',(148.5,3.,-90.));
#6421=CARTESIAN_POINT('Origin',(0.,0.,0.));
#6422=CARTESIAN_POINT('',(10.2970585407785,0.,-150.));
#6423=CARTESIAN_POINT('',(9.69705854077847,0.,-147.));
#6424=CARTESIAN_POINT('',(84.2103311439562,0.,-150.));
#6425=CARTESIAN_POINT('',(81.,0.,-120.));
#6426=CARTESIAN_POINT('',(81.,0.,-120.));
#6427=CARTESIAN_POINT('Origin',(81.,0.,-126.));
#6428=CARTESIAN_POINT('',(73.,0.,-148.));
#6429=CARTESIAN_POINT('Origin',(73.,0.,-146.));
#6430=CARTESIAN_POINT('',(12.,0.,-148.));
#6431=CARTESIAN_POINT('',(12.,0.,-148.));
#6432=CARTESIAN_POINT('Origin',(12.,0.,-146.));
#6433=CARTESIAN_POINT('',(78.9926406871193,0.,-137.));
#6434=CARTESIAN_POINT('Origin',(78.9926406871193,0.,-135.));
#6435=CARTESIAN_POINT('Origin',(0.,0.,0.));
#6436=CARTESIAN_POINT('',(124.210331143956,1.73472347597681E-15,-150.));
#6437=CARTESIAN_POINT('',(124.210331143956,0.,-150.));
#6438=CARTESIAN_POINT('',(127.210331143956,0.,-150.));
#6439=CARTESIAN_POINT('',(136.365338900488,0.,-118.));
#6440=CARTESIAN_POINT('',(127.210331143956,0.,-32.));
#6441=CARTESIAN_POINT('',(131.530610251641,0.,-63.));
#6442=CARTESIAN_POINT('Origin',(131.530610251641,0.,-65.));
#6443=CARTESIAN_POINT('',(131.530610251641,0.,-83.));
#6444=CARTESIAN_POINT('Origin',(131.530610251641,0.,-85.));
#6445=CARTESIAN_POINT('',(131.530610251641,0.,-103.));
#6446=CARTESIAN_POINT('Origin',(131.530610251641,0.,-105.));
#6447=CARTESIAN_POINT('',(131.530610251641,0.,-43.));
#6448=CARTESIAN_POINT('Origin',(131.530610251641,0.,-45.));
#6449=CARTESIAN_POINT('Origin',(180.,3.,0.));
#6450=CARTESIAN_POINT('',(180.,3.,-150.));
#6451=CARTESIAN_POINT('',(180.,3.,0.));
#6452=CARTESIAN_POINT('',(180.,31.,-150.));
#6453=CARTESIAN_POINT('Origin',(0.,3.,-150.));
#6454=CARTESIAN_POINT('Origin',(170.,3.00000000000016,-150.));
#6455=CARTESIAN_POINT('',(114.210331143956,12.,-150.));
#6456=CARTESIAN_POINT('',(5.00000000000002,3.46279549539388,-150.));
#6457=CARTESIAN_POINT('',(5.00000000000003,3.4627954953939,-150.));
#6458=CARTESIAN_POINT('',(5.00000000000002,3.46279549539386,-150.));
#6459=CARTESIAN_POINT('Origin',(148.5,3.,-150.));
#6460=CARTESIAN_POINT('',(160.634661099512,0.,-118.));
#6461=CARTESIAN_POINT('Origin',(0.,0.,0.));
#6462=CARTESIAN_POINT('',(169.789668856044,0.,-121.940465178359));
#6463=CARTESIAN_POINT('',(170.,0.,-121.814339698505));
#6464=CARTESIAN_POINT('',(169.789668856044,0.,-32.));
#6465=CARTESIAN_POINT('',(164.074555320337,0.,-103.));
#6466=CARTESIAN_POINT('Origin',(164.074555320337,0.,-105.));
#6467=CARTESIAN_POINT('',(164.074555320337,0.,-83.));
#6468=CARTESIAN_POINT('Origin',(164.074555320337,0.,-85.));
#6469=CARTESIAN_POINT('',(164.074555320337,0.,-63.));
#6470=CARTESIAN_POINT('Origin',(164.074555320337,0.,-65.));
#6471=CARTESIAN_POINT('',(164.074555320337,0.,-43.));
#6472=CARTESIAN_POINT('Origin',(164.074555320337,0.,-45.));
#6473=CARTESIAN_POINT('Origin',(148.5,3.,-32.));
#6474=CARTESIAN_POINT('Origin',(148.5,3.,-20.2508861837254));
#6475=CARTESIAN_POINT('Origin',(148.5,3.,-15.7491138162772));
#6476=CARTESIAN_POINT('Origin',(148.5,3.,-20.2508861837254));
#6477=CARTESIAN_POINT('',(127.210331143956,6.00000000000005,-28.7164044611933));
#6478=CARTESIAN_POINT('Ctrl Pts',(170.,0.,-157.5));
#6479=CARTESIAN_POINT('Ctrl Pts',(170.,0.,40.5));
#6480=CARTESIAN_POINT('Ctrl Pts',(180.,-9.2148511043888E-14,-157.5));
#6481=CARTESIAN_POINT('Ctrl Pts',(180.,-9.2148511043888E-14,40.5000000000001));
#6482=CARTESIAN_POINT('Ctrl Pts',(180.,3.,-157.5));
#6483=CARTESIAN_POINT('Ctrl Pts',(180.,3.,40.5));
#6484=CARTESIAN_POINT('Origin',(10.,-82.0060973342836,-120.));
#6485=CARTESIAN_POINT('',(18.5,12.,-111.5));
#6486=CARTESIAN_POINT('Origin',(55.,-82.0060973342836,-100.));
#6487=CARTESIAN_POINT('',(66.5,12.,-111.5));
#6488=CARTESIAN_POINT('Origin',(55.,-82.0060973342836,-50.));
#6489=CARTESIAN_POINT('',(66.5,12.,-38.5));
#6490=CARTESIAN_POINT('Origin',(30.,-82.0060973342836,-50.));
#6491=CARTESIAN_POINT('',(18.5,12.,-38.5));
#6492=CARTESIAN_POINT('Origin',(-33.6538461538462,-79.0569415042095,-6.73076923076924));
#6493=CARTESIAN_POINT('',(-9.99999999999998,9.99999999999998,-125.));
#6494=CARTESIAN_POINT('',(-9.99999999999998,9.99999999999995,-125.));
#6495=CARTESIAN_POINT('',(-20.,9.99999999999998,-75.));
#6496=CARTESIAN_POINT('',(-9.99999999999997,10.,-125.));
#6497=CARTESIAN_POINT('',(-20.,9.99999999999995,-75.));
#6498=CARTESIAN_POINT('',(-15.6801685477532,15.000266561864,-96.5991572612341));
#6499=CARTESIAN_POINT('Origin',(-15.7367253449839,21.,-96.3163732750803));
#6500=CARTESIAN_POINT('',(-15.6801685477532,15.000266561864,-96.5991572612341));
#6501=CARTESIAN_POINT('Origin',(-62.5,-79.0569415042095,-37.5));
#6502=CARTESIAN_POINT('',(-9.99999999999998,10.,-125.));
#6503=CARTESIAN_POINT('Origin',(3.67647058823531,-79.0569415042095,-2.20588235294118));
#6504=CARTESIAN_POINT('',(-9.99999999999998,9.99999999999998,-25.));
#6505=CARTESIAN_POINT('',(-9.99999999999998,9.99999999999995,-25.));
#6506=CARTESIAN_POINT('',(5.00000000000002,3.4627954953939,3.46944695195361E-15));
#6507=CARTESIAN_POINT('Origin',(-4.80769230769229,-79.0569415042095,0.961538461538459));
#6508=CARTESIAN_POINT('',(-20.,10.,-75.));
#6509=CARTESIAN_POINT('Origin',(114.210331143956,12.,-216.098411478643));
#6510=CARTESIAN_POINT('',(115.99,9.86439737274748,-47.19));
#6511=CARTESIAN_POINT('Origin',(115.99,9.86439737274748,-45.19));
#6512=CARTESIAN_POINT('Origin',(115.99,9.86439737274748,-45.19));
#6513=CARTESIAN_POINT('',(115.96,9.90039737274753,-106.7));
#6514=CARTESIAN_POINT('Origin',(115.96,9.90039737274752,-104.7));
#6515=CARTESIAN_POINT('Origin',(115.96,9.90039737274752,-104.7));
#6516=CARTESIAN_POINT('Origin',(84.2103311439563,-3.81639164714898E-14,
-216.098411478643));
#6517=CARTESIAN_POINT('',(96.2103311439562,12.,-30.));
#6518=CARTESIAN_POINT('Origin',(18.5,-37.3583832798441,-38.5));
#6519=CARTESIAN_POINT('Origin',(66.5,-37.3583832798441,-111.5));
#6520=CARTESIAN_POINT('Origin',(-5.13274595042153,15.,-148.));
#6521=CARTESIAN_POINT('',(73.,0.,-148.));
#6522=CARTESIAN_POINT('',(12.,0.,-148.));
#6523=CARTESIAN_POINT('Origin',(-5.13274595042167,15.,-2.00000000000004));
#6524=CARTESIAN_POINT('',(73.,15.,-1.99999999999997));
#6525=CARTESIAN_POINT('',(12.,15.,-2.00000000000002));
#6526=CARTESIAN_POINT('Origin',(73.,15.,-146.));
#6527=CARTESIAN_POINT('Origin',(12.,-82.0060973342836,-146.));
#6528=CARTESIAN_POINT('Origin',(73.,15.,-3.99999999999997));
#6529=CARTESIAN_POINT('Origin',(12.,-82.0060973342836,-4.00000000000001));
#6530=CARTESIAN_POINT('Origin',(6.34057979001565,46.7978328789414,-96.5991572612341));
#6531=CARTESIAN_POINT('',(6.34057979001565,28.5999985020007,-96.5991572612341));
#6532=CARTESIAN_POINT('',(6.34057979001565,28.5999985020007,-91.9927276075714));
#6533=CARTESIAN_POINT('',(6.34057979001565,28.5999985020007,-96.5991572612341));
#6534=CARTESIAN_POINT('',(6.34057979001565,22.4999985020007,-92.7973972643766));
#6535=CARTESIAN_POINT('Origin',(6.34057979001565,22.4999985020007,-94.2973972644133));
#6536=CARTESIAN_POINT('Origin',(6.34057979001565,46.7978328789414,-96.5991572612341));
#6537=CARTESIAN_POINT('',(-0.221930608282535,24.9749748460768,-96.5991572612341));
#6538=CARTESIAN_POINT('',(-2.09690981168616,20.6250236559239,-96.5991572612341));
#6539=CARTESIAN_POINT('',(-0.221930608282535,24.9749748460768,-96.5991572612341));
#6540=CARTESIAN_POINT('',(5.28801379843146,28.5999985020007,-96.5991572612341));
#6541=CARTESIAN_POINT('Origin',(5.28801379843146,22.5999985020007,-96.5991572612341));
#6542=CARTESIAN_POINT('',(6.34057979001565,28.5999985020007,-96.5991572612341));
#6543=CARTESIAN_POINT('',(-11.2645893899843,17.,-96.5991572612341));
#6544=CARTESIAN_POINT('Origin',(-15.7367253449839,21.,-96.5991572612341));
#6545=CARTESIAN_POINT('',(-7.60685421840016,17.,-96.5991572612341));
#6546=CARTESIAN_POINT('',(-7.60685421840016,17.,-96.5991572612341));
#6547=CARTESIAN_POINT('Origin',(-7.60685421840016,23.,-96.5991572612341));
#6548=CARTESIAN_POINT('Origin',(-11.5145893868622,28.5999985020007,-91.7926707983088));
#6549=CARTESIAN_POINT('',(5.28801379843146,28.5999985020007,-96.5991572612341));
#6550=CARTESIAN_POINT('Origin',(6.34057979001565,46.7978328789414,-64.2456047059558));
#6551=CARTESIAN_POINT('',(6.34057979001565,28.5999985020007,-64.2456047059558));
#6552=CARTESIAN_POINT('',(6.34057979001565,28.5999985020007,-64.2456047059558));
#6553=CARTESIAN_POINT('',(6.34057979001565,28.5999985020007,-64.2456047059558));
#6554=CARTESIAN_POINT('',(6.34057979001565,22.4999985020007,-65.0473979808355));
#6555=CARTESIAN_POINT('Origin',(6.34057979001565,22.4999985020007,-66.5473979808722));
#6556=CARTESIAN_POINT('Origin',(6.34057979001565,46.7978328789414,-64.2456047059558));
#6557=CARTESIAN_POINT('',(5.28801379843147,28.5999985020007,-64.2456047059558));
#6558=CARTESIAN_POINT('',(5.28801379843147,28.5999985020007,-64.2456047059558));
#6559=CARTESIAN_POINT('',(-0.221930608282529,24.9749748460768,-64.2456047059558));
#6560=CARTESIAN_POINT('Origin',(5.28801379843147,22.5999985020007,-64.2456047059558));
#6561=CARTESIAN_POINT('',(-2.09690981168616,20.6250236559239,-64.2456047059558));
#6562=CARTESIAN_POINT('',(-2.09690981168616,20.6250236559239,-64.2456047059558));
#6563=CARTESIAN_POINT('',(-7.60685421840016,17.,-64.2456047059558));
#6564=CARTESIAN_POINT('Origin',(-7.60685421840016,23.,-64.2456047059558));
#6565=CARTESIAN_POINT('',(-11.2645893899843,17.,-64.2456047059558));
#6566=CARTESIAN_POINT('',(-11.2645893899843,17.,-64.2456047059558));
#6567=CARTESIAN_POINT('Origin',(-15.736725344984,21.,-64.2456047059558));
#6568=CARTESIAN_POINT('Origin',(-11.5145893868622,28.5999985020007,-91.7926707983088));
#6569=CARTESIAN_POINT('',(5.28801379843147,28.5999985020007,-64.2456047059558));
#6570=CARTESIAN_POINT('Origin',(72.5000000000001,105.070832181495,-120.));
#6571=CARTESIAN_POINT('',(81.,0.,-120.));
#6572=CARTESIAN_POINT('Origin',(72.5,105.070832181495,-29.9999999999999));
#6573=CARTESIAN_POINT('',(81.,0.,-30.));
#6574=CARTESIAN_POINT('Origin',(81.,105.070832181495,-24.));
#6575=CARTESIAN_POINT('Origin',(81.,-82.0060973342836,-126.));
#6576=CARTESIAN_POINT('Origin',(1.34057979001565,28.5999985020007,-113.729547078831));
#6577=CARTESIAN_POINT('',(-0.221930608282529,24.9749748460768,-64.2456047059558));
#6578=CARTESIAN_POINT('',(-2.09690981168616,20.6250236559239,-68.8467730144375));
#6579=CARTESIAN_POINT('',(-1.28873089435552,22.4999985020007,-65.0473979808355));
#6580=CARTESIAN_POINT('Origin',(-1.28873089435552,22.4999985020007,-66.5473979808722));
#6581=CARTESIAN_POINT('Origin',(-3.65942020998434,17.,-113.729547078831));
#6582=CARTESIAN_POINT('',(-7.60685421840016,17.,-68.8467730144375));
#6583=CARTESIAN_POINT('',(-11.2645893899843,17.,-68.8467730144375));
#6584=CARTESIAN_POINT('Origin',(-3.65942020998434,17.,-113.729547078831));
#6585=CARTESIAN_POINT('',(-7.60685421840016,17.,-96.5991572612341));
#6586=CARTESIAN_POINT('',(-11.2645893899843,17.,-96.5991572612341));
#6587=CARTESIAN_POINT('Origin',(1.34057979001565,28.5999985020007,-113.729547078831));
#6588=CARTESIAN_POINT('',(-2.09690981168616,20.6250236559239,-96.5991572612341));
#6589=CARTESIAN_POINT('',(-0.221930608282534,24.9749748460768,-96.5991572612341));
#6590=CARTESIAN_POINT('',(-1.28873089435552,22.4999985020007,-92.7973972643766));
#6591=CARTESIAN_POINT('Origin',(-1.28873089435552,22.4999985020007,-94.2973972644133));
#6592=CARTESIAN_POINT('Origin',(-6.26458938998435,16.2,-91.9927276075714));
#6593=CARTESIAN_POINT('',(-6.26458938998435,16.2,-68.8467730144375));
#6594=CARTESIAN_POINT('Origin',(0.,16.2,0.));
#6595=CARTESIAN_POINT('',(-12.1367253449839,16.2,-68.8467730144375));
#6596=CARTESIAN_POINT('Origin',(-15.5072300772074,22.4999985020007,-94.2973972644133));
#6597=CARTESIAN_POINT('',(-15.5072300772074,22.4999985020007,-92.7973972643766));
#6598=CARTESIAN_POINT('Origin',(-15.5072300772074,22.4999985020007,-66.5473979808722));
#6599=CARTESIAN_POINT('',(-15.5072300772074,22.4999985020007,-65.0473979808355));
#6600=CARTESIAN_POINT('Origin',(-7.60685421840016,23.,-113.729547078831));
#6601=CARTESIAN_POINT('Origin',(5.28801379843146,22.5999985020007,-91.7926707983088));
#6602=CARTESIAN_POINT('Origin',(5.28801379843146,22.5999985020007,-113.729547078831));
#6603=CARTESIAN_POINT('Origin',(-7.60685421840016,23.,-113.729547078831));
#6604=CARTESIAN_POINT('Origin',(-15.7367253449839,21.,-96.5991572612341));
#6605=CARTESIAN_POINT('Origin',(42.7425109383646,20.6568542494924,-95.3023841943826));
#6606=CARTESIAN_POINT('',(42.7425109383646,20.6568542494924,-93.3023841943826));
#6607=CARTESIAN_POINT('Origin',(42.7425109383646,20.6568542494924,-85.3023841943826));
#6608=CARTESIAN_POINT('',(42.7425109383646,20.6568542494924,-83.3023841943826));
#6609=CARTESIAN_POINT('Origin',(42.7425109383646,20.6568542494924,-64.6976158056174));
#6610=CARTESIAN_POINT('',(42.7425109383646,20.6568542494924,-62.6976158056174));
#6611=CARTESIAN_POINT('Origin',(42.7425109383646,20.6568542494924,-54.6976158056174));
#6612=CARTESIAN_POINT('',(42.7425109383646,20.6568542494924,-52.6976158056174));
#6613=CARTESIAN_POINT('Origin',(115.96,-0.0499999999999997,-104.7));
#6614=CARTESIAN_POINT('',(115.96,-0.0499999999999997,-106.7));
#6615=CARTESIAN_POINT('Origin',(115.99,-0.0499999999999997,-45.19));
#6616=CARTESIAN_POINT('',(115.99,-0.0499999999999997,-47.19));
#6617=CARTESIAN_POINT('Origin',(32.79,-0.0499999999999997,-104.98));
#6618=CARTESIAN_POINT('',(32.79,-0.0499999999999997,-106.98));
#6619=CARTESIAN_POINT('Origin',(32.93,-0.0499999999999997,-45.06));
#6620=CARTESIAN_POINT('',(32.93,-0.0499999999999997,-47.06));
#6621=CARTESIAN_POINT('Origin',(5.99264068711929,-5.65685424949239,-15.));
#6622=CARTESIAN_POINT('',(5.99264068711929,0.591236446698685,-17.));
#6623=CARTESIAN_POINT('Origin',(5.99264068711929,0.852724626882929,-15.));
#6624=CARTESIAN_POINT('',(5.99264068711929,-5.65685424949239,-17.));
#6625=CARTESIAN_POINT('Origin',(5.99264068711929,0.852724626882929,-15.));
#6626=CARTESIAN_POINT('Origin',(5.99264068711929,-5.65685424949239,-135.));
#6627=CARTESIAN_POINT('',(5.99264068711929,1.11421280706718,-137.));
#6628=CARTESIAN_POINT('Origin',(5.99264068711929,0.852724626882935,-135.));
#6629=CARTESIAN_POINT('',(5.99264068711929,-5.65685424949239,-137.));
#6630=CARTESIAN_POINT('Origin',(5.99264068711929,0.852724626882935,-135.));
#6631=CARTESIAN_POINT('Origin',(78.9926406871193,-5.65685424949239,-135.));
#6632=CARTESIAN_POINT('',(78.9926406871193,-5.65685424949239,-137.));
#6633=CARTESIAN_POINT('Origin',(78.9926406871193,-5.65685424949239,-15.));
#6634=CARTESIAN_POINT('',(78.9926406871193,-5.65685424949239,-17.));
#6635=CARTESIAN_POINT('Origin',(170.,-40.4982976641278,-142.650684556161));
#6636=CARTESIAN_POINT('Origin',(170.,-40.4982976641278,-121.814339698505));
#6637=CARTESIAN_POINT('Origin',(170.,-40.4982976641278,-121.814339698505));
#6638=CARTESIAN_POINT('Origin',(149.037584869947,-40.4982976641278,-129.88272036429));
#6639=CARTESIAN_POINT('Origin',(149.037584869947,-40.4982976641278,-134.384492731738));
#6640=CARTESIAN_POINT('Origin',(127.210331143956,-40.4982976641278,-143.386661202248));
#6641=CARTESIAN_POINT('Origin',(127.210331143956,-40.4982976641278,-28.7164044611933));
#6642=CARTESIAN_POINT('Origin',(169.789668856044,-40.4982976641278,-7.28359553880874));
#6643=CARTESIAN_POINT('Origin',(148.500000000001,-40.4982976641278,-15.7491138162765));
#6644=CARTESIAN_POINT('Origin',(148.500000000001,-40.4982976641278,-20.2508861837248));
#6645=CARTESIAN_POINT('Origin',(164.074555320337,10.,-45.));
#6646=CARTESIAN_POINT('',(164.074555320337,10.,-43.));
#6647=CARTESIAN_POINT('Origin',(164.074555320337,10.,-45.));
#6648=CARTESIAN_POINT('',(164.074555320337,10.,-43.));
#6649=CARTESIAN_POINT('Origin',(164.074555320337,10.,-45.));
#6650=CARTESIAN_POINT('Origin',(164.074555320337,10.,-65.));
#6651=CARTESIAN_POINT('',(164.074555320337,10.,-63.));
#6652=CARTESIAN_POINT('Origin',(164.074555320337,10.,-65.));
#6653=CARTESIAN_POINT('',(164.074555320337,10.,-63.));
#6654=CARTESIAN_POINT('Origin',(164.074555320337,10.,-65.));
#6655=CARTESIAN_POINT('Origin',(164.074555320337,10.,-85.));
#6656=CARTESIAN_POINT('',(164.074555320337,10.,-83.));
#6657=CARTESIAN_POINT('Origin',(164.074555320337,10.,-85.));
#6658=CARTESIAN_POINT('',(164.074555320337,10.,-83.));
#6659=CARTESIAN_POINT('Origin',(164.074555320337,10.,-85.));
#6660=CARTESIAN_POINT('Origin',(164.074555320337,10.,-105.));
#6661=CARTESIAN_POINT('',(164.074555320337,10.,-103.));
#6662=CARTESIAN_POINT('Origin',(164.074555320337,10.,-105.));
#6663=CARTESIAN_POINT('',(164.074555320337,10.,-103.));
#6664=CARTESIAN_POINT('Origin',(164.074555320337,10.,-105.));
#6665=CARTESIAN_POINT('Origin',(131.530610251641,10.,-45.));
#6666=CARTESIAN_POINT('',(131.530610251641,10.,-43.));
#6667=CARTESIAN_POINT('Origin',(131.530610251641,10.,-45.));
#6668=CARTESIAN_POINT('',(131.530610251641,10.,-43.));
#6669=CARTESIAN_POINT('Origin',(131.530610251641,10.,-45.));
#6670=CARTESIAN_POINT('Origin',(131.530610251641,10.,-105.));
#6671=CARTESIAN_POINT('',(131.530610251641,10.,-103.));
#6672=CARTESIAN_POINT('Origin',(131.530610251641,10.,-105.));
#6673=CARTESIAN_POINT('',(131.530610251641,10.,-103.));
#6674=CARTESIAN_POINT('Origin',(131.530610251641,10.,-105.));
#6675=CARTESIAN_POINT('Origin',(131.530610251641,10.,-85.));
#6676=CARTESIAN_POINT('',(131.530610251641,10.,-83.));
#6677=CARTESIAN_POINT('Origin',(131.530610251641,10.,-85.));
#6678=CARTESIAN_POINT('',(131.530610251641,10.,-83.));
#6679=CARTESIAN_POINT('Origin',(131.530610251641,10.,-85.));
#6680=CARTESIAN_POINT('Origin',(131.530610251641,10.,-65.));
#6681=CARTESIAN_POINT('',(131.530610251641,10.,-63.));
#6682=CARTESIAN_POINT('Origin',(131.530610251641,10.,-65.));
#6683=CARTESIAN_POINT('',(131.530610251641,10.,-63.));
#6684=CARTESIAN_POINT('Origin',(131.530610251641,10.,-65.));
#6685=CARTESIAN_POINT('Origin',(9.00000000000002,5.,-102.5));
#6686=CARTESIAN_POINT('',(9.00000000000002,-1.17093834628434E-14,-6.48529270389222));
#6687=CARTESIAN_POINT('',(9.00000000000002,0.455681423275092,-147.));
#6688=CARTESIAN_POINT('',(9.00000000000002,12.,-97.5));
#6689=CARTESIAN_POINT('',(9.00000000000002,12.,-52.5));
#6690=CARTESIAN_POINT('Origin',(9.00000000000002,5.,-102.5));
#6691=CARTESIAN_POINT('',(14.,12.,-102.5));
#6692=CARTESIAN_POINT('',(24.,12.,-102.5));
#6693=CARTESIAN_POINT('Origin',(29.,5.,-102.5));
#6694=CARTESIAN_POINT('',(29.,12.,-97.5));
#6695=CARTESIAN_POINT('',(29.,12.,-52.5));
#6696=CARTESIAN_POINT('Origin',(9.00000000000002,5.,-47.5));
#6697=CARTESIAN_POINT('',(24.,12.,-47.5));
#6698=CARTESIAN_POINT('',(14.,12.,-47.5));
#6699=CARTESIAN_POINT('Origin',(14.,5.,-97.5));
#6700=CARTESIAN_POINT('Origin',(24.,5.,-97.5));
#6701=CARTESIAN_POINT('Origin',(24.,5.,-52.5));
#6702=CARTESIAN_POINT('Origin',(14.,5.,-52.5));
#6703=CARTESIAN_POINT('Origin',(-33.6538461538462,10.,-6.73076923076924));
#6704=CARTESIAN_POINT('',(-4.70294145922157,3.46944695195361E-15,-75.));
#6705=CARTESIAN_POINT('Origin',(-4.80769230769229,10.,0.961538461538459));
#6706=UNCERTAINTY_MEASURE_WITH_UNIT(LENGTH_MEASURE(0.01),#6710,
'DISTANCE_ACCURACY_VALUE',
'Maximum model space distance between geometric entities at asserted c
onnectivities');
#6707=UNCERTAINTY_MEASURE_WITH_UNIT(LENGTH_MEASURE(0.01),#6710,
'DISTANCE_ACCURACY_VALUE',
'Maximum model space distance between geometric entities at asserted c
onnectivities');
#6708=(
GEOMETRIC_REPRESENTATION_CONTEXT(3)
GLOBAL_UNCERTAINTY_ASSIGNED_CONTEXT((#6706))
GLOBAL_UNIT_ASSIGNED_CONTEXT((#6710,#6712,#6713))
REPRESENTATION_CONTEXT('','3D')
);
#6709=(
GEOMETRIC_REPRESENTATION_CONTEXT(3)
GLOBAL_UNCERTAINTY_ASSIGNED_CONTEXT((#6707))
GLOBAL_UNIT_ASSIGNED_CONTEXT((#6710,#6712,#6713))
REPRESENTATION_CONTEXT('','3D')
);
#6710=(
LENGTH_UNIT()
NAMED_UNIT(*)
SI_UNIT(.MILLI.,.METRE.)
);
#6711=(
LENGTH_UNIT()
NAMED_UNIT(*)
SI_UNIT($,.METRE.)
);
#6712=(
NAMED_UNIT(*)
PLANE_ANGLE_UNIT()
SI_UNIT($,.RADIAN.)
);
#6713=(
NAMED_UNIT(*)
SI_UNIT($,.STERADIAN.)
SOLID_ANGLE_UNIT()
);
#6714=SHAPE_DEFINITION_REPRESENTATION(#6715,#6716);
#6715=PRODUCT_DEFINITION_SHAPE('',$,#6718);
#6716=SHAPE_REPRESENTATION('',(#3963),#6708);
#6717=PRODUCT_DEFINITION_CONTEXT('part definition',#6722,'design');
#6718=PRODUCT_DEFINITION('2026-05-07-11-46-25-281','Kere',#6719,#6717);
#6719=PRODUCT_DEFINITION_FORMATION('',$,#6724);
#6720=PRODUCT_RELATED_PRODUCT_CATEGORY('Kere','Kere',(#6724));
#6721=APPLICATION_PROTOCOL_DEFINITION('international standard',
'automotive_design',2009,#6722);
#6722=APPLICATION_CONTEXT(
'Core Data for Automotive Mechanical Design Process');
#6723=PRODUCT_CONTEXT('part definition',#6722,'mechanical');
#6724=PRODUCT('2026-05-07-11-46-25-281','Kere',$,(#6723));
#6725=PRESENTATION_STYLE_ASSIGNMENT((#6727));
#6726=PRESENTATION_STYLE_ASSIGNMENT((#6728));
#6727=SURFACE_STYLE_USAGE(.BOTH.,#6729);
#6728=SURFACE_STYLE_USAGE(.BOTH.,#6730);
#6729=SURFACE_SIDE_STYLE('',(#6731));
#6730=SURFACE_SIDE_STYLE('',(#6732));
#6731=SURFACE_STYLE_FILL_AREA(#6733);
#6732=SURFACE_STYLE_FILL_AREA(#6734);
#6733=FILL_AREA_STYLE('Steel - Satin',(#6735));
#6734=FILL_AREA_STYLE('EPX 82 (with Carbon M2 M3 L1 3D Printers)',(#6736));
#6735=FILL_AREA_STYLE_COLOUR('Steel - Satin',#6737);
#6736=FILL_AREA_STYLE_COLOUR(
'EPX 82 (with Carbon M2 M3 L1 3D Printers)',#6738);
#6737=COLOUR_RGB('Steel - Satin',0.627450980392157,0.627450980392157,0.627450980392157);
#6738=COLOUR_RGB('EPX 82 (with Carbon M2 M3 L1 3D Printers)',0.247058823529412,
0.247058823529412,0.247058823529412);
ENDSEC;
END-ISO-10303-21;
