ISO-10303-21;
HEADER;
/* Generated by software containing ST-Developer
 * from STEP Tools, Inc. (www.steptools.com) 
 */

FILE_DESCRIPTION(
/* description */ (''),
/* implementation_level */ '2;1');

FILE_NAME(
/* name */ 'Esiratas.step',
/* time_stamp */ '2026-05-07T11:24:15+03:00',
/* author */ (''),
/* organization */ (''),
/* preprocessor_version */ 'ST-DEVELOPER v20.1',
/* originating_system */ 'Autodesk Translation Framework v15.8.0.0',
/* authorisation */ '');

FILE_SCHEMA (('AUTOMOTIVE_DESIGN { 1 0 10303 214 3 1 1 }'));
ENDSEC;

DATA;
#10=MECHANICAL_DESIGN_GEOMETRIC_PRESENTATION_REPRESENTATION('',(#13),#2604);
#11=SHAPE_REPRESENTATION_RELATIONSHIP('SRR','None',#2611,#12);
#12=ADVANCED_BREP_SHAPE_REPRESENTATION('',(#14),#2603);
#13=STYLED_ITEM('',(#2620),#14);
#14=MANIFOLD_SOLID_BREP('Body1',#1553);
#15=TOROIDAL_SURFACE('',#1709,16.,2.);
#16=TOROIDAL_SURFACE('',#1711,16.8284271247462,2.);
#17=CONICAL_SURFACE('',#1692,3.10000000000001,0.785398163397446);
#18=CONICAL_SURFACE('',#1702,3.10000000000001,0.785398163397446);
#19=CONICAL_SURFACE('',#1703,3.10000000000001,0.785398163397446);
#20=CONICAL_SURFACE('',#1704,3.10000000000001,0.785398163397446);
#21=CONICAL_SURFACE('',#1705,14.,0.785398163397448);
#22=PLANE('',#1600);
#23=PLANE('',#1602);
#24=PLANE('',#1612);
#25=PLANE('',#1618);
#26=PLANE('',#1619);
#27=PLANE('',#1620);
#28=PLANE('',#1621);
#29=PLANE('',#1622);
#30=PLANE('',#1623);
#31=PLANE('',#1624);
#32=PLANE('',#1625);
#33=PLANE('',#1626);
#34=PLANE('',#1627);
#35=PLANE('',#1628);
#36=PLANE('',#1629);
#37=PLANE('',#1630);
#38=PLANE('',#1631);
#39=PLANE('',#1632);
#40=PLANE('',#1633);
#41=PLANE('',#1634);
#42=PLANE('',#1635);
#43=PLANE('',#1636);
#44=PLANE('',#1637);
#45=PLANE('',#1638);
#46=PLANE('',#1639);
#47=PLANE('',#1640);
#48=PLANE('',#1641);
#49=PLANE('',#1642);
#50=PLANE('',#1643);
#51=PLANE('',#1644);
#52=PLANE('',#1645);
#53=PLANE('',#1646);
#54=PLANE('',#1647);
#55=PLANE('',#1648);
#56=PLANE('',#1649);
#57=PLANE('',#1650);
#58=PLANE('',#1651);
#59=PLANE('',#1652);
#60=PLANE('',#1653);
#61=PLANE('',#1654);
#62=PLANE('',#1655);
#63=PLANE('',#1656);
#64=PLANE('',#1657);
#65=PLANE('',#1658);
#66=PLANE('',#1659);
#67=PLANE('',#1660);
#68=PLANE('',#1661);
#69=PLANE('',#1662);
#70=PLANE('',#1663);
#71=PLANE('',#1664);
#72=PLANE('',#1665);
#73=PLANE('',#1666);
#74=PLANE('',#1667);
#75=PLANE('',#1668);
#76=PLANE('',#1669);
#77=PLANE('',#1670);
#78=PLANE('',#1671);
#79=PLANE('',#1672);
#80=PLANE('',#1673);
#81=PLANE('',#1674);
#82=PLANE('',#1675);
#83=PLANE('',#1676);
#84=PLANE('',#1677);
#85=PLANE('',#1678);
#86=PLANE('',#1679);
#87=PLANE('',#1680);
#88=PLANE('',#1681);
#89=PLANE('',#1682);
#90=PLANE('',#1683);
#91=PLANE('',#1684);
#92=PLANE('',#1685);
#93=PLANE('',#1686);
#94=PLANE('',#1687);
#95=FACE_BOUND('',#207,.T.);
#96=FACE_BOUND('',#208,.T.);
#97=FACE_BOUND('',#209,.T.);
#98=FACE_BOUND('',#210,.T.);
#99=FACE_BOUND('',#211,.T.);
#100=FACE_BOUND('',#212,.T.);
#101=FACE_BOUND('',#213,.T.);
#102=FACE_BOUND('',#214,.T.);
#103=FACE_BOUND('',#215,.T.);
#104=FACE_BOUND('',#216,.T.);
#105=FACE_BOUND('',#217,.T.);
#106=FACE_BOUND('',#218,.T.);
#107=FACE_BOUND('',#219,.T.);
#108=FACE_BOUND('',#221,.T.);
#109=FACE_BOUND('',#223,.T.);
#110=FACE_BOUND('',#224,.T.);
#111=FACE_BOUND('',#225,.T.);
#112=FACE_BOUND('',#226,.T.);
#113=FACE_BOUND('',#227,.T.);
#114=FACE_BOUND('',#230,.T.);
#115=FACE_BOUND('',#231,.T.);
#116=FACE_BOUND('',#232,.T.);
#117=FACE_BOUND('',#233,.T.);
#118=FACE_BOUND('',#234,.T.);
#119=FACE_OUTER_BOUND('',#206,.T.);
#120=FACE_OUTER_BOUND('',#220,.T.);
#121=FACE_OUTER_BOUND('',#222,.T.);
#122=FACE_OUTER_BOUND('',#228,.T.);
#123=FACE_OUTER_BOUND('',#229,.T.);
#124=FACE_OUTER_BOUND('',#235,.T.);
#125=FACE_OUTER_BOUND('',#236,.T.);
#126=FACE_OUTER_BOUND('',#237,.T.);
#127=FACE_OUTER_BOUND('',#238,.T.);
#128=FACE_OUTER_BOUND('',#239,.T.);
#129=FACE_OUTER_BOUND('',#240,.T.);
#130=FACE_OUTER_BOUND('',#241,.T.);
#131=FACE_OUTER_BOUND('',#242,.T.);
#132=FACE_OUTER_BOUND('',#243,.T.);
#133=FACE_OUTER_BOUND('',#244,.T.);
#134=FACE_OUTER_BOUND('',#245,.T.);
#135=FACE_OUTER_BOUND('',#246,.T.);
#136=FACE_OUTER_BOUND('',#247,.T.);
#137=FACE_OUTER_BOUND('',#248,.T.);
#138=FACE_OUTER_BOUND('',#249,.T.);
#139=FACE_OUTER_BOUND('',#250,.T.);
#140=FACE_OUTER_BOUND('',#251,.T.);
#141=FACE_OUTER_BOUND('',#252,.T.);
#142=FACE_OUTER_BOUND('',#253,.T.);
#143=FACE_OUTER_BOUND('',#254,.T.);
#144=FACE_OUTER_BOUND('',#255,.T.);
#145=FACE_OUTER_BOUND('',#256,.T.);
#146=FACE_OUTER_BOUND('',#257,.T.);
#147=FACE_OUTER_BOUND('',#258,.T.);
#148=FACE_OUTER_BOUND('',#259,.T.);
#149=FACE_OUTER_BOUND('',#260,.T.);
#150=FACE_OUTER_BOUND('',#261,.T.);
#151=FACE_OUTER_BOUND('',#262,.T.);
#152=FACE_OUTER_BOUND('',#263,.T.);
#153=FACE_OUTER_BOUND('',#264,.T.);
#154=FACE_OUTER_BOUND('',#265,.T.);
#155=FACE_OUTER_BOUND('',#266,.T.);
#156=FACE_OUTER_BOUND('',#267,.T.);
#157=FACE_OUTER_BOUND('',#268,.T.);
#158=FACE_OUTER_BOUND('',#269,.T.);
#159=FACE_OUTER_BOUND('',#270,.T.);
#160=FACE_OUTER_BOUND('',#271,.T.);
#161=FACE_OUTER_BOUND('',#272,.T.);
#162=FACE_OUTER_BOUND('',#273,.T.);
#163=FACE_OUTER_BOUND('',#274,.T.);
#164=FACE_OUTER_BOUND('',#275,.T.);
#165=FACE_OUTER_BOUND('',#276,.T.);
#166=FACE_OUTER_BOUND('',#277,.T.);
#167=FACE_OUTER_BOUND('',#278,.T.);
#168=FACE_OUTER_BOUND('',#279,.T.);
#169=FACE_OUTER_BOUND('',#280,.T.);
#170=FACE_OUTER_BOUND('',#281,.T.);
#171=FACE_OUTER_BOUND('',#282,.T.);
#172=FACE_OUTER_BOUND('',#283,.T.);
#173=FACE_OUTER_BOUND('',#284,.T.);
#174=FACE_OUTER_BOUND('',#285,.T.);
#175=FACE_OUTER_BOUND('',#286,.T.);
#176=FACE_OUTER_BOUND('',#287,.T.);
#177=FACE_OUTER_BOUND('',#288,.T.);
#178=FACE_OUTER_BOUND('',#289,.T.);
#179=FACE_OUTER_BOUND('',#290,.T.);
#180=FACE_OUTER_BOUND('',#291,.T.);
#181=FACE_OUTER_BOUND('',#292,.T.);
#182=FACE_OUTER_BOUND('',#293,.T.);
#183=FACE_OUTER_BOUND('',#294,.T.);
#184=FACE_OUTER_BOUND('',#295,.T.);
#185=FACE_OUTER_BOUND('',#296,.T.);
#186=FACE_OUTER_BOUND('',#297,.T.);
#187=FACE_OUTER_BOUND('',#298,.T.);
#188=FACE_OUTER_BOUND('',#299,.T.);
#189=FACE_OUTER_BOUND('',#300,.T.);
#190=FACE_OUTER_BOUND('',#301,.T.);
#191=FACE_OUTER_BOUND('',#302,.T.);
#192=FACE_OUTER_BOUND('',#303,.T.);
#193=FACE_OUTER_BOUND('',#304,.T.);
#194=FACE_OUTER_BOUND('',#305,.T.);
#195=FACE_OUTER_BOUND('',#306,.T.);
#196=FACE_OUTER_BOUND('',#307,.T.);
#197=FACE_OUTER_BOUND('',#308,.T.);
#198=FACE_OUTER_BOUND('',#309,.T.);
#199=FACE_OUTER_BOUND('',#310,.T.);
#200=FACE_OUTER_BOUND('',#311,.T.);
#201=FACE_OUTER_BOUND('',#312,.T.);
#202=FACE_OUTER_BOUND('',#313,.T.);
#203=FACE_OUTER_BOUND('',#314,.T.);
#204=FACE_OUTER_BOUND('',#315,.T.);
#205=FACE_OUTER_BOUND('',#316,.T.);
#206=EDGE_LOOP('',(#1035,#1036,#1037,#1038,#1039,#1040,#1041,#1042,#1043,
#1044,#1045,#1046));
#207=EDGE_LOOP('',(#1047,#1048,#1049,#1050));
#208=EDGE_LOOP('',(#1051,#1052,#1053,#1054));
#209=EDGE_LOOP('',(#1055,#1056,#1057,#1058));
#210=EDGE_LOOP('',(#1059,#1060,#1061,#1062));
#211=EDGE_LOOP('',(#1063,#1064,#1065,#1066));
#212=EDGE_LOOP('',(#1067,#1068,#1069,#1070));
#213=EDGE_LOOP('',(#1071,#1072,#1073,#1074));
#214=EDGE_LOOP('',(#1075,#1076,#1077,#1078));
#215=EDGE_LOOP('',(#1079,#1080,#1081,#1082));
#216=EDGE_LOOP('',(#1083,#1084,#1085,#1086));
#217=EDGE_LOOP('',(#1087,#1088,#1089,#1090));
#218=EDGE_LOOP('',(#1091,#1092,#1093,#1094));
#219=EDGE_LOOP('',(#1095,#1096,#1097,#1098));
#220=EDGE_LOOP('',(#1099));
#221=EDGE_LOOP('',(#1100));
#222=EDGE_LOOP('',(#1101));
#223=EDGE_LOOP('',(#1102));
#224=EDGE_LOOP('',(#1103));
#225=EDGE_LOOP('',(#1104));
#226=EDGE_LOOP('',(#1105));
#227=EDGE_LOOP('',(#1106));
#228=EDGE_LOOP('',(#1107,#1108,#1109,#1110,#1111));
#229=EDGE_LOOP('',(#1112));
#230=EDGE_LOOP('',(#1113));
#231=EDGE_LOOP('',(#1114));
#232=EDGE_LOOP('',(#1115));
#233=EDGE_LOOP('',(#1116));
#234=EDGE_LOOP('',(#1117));
#235=EDGE_LOOP('',(#1118,#1119,#1120,#1121));
#236=EDGE_LOOP('',(#1122,#1123,#1124,#1125,#1126));
#237=EDGE_LOOP('',(#1127,#1128,#1129,#1130));
#238=EDGE_LOOP('',(#1131,#1132,#1133,#1134,#1135));
#239=EDGE_LOOP('',(#1136,#1137,#1138,#1139));
#240=EDGE_LOOP('',(#1140,#1141,#1142,#1143));
#241=EDGE_LOOP('',(#1144,#1145,#1146,#1147));
#242=EDGE_LOOP('',(#1148,#1149,#1150,#1151));
#243=EDGE_LOOP('',(#1152,#1153,#1154,#1155));
#244=EDGE_LOOP('',(#1156,#1157,#1158,#1159));
#245=EDGE_LOOP('',(#1160,#1161,#1162,#1163));
#246=EDGE_LOOP('',(#1164,#1165,#1166,#1167));
#247=EDGE_LOOP('',(#1168,#1169,#1170,#1171));
#248=EDGE_LOOP('',(#1172,#1173,#1174,#1175));
#249=EDGE_LOOP('',(#1176,#1177,#1178,#1179));
#250=EDGE_LOOP('',(#1180,#1181,#1182,#1183));
#251=EDGE_LOOP('',(#1184,#1185,#1186,#1187));
#252=EDGE_LOOP('',(#1188,#1189,#1190,#1191));
#253=EDGE_LOOP('',(#1192,#1193,#1194,#1195));
#254=EDGE_LOOP('',(#1196,#1197,#1198,#1199));
#255=EDGE_LOOP('',(#1200,#1201,#1202,#1203));
#256=EDGE_LOOP('',(#1204,#1205,#1206,#1207));
#257=EDGE_LOOP('',(#1208,#1209,#1210,#1211));
#258=EDGE_LOOP('',(#1212,#1213,#1214,#1215));
#259=EDGE_LOOP('',(#1216,#1217,#1218,#1219));
#260=EDGE_LOOP('',(#1220,#1221,#1222,#1223));
#261=EDGE_LOOP('',(#1224,#1225,#1226,#1227));
#262=EDGE_LOOP('',(#1228,#1229,#1230,#1231));
#263=EDGE_LOOP('',(#1232,#1233,#1234,#1235));
#264=EDGE_LOOP('',(#1236,#1237,#1238,#1239));
#265=EDGE_LOOP('',(#1240,#1241,#1242,#1243));
#266=EDGE_LOOP('',(#1244,#1245,#1246,#1247));
#267=EDGE_LOOP('',(#1248,#1249,#1250,#1251));
#268=EDGE_LOOP('',(#1252,#1253,#1254,#1255));
#269=EDGE_LOOP('',(#1256,#1257,#1258,#1259));
#270=EDGE_LOOP('',(#1260,#1261,#1262,#1263));
#271=EDGE_LOOP('',(#1264,#1265,#1266,#1267));
#272=EDGE_LOOP('',(#1268,#1269,#1270,#1271));
#273=EDGE_LOOP('',(#1272,#1273,#1274,#1275));
#274=EDGE_LOOP('',(#1276,#1277,#1278,#1279));
#275=EDGE_LOOP('',(#1280,#1281,#1282,#1283));
#276=EDGE_LOOP('',(#1284,#1285,#1286,#1287));
#277=EDGE_LOOP('',(#1288,#1289,#1290,#1291));
#278=EDGE_LOOP('',(#1292,#1293,#1294,#1295));
#279=EDGE_LOOP('',(#1296,#1297,#1298,#1299));
#280=EDGE_LOOP('',(#1300,#1301,#1302,#1303));
#281=EDGE_LOOP('',(#1304,#1305,#1306,#1307));
#282=EDGE_LOOP('',(#1308,#1309,#1310,#1311));
#283=EDGE_LOOP('',(#1312,#1313,#1314,#1315));
#284=EDGE_LOOP('',(#1316,#1317,#1318,#1319));
#285=EDGE_LOOP('',(#1320,#1321,#1322,#1323));
#286=EDGE_LOOP('',(#1324,#1325,#1326,#1327));
#287=EDGE_LOOP('',(#1328,#1329,#1330,#1331));
#288=EDGE_LOOP('',(#1332,#1333,#1334,#1335));
#289=EDGE_LOOP('',(#1336,#1337,#1338,#1339));
#290=EDGE_LOOP('',(#1340,#1341,#1342,#1343));
#291=EDGE_LOOP('',(#1344,#1345,#1346,#1347));
#292=EDGE_LOOP('',(#1348,#1349,#1350,#1351));
#293=EDGE_LOOP('',(#1352,#1353,#1354,#1355));
#294=EDGE_LOOP('',(#1356,#1357,#1358,#1359));
#295=EDGE_LOOP('',(#1360,#1361,#1362,#1363));
#296=EDGE_LOOP('',(#1364,#1365,#1366,#1367));
#297=EDGE_LOOP('',(#1368,#1369,#1370,#1371));
#298=EDGE_LOOP('',(#1372,#1373,#1374,#1375));
#299=EDGE_LOOP('',(#1376,#1377,#1378,#1379));
#300=EDGE_LOOP('',(#1380,#1381,#1382,#1383));
#301=EDGE_LOOP('',(#1384,#1385,#1386,#1387));
#302=EDGE_LOOP('',(#1388,#1389,#1390,#1391));
#303=EDGE_LOOP('',(#1392,#1393,#1394,#1395));
#304=EDGE_LOOP('',(#1396,#1397,#1398,#1399));
#305=EDGE_LOOP('',(#1400,#1401,#1402,#1403));
#306=EDGE_LOOP('',(#1404,#1405,#1406,#1407,#1408));
#307=EDGE_LOOP('',(#1409,#1410,#1411,#1412,#1413));
#308=EDGE_LOOP('',(#1414,#1415,#1416,#1417,#1418));
#309=EDGE_LOOP('',(#1419,#1420,#1421,#1422,#1423));
#310=EDGE_LOOP('',(#1424,#1425,#1426,#1427,#1428));
#311=EDGE_LOOP('',(#1429,#1430,#1431,#1432,#1433));
#312=EDGE_LOOP('',(#1434,#1435,#1436,#1437,#1438));
#313=EDGE_LOOP('',(#1439,#1440,#1441,#1442,#1443));
#314=EDGE_LOOP('',(#1444,#1445,#1446,#1447,#1448));
#315=EDGE_LOOP('',(#1449,#1450,#1451,#1452,#1453,#1454));
#316=EDGE_LOOP('',(#1455,#1456,#1457,#1458));
#317=LINE('',#2165,#470);
#318=LINE('',#2169,#471);
#319=LINE('',#2173,#472);
#320=LINE('',#2178,#473);
#321=LINE('',#2182,#474);
#322=LINE('',#2186,#475);
#323=LINE('',#2190,#476);
#324=LINE('',#2194,#477);
#325=LINE('',#2198,#478);
#326=LINE('',#2202,#479);
#327=LINE('',#2206,#480);
#328=LINE('',#2210,#481);
#329=LINE('',#2214,#482);
#330=LINE('',#2218,#483);
#331=LINE('',#2224,#484);
#332=LINE('',#2227,#485);
#333=LINE('',#2230,#486);
#334=LINE('',#2234,#487);
#335=LINE('',#2238,#488);
#336=LINE('',#2242,#489);
#337=LINE('',#2246,#490);
#338=LINE('',#2250,#491);
#339=LINE('',#2254,#492);
#340=LINE('',#2258,#493);
#341=LINE('',#2262,#494);
#342=LINE('',#2266,#495);
#343=LINE('',#2270,#496);
#344=LINE('',#2274,#497);
#345=LINE('',#2278,#498);
#346=LINE('',#2282,#499);
#347=LINE('',#2302,#500);
#348=LINE('',#2319,#501);
#349=LINE('',#2321,#502);
#350=LINE('',#2322,#503);
#351=LINE('',#2325,#504);
#352=LINE('',#2326,#505);
#353=LINE('',#2329,#506);
#354=LINE('',#2330,#507);
#355=LINE('',#2332,#508);
#356=LINE('',#2336,#509);
#357=LINE('',#2338,#510);
#358=LINE('',#2339,#511);
#359=LINE('',#2342,#512);
#360=LINE('',#2343,#513);
#361=LINE('',#2346,#514);
#362=LINE('',#2347,#515);
#363=LINE('',#2349,#516);
#364=LINE('',#2353,#517);
#365=LINE('',#2355,#518);
#366=LINE('',#2356,#519);
#367=LINE('',#2359,#520);
#368=LINE('',#2360,#521);
#369=LINE('',#2363,#522);
#370=LINE('',#2364,#523);
#371=LINE('',#2366,#524);
#372=LINE('',#2370,#525);
#373=LINE('',#2372,#526);
#374=LINE('',#2373,#527);
#375=LINE('',#2376,#528);
#376=LINE('',#2377,#529);
#377=LINE('',#2380,#530);
#378=LINE('',#2381,#531);
#379=LINE('',#2383,#532);
#380=LINE('',#2387,#533);
#381=LINE('',#2389,#534);
#382=LINE('',#2390,#535);
#383=LINE('',#2393,#536);
#384=LINE('',#2394,#537);
#385=LINE('',#2397,#538);
#386=LINE('',#2398,#539);
#387=LINE('',#2400,#540);
#388=LINE('',#2404,#541);
#389=LINE('',#2406,#542);
#390=LINE('',#2407,#543);
#391=LINE('',#2410,#544);
#392=LINE('',#2411,#545);
#393=LINE('',#2414,#546);
#394=LINE('',#2415,#547);
#395=LINE('',#2417,#548);
#396=LINE('',#2421,#549);
#397=LINE('',#2423,#550);
#398=LINE('',#2424,#551);
#399=LINE('',#2427,#552);
#400=LINE('',#2428,#553);
#401=LINE('',#2431,#554);
#402=LINE('',#2432,#555);
#403=LINE('',#2434,#556);
#404=LINE('',#2438,#557);
#405=LINE('',#2440,#558);
#406=LINE('',#2441,#559);
#407=LINE('',#2444,#560);
#408=LINE('',#2445,#561);
#409=LINE('',#2448,#562);
#410=LINE('',#2449,#563);
#411=LINE('',#2451,#564);
#412=LINE('',#2455,#565);
#413=LINE('',#2457,#566);
#414=LINE('',#2458,#567);
#415=LINE('',#2461,#568);
#416=LINE('',#2462,#569);
#417=LINE('',#2465,#570);
#418=LINE('',#2466,#571);
#419=LINE('',#2468,#572);
#420=LINE('',#2472,#573);
#421=LINE('',#2474,#574);
#422=LINE('',#2475,#575);
#423=LINE('',#2478,#576);
#424=LINE('',#2479,#577);
#425=LINE('',#2482,#578);
#426=LINE('',#2483,#579);
#427=LINE('',#2485,#580);
#428=LINE('',#2489,#581);
#429=LINE('',#2491,#582);
#430=LINE('',#2492,#583);
#431=LINE('',#2495,#584);
#432=LINE('',#2496,#585);
#433=LINE('',#2499,#586);
#434=LINE('',#2500,#587);
#435=LINE('',#2502,#588);
#436=LINE('',#2506,#589);
#437=LINE('',#2508,#590);
#438=LINE('',#2509,#591);
#439=LINE('',#2512,#592);
#440=LINE('',#2513,#593);
#441=LINE('',#2516,#594);
#442=LINE('',#2517,#595);
#443=LINE('',#2519,#596);
#444=LINE('',#2523,#597);
#445=LINE('',#2525,#598);
#446=LINE('',#2526,#599);
#447=LINE('',#2529,#600);
#448=LINE('',#2530,#601);
#449=LINE('',#2533,#602);
#450=LINE('',#2534,#603);
#451=LINE('',#2536,#604);
#452=LINE('',#2540,#605);
#453=LINE('',#2542,#606);
#454=LINE('',#2543,#607);
#455=LINE('',#2546,#608);
#456=LINE('',#2547,#609);
#457=LINE('',#2550,#610);
#458=LINE('',#2551,#611);
#459=LINE('',#2553,#612);
#460=LINE('',#2556,#613);
#461=LINE('',#2561,#614);
#462=LINE('',#2564,#615);
#463=LINE('',#2569,#616);
#464=LINE('',#2575,#617);
#465=LINE('',#2581,#618);
#466=LINE('',#2584,#619);
#467=LINE('',#2586,#620);
#468=LINE('',#2588,#621);
#469=LINE('',#2594,#622);
#470=VECTOR('',#1719,17.);
#471=VECTOR('',#1722,11.);
#472=VECTOR('',#1725,17.);
#473=VECTOR('',#1730,11.);
#474=VECTOR('',#1733,11.);
#475=VECTOR('',#1736,11.);
#476=VECTOR('',#1739,11.);
#477=VECTOR('',#1742,11.);
#478=VECTOR('',#1745,11.);
#479=VECTOR('',#1748,11.);
#480=VECTOR('',#1751,11.);
#481=VECTOR('',#1754,11.);
#482=VECTOR('',#1757,11.);
#483=VECTOR('',#1760,11.);
#484=VECTOR('',#1765,11.);
#485=VECTOR('',#1768,11.);
#486=VECTOR('',#1769,11.);
#487=VECTOR('',#1772,11.);
#488=VECTOR('',#1775,11.);
#489=VECTOR('',#1778,11.);
#490=VECTOR('',#1781,11.);
#491=VECTOR('',#1784,11.);
#492=VECTOR('',#1787,11.);
#493=VECTOR('',#1790,11.);
#494=VECTOR('',#1793,11.);
#495=VECTOR('',#1796,11.);
#496=VECTOR('',#1799,11.);
#497=VECTOR('',#1802,11.);
#498=VECTOR('',#1805,11.);
#499=VECTOR('',#1808,11.);
#500=VECTOR('',#1831,14.);
#501=VECTOR('',#1850,1.88194301613413);
#502=VECTOR('',#1851,11.);
#503=VECTOR('',#1852,1.88194301613413);
#504=VECTOR('',#1855,4.);
#505=VECTOR('',#1856,1.88194301613413);
#506=VECTOR('',#1859,11.);
#507=VECTOR('',#1860,1.88194301613413);
#508=VECTOR('',#1863,4.);
#509=VECTOR('',#1868,1.88194301613413);
#510=VECTOR('',#1869,11.);
#511=VECTOR('',#1870,1.88194301613413);
#512=VECTOR('',#1873,4.);
#513=VECTOR('',#1874,1.88194301613413);
#514=VECTOR('',#1877,11.);
#515=VECTOR('',#1878,1.88194301613413);
#516=VECTOR('',#1881,4.);
#517=VECTOR('',#1886,1.88194301613413);
#518=VECTOR('',#1887,11.);
#519=VECTOR('',#1888,1.88194301613413);
#520=VECTOR('',#1891,4.);
#521=VECTOR('',#1892,1.88194301613413);
#522=VECTOR('',#1895,11.);
#523=VECTOR('',#1896,1.88194301613413);
#524=VECTOR('',#1899,4.);
#525=VECTOR('',#1904,1.88194301613413);
#526=VECTOR('',#1905,11.);
#527=VECTOR('',#1906,1.88194301613413);
#528=VECTOR('',#1909,4.);
#529=VECTOR('',#1910,1.88194301613413);
#530=VECTOR('',#1913,11.);
#531=VECTOR('',#1914,1.88194301613413);
#532=VECTOR('',#1917,4.);
#533=VECTOR('',#1922,1.88194301613413);
#534=VECTOR('',#1923,11.);
#535=VECTOR('',#1924,1.88194301613413);
#536=VECTOR('',#1927,4.);
#537=VECTOR('',#1928,1.88194301613413);
#538=VECTOR('',#1931,11.);
#539=VECTOR('',#1932,1.88194301613413);
#540=VECTOR('',#1935,4.);
#541=VECTOR('',#1940,1.88194301613413);
#542=VECTOR('',#1941,11.);
#543=VECTOR('',#1942,1.88194301613413);
#544=VECTOR('',#1945,4.);
#545=VECTOR('',#1946,1.88194301613413);
#546=VECTOR('',#1949,11.);
#547=VECTOR('',#1950,1.88194301613413);
#548=VECTOR('',#1953,4.);
#549=VECTOR('',#1958,1.88194301613413);
#550=VECTOR('',#1959,11.);
#551=VECTOR('',#1960,1.88194301613413);
#552=VECTOR('',#1963,4.);
#553=VECTOR('',#1964,1.88194301613413);
#554=VECTOR('',#1967,11.);
#555=VECTOR('',#1968,1.88194301613413);
#556=VECTOR('',#1971,4.);
#557=VECTOR('',#1976,1.88194301613413);
#558=VECTOR('',#1977,11.);
#559=VECTOR('',#1978,1.88194301613413);
#560=VECTOR('',#1981,4.);
#561=VECTOR('',#1982,1.88194301613413);
#562=VECTOR('',#1985,11.);
#563=VECTOR('',#1986,1.88194301613413);
#564=VECTOR('',#1989,4.);
#565=VECTOR('',#1994,1.88194301613413);
#566=VECTOR('',#1995,11.);
#567=VECTOR('',#1996,1.88194301613413);
#568=VECTOR('',#1999,4.);
#569=VECTOR('',#2000,1.88194301613413);
#570=VECTOR('',#2003,11.);
#571=VECTOR('',#2004,1.88194301613413);
#572=VECTOR('',#2007,4.);
#573=VECTOR('',#2012,1.88194301613413);
#574=VECTOR('',#2013,11.);
#575=VECTOR('',#2014,1.88194301613413);
#576=VECTOR('',#2017,4.);
#577=VECTOR('',#2018,1.88194301613413);
#578=VECTOR('',#2021,11.);
#579=VECTOR('',#2022,1.88194301613413);
#580=VECTOR('',#2025,4.00000000000001);
#581=VECTOR('',#2030,1.88194301613413);
#582=VECTOR('',#2031,11.);
#583=VECTOR('',#2032,1.88194301613414);
#584=VECTOR('',#2035,4.);
#585=VECTOR('',#2036,1.88194301613413);
#586=VECTOR('',#2039,11.);
#587=VECTOR('',#2040,1.88194301613413);
#588=VECTOR('',#2043,4.);
#589=VECTOR('',#2048,1.88194301613414);
#590=VECTOR('',#2049,11.);
#591=VECTOR('',#2050,1.88194301613414);
#592=VECTOR('',#2053,4.);
#593=VECTOR('',#2054,1.88194301613414);
#594=VECTOR('',#2057,11.);
#595=VECTOR('',#2058,1.88194301613414);
#596=VECTOR('',#2061,4.);
#597=VECTOR('',#2066,1.88194301613413);
#598=VECTOR('',#2067,11.);
#599=VECTOR('',#2068,1.88194301613413);
#600=VECTOR('',#2071,4.);
#601=VECTOR('',#2072,1.88194301613413);
#602=VECTOR('',#2075,11.);
#603=VECTOR('',#2076,1.88194301613413);
#604=VECTOR('',#2079,4.);
#605=VECTOR('',#2084,1.88194301613413);
#606=VECTOR('',#2085,11.);
#607=VECTOR('',#2086,1.88194301613413);
#608=VECTOR('',#2089,4.);
#609=VECTOR('',#2090,1.88194301613413);
#610=VECTOR('',#2093,11.);
#611=VECTOR('',#2094,1.88194301613413);
#612=VECTOR('',#2097,4.);
#613=VECTOR('',#2102,7.25);
#614=VECTOR('',#2107,1.6);
#615=VECTOR('',#2112,3.10000000000001);
#616=VECTOR('',#2117,1.6);
#617=VECTOR('',#2124,1.6);
#618=VECTOR('',#2131,1.6);
#619=VECTOR('',#2136,3.10000000000001);
#620=VECTOR('',#2139,3.10000000000001);
#621=VECTOR('',#2142,3.10000000000001);
#622=VECTOR('',#2147,14.);
#623=CIRCLE('',#1568,17.);
#624=CIRCLE('',#1569,17.);
#625=CIRCLE('',#1570,17.);
#626=CIRCLE('',#1571,17.);
#627=CIRCLE('',#1572,17.);
#628=CIRCLE('',#1573,17.);
#629=CIRCLE('',#1574,17.);
#630=CIRCLE('',#1575,17.);
#631=CIRCLE('',#1576,17.);
#632=CIRCLE('',#1577,17.);
#633=CIRCLE('',#1578,17.);
#634=CIRCLE('',#1579,17.);
#635=CIRCLE('',#1580,17.);
#636=CIRCLE('',#1581,17.);
#637=CIRCLE('',#1582,17.);
#638=CIRCLE('',#1583,17.);
#639=CIRCLE('',#1584,17.);
#640=CIRCLE('',#1585,17.);
#641=CIRCLE('',#1586,17.);
#642=CIRCLE('',#1587,17.);
#643=CIRCLE('',#1588,17.);
#644=CIRCLE('',#1589,17.);
#645=CIRCLE('',#1590,17.);
#646=CIRCLE('',#1591,17.);
#647=CIRCLE('',#1592,17.);
#648=CIRCLE('',#1593,17.);
#649=CIRCLE('',#1594,17.);
#650=CIRCLE('',#1595,17.);
#651=CIRCLE('',#1596,17.);
#652=CIRCLE('',#1597,17.);
#653=CIRCLE('',#1598,17.);
#654=CIRCLE('',#1599,17.);
#655=CIRCLE('',#1601,16.8284271247462);
#656=CIRCLE('',#1603,3.10000000000001);
#657=CIRCLE('',#1604,3.10000000000001);
#658=CIRCLE('',#1605,3.10000000000001);
#659=CIRCLE('',#1606,3.10000000000001);
#660=CIRCLE('',#1607,7.25);
#661=CIRCLE('',#1609,14.);
#662=CIRCLE('',#1610,14.);
#663=CIRCLE('',#1611,14.);
#664=CIRCLE('',#1613,1.6);
#665=CIRCLE('',#1614,1.6);
#666=CIRCLE('',#1615,1.6);
#667=CIRCLE('',#1616,1.6);
#668=CIRCLE('',#1617,7.25);
#669=CIRCLE('',#1690,1.6);
#670=CIRCLE('',#1691,1.6);
#671=CIRCLE('',#1694,1.6);
#672=CIRCLE('',#1695,1.6);
#673=CIRCLE('',#1697,1.6);
#674=CIRCLE('',#1698,1.6);
#675=CIRCLE('',#1700,1.6);
#676=CIRCLE('',#1701,1.6);
#677=CIRCLE('',#1706,14.5857864376269);
#678=CIRCLE('',#1707,15.4142135623731);
#679=CIRCLE('',#1708,14.5857864376269);
#680=CIRCLE('',#1710,2.);
#681=CIRCLE('',#1712,2.);
#682=VERTEX_POINT('',#2162);
#683=VERTEX_POINT('',#2164);
#684=VERTEX_POINT('',#2166);
#685=VERTEX_POINT('',#2168);
#686=VERTEX_POINT('',#2170);
#687=VERTEX_POINT('',#2172);
#688=VERTEX_POINT('',#2175);
#689=VERTEX_POINT('',#2177);
#690=VERTEX_POINT('',#2180);
#691=VERTEX_POINT('',#2181);
#692=VERTEX_POINT('',#2183);
#693=VERTEX_POINT('',#2185);
#694=VERTEX_POINT('',#2188);
#695=VERTEX_POINT('',#2189);
#696=VERTEX_POINT('',#2191);
#697=VERTEX_POINT('',#2193);
#698=VERTEX_POINT('',#2196);
#699=VERTEX_POINT('',#2197);
#700=VERTEX_POINT('',#2199);
#701=VERTEX_POINT('',#2201);
#702=VERTEX_POINT('',#2204);
#703=VERTEX_POINT('',#2205);
#704=VERTEX_POINT('',#2207);
#705=VERTEX_POINT('',#2209);
#706=VERTEX_POINT('',#2212);
#707=VERTEX_POINT('',#2213);
#708=VERTEX_POINT('',#2215);
#709=VERTEX_POINT('',#2217);
#710=VERTEX_POINT('',#2220);
#711=VERTEX_POINT('',#2221);
#712=VERTEX_POINT('',#2223);
#713=VERTEX_POINT('',#2225);
#714=VERTEX_POINT('',#2228);
#715=VERTEX_POINT('',#2229);
#716=VERTEX_POINT('',#2231);
#717=VERTEX_POINT('',#2233);
#718=VERTEX_POINT('',#2236);
#719=VERTEX_POINT('',#2237);
#720=VERTEX_POINT('',#2239);
#721=VERTEX_POINT('',#2241);
#722=VERTEX_POINT('',#2244);
#723=VERTEX_POINT('',#2245);
#724=VERTEX_POINT('',#2247);
#725=VERTEX_POINT('',#2249);
#726=VERTEX_POINT('',#2252);
#727=VERTEX_POINT('',#2253);
#728=VERTEX_POINT('',#2255);
#729=VERTEX_POINT('',#2257);
#730=VERTEX_POINT('',#2260);
#731=VERTEX_POINT('',#2261);
#732=VERTEX_POINT('',#2263);
#733=VERTEX_POINT('',#2265);
#734=VERTEX_POINT('',#2268);
#735=VERTEX_POINT('',#2269);
#736=VERTEX_POINT('',#2271);
#737=VERTEX_POINT('',#2273);
#738=VERTEX_POINT('',#2276);
#739=VERTEX_POINT('',#2277);
#740=VERTEX_POINT('',#2279);
#741=VERTEX_POINT('',#2281);
#742=VERTEX_POINT('',#2285);
#743=VERTEX_POINT('',#2288);
#744=VERTEX_POINT('',#2290);
#745=VERTEX_POINT('',#2292);
#746=VERTEX_POINT('',#2294);
#747=VERTEX_POINT('',#2296);
#748=VERTEX_POINT('',#2299);
#749=VERTEX_POINT('',#2301);
#750=VERTEX_POINT('',#2303);
#751=VERTEX_POINT('',#2307);
#752=VERTEX_POINT('',#2309);
#753=VERTEX_POINT('',#2311);
#754=VERTEX_POINT('',#2313);
#755=VERTEX_POINT('',#2315);
#756=VERTEX_POINT('',#2318);
#757=VERTEX_POINT('',#2320);
#758=VERTEX_POINT('',#2324);
#759=VERTEX_POINT('',#2328);
#760=VERTEX_POINT('',#2335);
#761=VERTEX_POINT('',#2337);
#762=VERTEX_POINT('',#2341);
#763=VERTEX_POINT('',#2345);
#764=VERTEX_POINT('',#2352);
#765=VERTEX_POINT('',#2354);
#766=VERTEX_POINT('',#2358);
#767=VERTEX_POINT('',#2362);
#768=VERTEX_POINT('',#2369);
#769=VERTEX_POINT('',#2371);
#770=VERTEX_POINT('',#2375);
#771=VERTEX_POINT('',#2379);
#772=VERTEX_POINT('',#2386);
#773=VERTEX_POINT('',#2388);
#774=VERTEX_POINT('',#2392);
#775=VERTEX_POINT('',#2396);
#776=VERTEX_POINT('',#2403);
#777=VERTEX_POINT('',#2405);
#778=VERTEX_POINT('',#2409);
#779=VERTEX_POINT('',#2413);
#780=VERTEX_POINT('',#2420);
#781=VERTEX_POINT('',#2422);
#782=VERTEX_POINT('',#2426);
#783=VERTEX_POINT('',#2430);
#784=VERTEX_POINT('',#2437);
#785=VERTEX_POINT('',#2439);
#786=VERTEX_POINT('',#2443);
#787=VERTEX_POINT('',#2447);
#788=VERTEX_POINT('',#2454);
#789=VERTEX_POINT('',#2456);
#790=VERTEX_POINT('',#2460);
#791=VERTEX_POINT('',#2464);
#792=VERTEX_POINT('',#2471);
#793=VERTEX_POINT('',#2473);
#794=VERTEX_POINT('',#2477);
#795=VERTEX_POINT('',#2481);
#796=VERTEX_POINT('',#2488);
#797=VERTEX_POINT('',#2490);
#798=VERTEX_POINT('',#2494);
#799=VERTEX_POINT('',#2498);
#800=VERTEX_POINT('',#2505);
#801=VERTEX_POINT('',#2507);
#802=VERTEX_POINT('',#2511);
#803=VERTEX_POINT('',#2515);
#804=VERTEX_POINT('',#2522);
#805=VERTEX_POINT('',#2524);
#806=VERTEX_POINT('',#2528);
#807=VERTEX_POINT('',#2532);
#808=VERTEX_POINT('',#2539);
#809=VERTEX_POINT('',#2541);
#810=VERTEX_POINT('',#2545);
#811=VERTEX_POINT('',#2549);
#812=VERTEX_POINT('',#2558);
#813=VERTEX_POINT('',#2559);
#814=VERTEX_POINT('',#2566);
#815=VERTEX_POINT('',#2567);
#816=VERTEX_POINT('',#2572);
#817=VERTEX_POINT('',#2573);
#818=VERTEX_POINT('',#2578);
#819=VERTEX_POINT('',#2579);
#820=VERTEX_POINT('',#2590);
#821=VERTEX_POINT('',#2591);
#822=VERTEX_POINT('',#2593);
#823=EDGE_CURVE('',#682,#682,#623,.T.);
#824=EDGE_CURVE('',#682,#683,#317,.T.);
#825=EDGE_CURVE('',#683,#684,#624,.T.);
#826=EDGE_CURVE('',#684,#685,#318,.F.);
#827=EDGE_CURVE('',#685,#686,#625,.T.);
#828=EDGE_CURVE('',#686,#687,#319,.T.);
#829=EDGE_CURVE('',#687,#687,#626,.T.);
#830=EDGE_CURVE('',#686,#688,#627,.T.);
#831=EDGE_CURVE('',#688,#689,#320,.T.);
#832=EDGE_CURVE('',#689,#683,#628,.T.);
#833=EDGE_CURVE('',#690,#691,#321,.T.);
#834=EDGE_CURVE('',#691,#692,#629,.T.);
#835=EDGE_CURVE('',#692,#693,#322,.F.);
#836=EDGE_CURVE('',#693,#690,#630,.T.);
#837=EDGE_CURVE('',#694,#695,#323,.T.);
#838=EDGE_CURVE('',#695,#696,#631,.T.);
#839=EDGE_CURVE('',#696,#697,#324,.F.);
#840=EDGE_CURVE('',#697,#694,#632,.T.);
#841=EDGE_CURVE('',#698,#699,#325,.T.);
#842=EDGE_CURVE('',#699,#700,#633,.T.);
#843=EDGE_CURVE('',#700,#701,#326,.F.);
#844=EDGE_CURVE('',#701,#698,#634,.T.);
#845=EDGE_CURVE('',#702,#703,#327,.T.);
#846=EDGE_CURVE('',#703,#704,#635,.T.);
#847=EDGE_CURVE('',#704,#705,#328,.F.);
#848=EDGE_CURVE('',#705,#702,#636,.T.);
#849=EDGE_CURVE('',#706,#707,#329,.T.);
#850=EDGE_CURVE('',#707,#708,#637,.T.);
#851=EDGE_CURVE('',#708,#709,#330,.F.);
#852=EDGE_CURVE('',#709,#706,#638,.T.);
#853=EDGE_CURVE('',#710,#711,#639,.T.);
#854=EDGE_CURVE('',#711,#712,#331,.F.);
#855=EDGE_CURVE('',#712,#713,#640,.T.);
#856=EDGE_CURVE('',#713,#710,#332,.T.);
#857=EDGE_CURVE('',#714,#715,#333,.T.);
#858=EDGE_CURVE('',#715,#716,#641,.T.);
#859=EDGE_CURVE('',#716,#717,#334,.F.);
#860=EDGE_CURVE('',#717,#714,#642,.T.);
#861=EDGE_CURVE('',#718,#719,#335,.T.);
#862=EDGE_CURVE('',#719,#720,#643,.T.);
#863=EDGE_CURVE('',#720,#721,#336,.F.);
#864=EDGE_CURVE('',#721,#718,#644,.T.);
#865=EDGE_CURVE('',#722,#723,#337,.T.);
#866=EDGE_CURVE('',#723,#724,#645,.T.);
#867=EDGE_CURVE('',#724,#725,#338,.F.);
#868=EDGE_CURVE('',#725,#722,#646,.T.);
#869=EDGE_CURVE('',#726,#727,#339,.T.);
#870=EDGE_CURVE('',#727,#728,#647,.T.);
#871=EDGE_CURVE('',#728,#729,#340,.F.);
#872=EDGE_CURVE('',#729,#726,#648,.T.);
#873=EDGE_CURVE('',#730,#731,#341,.T.);
#874=EDGE_CURVE('',#731,#732,#649,.T.);
#875=EDGE_CURVE('',#732,#733,#342,.F.);
#876=EDGE_CURVE('',#733,#730,#650,.T.);
#877=EDGE_CURVE('',#734,#735,#343,.T.);
#878=EDGE_CURVE('',#735,#736,#651,.T.);
#879=EDGE_CURVE('',#736,#737,#344,.F.);
#880=EDGE_CURVE('',#737,#734,#652,.T.);
#881=EDGE_CURVE('',#738,#739,#345,.T.);
#882=EDGE_CURVE('',#739,#740,#653,.T.);
#883=EDGE_CURVE('',#740,#741,#346,.F.);
#884=EDGE_CURVE('',#741,#738,#654,.T.);
#885=EDGE_CURVE('',#742,#742,#655,.F.);
#886=EDGE_CURVE('',#743,#743,#656,.T.);
#887=EDGE_CURVE('',#744,#744,#657,.T.);
#888=EDGE_CURVE('',#745,#745,#658,.T.);
#889=EDGE_CURVE('',#746,#746,#659,.T.);
#890=EDGE_CURVE('',#747,#747,#660,.T.);
#891=EDGE_CURVE('',#748,#748,#661,.T.);
#892=EDGE_CURVE('',#748,#749,#347,.T.);
#893=EDGE_CURVE('',#749,#750,#662,.F.);
#894=EDGE_CURVE('',#750,#749,#663,.F.);
#895=EDGE_CURVE('',#751,#751,#664,.T.);
#896=EDGE_CURVE('',#752,#752,#665,.T.);
#897=EDGE_CURVE('',#753,#753,#666,.T.);
#898=EDGE_CURVE('',#754,#754,#667,.T.);
#899=EDGE_CURVE('',#755,#755,#668,.T.);
#900=EDGE_CURVE('',#756,#684,#348,.T.);
#901=EDGE_CURVE('',#757,#756,#349,.T.);
#902=EDGE_CURVE('',#757,#685,#350,.T.);
#903=EDGE_CURVE('',#758,#757,#351,.T.);
#904=EDGE_CURVE('',#758,#688,#352,.T.);
#905=EDGE_CURVE('',#759,#758,#353,.T.);
#906=EDGE_CURVE('',#759,#689,#354,.T.);
#907=EDGE_CURVE('',#756,#759,#355,.T.);
#908=EDGE_CURVE('',#760,#740,#356,.T.);
#909=EDGE_CURVE('',#761,#760,#357,.T.);
#910=EDGE_CURVE('',#761,#741,#358,.T.);
#911=EDGE_CURVE('',#762,#761,#359,.T.);
#912=EDGE_CURVE('',#762,#738,#360,.T.);
#913=EDGE_CURVE('',#763,#762,#361,.T.);
#914=EDGE_CURVE('',#763,#739,#362,.T.);
#915=EDGE_CURVE('',#760,#763,#363,.T.);
#916=EDGE_CURVE('',#764,#736,#364,.T.);
#917=EDGE_CURVE('',#765,#764,#365,.T.);
#918=EDGE_CURVE('',#765,#737,#366,.T.);
#919=EDGE_CURVE('',#766,#765,#367,.T.);
#920=EDGE_CURVE('',#766,#734,#368,.T.);
#921=EDGE_CURVE('',#767,#766,#369,.T.);
#922=EDGE_CURVE('',#767,#735,#370,.T.);
#923=EDGE_CURVE('',#764,#767,#371,.T.);
#924=EDGE_CURVE('',#768,#732,#372,.T.);
#925=EDGE_CURVE('',#769,#768,#373,.T.);
#926=EDGE_CURVE('',#769,#733,#374,.T.);
#927=EDGE_CURVE('',#770,#769,#375,.T.);
#928=EDGE_CURVE('',#770,#730,#376,.T.);
#929=EDGE_CURVE('',#771,#770,#377,.T.);
#930=EDGE_CURVE('',#771,#731,#378,.T.);
#931=EDGE_CURVE('',#768,#771,#379,.T.);
#932=EDGE_CURVE('',#772,#728,#380,.T.);
#933=EDGE_CURVE('',#773,#772,#381,.T.);
#934=EDGE_CURVE('',#773,#729,#382,.T.);
#935=EDGE_CURVE('',#774,#773,#383,.T.);
#936=EDGE_CURVE('',#774,#726,#384,.T.);
#937=EDGE_CURVE('',#775,#774,#385,.T.);
#938=EDGE_CURVE('',#775,#727,#386,.T.);
#939=EDGE_CURVE('',#772,#775,#387,.T.);
#940=EDGE_CURVE('',#776,#724,#388,.T.);
#941=EDGE_CURVE('',#777,#776,#389,.T.);
#942=EDGE_CURVE('',#777,#725,#390,.T.);
#943=EDGE_CURVE('',#778,#777,#391,.T.);
#944=EDGE_CURVE('',#778,#722,#392,.T.);
#945=EDGE_CURVE('',#779,#778,#393,.T.);
#946=EDGE_CURVE('',#779,#723,#394,.T.);
#947=EDGE_CURVE('',#776,#779,#395,.T.);
#948=EDGE_CURVE('',#780,#720,#396,.T.);
#949=EDGE_CURVE('',#781,#780,#397,.T.);
#950=EDGE_CURVE('',#781,#721,#398,.T.);
#951=EDGE_CURVE('',#782,#781,#399,.T.);
#952=EDGE_CURVE('',#782,#718,#400,.T.);
#953=EDGE_CURVE('',#783,#782,#401,.T.);
#954=EDGE_CURVE('',#783,#719,#402,.T.);
#955=EDGE_CURVE('',#780,#783,#403,.T.);
#956=EDGE_CURVE('',#784,#716,#404,.T.);
#957=EDGE_CURVE('',#785,#784,#405,.T.);
#958=EDGE_CURVE('',#785,#717,#406,.T.);
#959=EDGE_CURVE('',#786,#785,#407,.T.);
#960=EDGE_CURVE('',#786,#714,#408,.T.);
#961=EDGE_CURVE('',#787,#786,#409,.T.);
#962=EDGE_CURVE('',#787,#715,#410,.T.);
#963=EDGE_CURVE('',#784,#787,#411,.T.);
#964=EDGE_CURVE('',#788,#711,#412,.T.);
#965=EDGE_CURVE('',#789,#788,#413,.T.);
#966=EDGE_CURVE('',#789,#712,#414,.T.);
#967=EDGE_CURVE('',#790,#789,#415,.T.);
#968=EDGE_CURVE('',#790,#713,#416,.T.);
#969=EDGE_CURVE('',#791,#790,#417,.T.);
#970=EDGE_CURVE('',#791,#710,#418,.T.);
#971=EDGE_CURVE('',#788,#791,#419,.T.);
#972=EDGE_CURVE('',#792,#708,#420,.T.);
#973=EDGE_CURVE('',#793,#792,#421,.T.);
#974=EDGE_CURVE('',#793,#709,#422,.T.);
#975=EDGE_CURVE('',#794,#793,#423,.T.);
#976=EDGE_CURVE('',#794,#706,#424,.T.);
#977=EDGE_CURVE('',#795,#794,#425,.T.);
#978=EDGE_CURVE('',#795,#707,#426,.T.);
#979=EDGE_CURVE('',#792,#795,#427,.T.);
#980=EDGE_CURVE('',#796,#704,#428,.T.);
#981=EDGE_CURVE('',#797,#796,#429,.T.);
#982=EDGE_CURVE('',#797,#705,#430,.T.);
#983=EDGE_CURVE('',#798,#797,#431,.T.);
#984=EDGE_CURVE('',#798,#702,#432,.T.);
#985=EDGE_CURVE('',#799,#798,#433,.T.);
#986=EDGE_CURVE('',#799,#703,#434,.T.);
#987=EDGE_CURVE('',#796,#799,#435,.T.);
#988=EDGE_CURVE('',#800,#700,#436,.T.);
#989=EDGE_CURVE('',#801,#800,#437,.T.);
#990=EDGE_CURVE('',#801,#701,#438,.T.);
#991=EDGE_CURVE('',#802,#801,#439,.T.);
#992=EDGE_CURVE('',#802,#698,#440,.T.);
#993=EDGE_CURVE('',#803,#802,#441,.T.);
#994=EDGE_CURVE('',#803,#699,#442,.T.);
#995=EDGE_CURVE('',#800,#803,#443,.T.);
#996=EDGE_CURVE('',#804,#696,#444,.T.);
#997=EDGE_CURVE('',#805,#804,#445,.T.);
#998=EDGE_CURVE('',#805,#697,#446,.T.);
#999=EDGE_CURVE('',#806,#805,#447,.T.);
#1000=EDGE_CURVE('',#806,#694,#448,.T.);
#1001=EDGE_CURVE('',#807,#806,#449,.T.);
#1002=EDGE_CURVE('',#807,#695,#450,.T.);
#1003=EDGE_CURVE('',#804,#807,#451,.T.);
#1004=EDGE_CURVE('',#808,#692,#452,.T.);
#1005=EDGE_CURVE('',#809,#808,#453,.T.);
#1006=EDGE_CURVE('',#809,#693,#454,.T.);
#1007=EDGE_CURVE('',#810,#809,#455,.T.);
#1008=EDGE_CURVE('',#810,#690,#456,.T.);
#1009=EDGE_CURVE('',#811,#810,#457,.T.);
#1010=EDGE_CURVE('',#811,#691,#458,.T.);
#1011=EDGE_CURVE('',#808,#811,#459,.T.);
#1012=EDGE_CURVE('',#755,#747,#460,.T.);
#1013=EDGE_CURVE('',#812,#813,#669,.F.);
#1014=EDGE_CURVE('',#813,#754,#461,.T.);
#1015=EDGE_CURVE('',#813,#812,#670,.F.);
#1016=EDGE_CURVE('',#812,#746,#462,.T.);
#1017=EDGE_CURVE('',#814,#815,#671,.F.);
#1018=EDGE_CURVE('',#815,#753,#463,.T.);
#1019=EDGE_CURVE('',#815,#814,#672,.F.);
#1020=EDGE_CURVE('',#816,#817,#673,.F.);
#1021=EDGE_CURVE('',#817,#752,#464,.T.);
#1022=EDGE_CURVE('',#817,#816,#674,.F.);
#1023=EDGE_CURVE('',#818,#819,#675,.F.);
#1024=EDGE_CURVE('',#819,#751,#465,.T.);
#1025=EDGE_CURVE('',#819,#818,#676,.F.);
#1026=EDGE_CURVE('',#818,#745,#466,.T.);
#1027=EDGE_CURVE('',#816,#744,#467,.T.);
#1028=EDGE_CURVE('',#814,#743,#468,.T.);
#1029=EDGE_CURVE('',#820,#821,#677,.F.);
#1030=EDGE_CURVE('',#821,#822,#469,.T.);
#1031=EDGE_CURVE('',#822,#822,#678,.F.);
#1032=EDGE_CURVE('',#821,#820,#679,.F.);
#1033=EDGE_CURVE('',#820,#750,#680,.T.);
#1034=EDGE_CURVE('',#822,#742,#681,.T.);
#1035=ORIENTED_EDGE('',*,*,#823,.T.);
#1036=ORIENTED_EDGE('',*,*,#824,.T.);
#1037=ORIENTED_EDGE('',*,*,#825,.T.);
#1038=ORIENTED_EDGE('',*,*,#826,.T.);
#1039=ORIENTED_EDGE('',*,*,#827,.T.);
#1040=ORIENTED_EDGE('',*,*,#828,.T.);
#1041=ORIENTED_EDGE('',*,*,#829,.F.);
#1042=ORIENTED_EDGE('',*,*,#828,.F.);
#1043=ORIENTED_EDGE('',*,*,#830,.T.);
#1044=ORIENTED_EDGE('',*,*,#831,.T.);
#1045=ORIENTED_EDGE('',*,*,#832,.T.);
#1046=ORIENTED_EDGE('',*,*,#824,.F.);
#1047=ORIENTED_EDGE('',*,*,#833,.T.);
#1048=ORIENTED_EDGE('',*,*,#834,.T.);
#1049=ORIENTED_EDGE('',*,*,#835,.T.);
#1050=ORIENTED_EDGE('',*,*,#836,.T.);
#1051=ORIENTED_EDGE('',*,*,#837,.T.);
#1052=ORIENTED_EDGE('',*,*,#838,.T.);
#1053=ORIENTED_EDGE('',*,*,#839,.T.);
#1054=ORIENTED_EDGE('',*,*,#840,.T.);
#1055=ORIENTED_EDGE('',*,*,#841,.T.);
#1056=ORIENTED_EDGE('',*,*,#842,.T.);
#1057=ORIENTED_EDGE('',*,*,#843,.T.);
#1058=ORIENTED_EDGE('',*,*,#844,.T.);
#1059=ORIENTED_EDGE('',*,*,#845,.T.);
#1060=ORIENTED_EDGE('',*,*,#846,.T.);
#1061=ORIENTED_EDGE('',*,*,#847,.T.);
#1062=ORIENTED_EDGE('',*,*,#848,.T.);
#1063=ORIENTED_EDGE('',*,*,#849,.T.);
#1064=ORIENTED_EDGE('',*,*,#850,.T.);
#1065=ORIENTED_EDGE('',*,*,#851,.T.);
#1066=ORIENTED_EDGE('',*,*,#852,.T.);
#1067=ORIENTED_EDGE('',*,*,#853,.T.);
#1068=ORIENTED_EDGE('',*,*,#854,.T.);
#1069=ORIENTED_EDGE('',*,*,#855,.T.);
#1070=ORIENTED_EDGE('',*,*,#856,.T.);
#1071=ORIENTED_EDGE('',*,*,#857,.T.);
#1072=ORIENTED_EDGE('',*,*,#858,.T.);
#1073=ORIENTED_EDGE('',*,*,#859,.T.);
#1074=ORIENTED_EDGE('',*,*,#860,.T.);
#1075=ORIENTED_EDGE('',*,*,#861,.T.);
#1076=ORIENTED_EDGE('',*,*,#862,.T.);
#1077=ORIENTED_EDGE('',*,*,#863,.T.);
#1078=ORIENTED_EDGE('',*,*,#864,.T.);
#1079=ORIENTED_EDGE('',*,*,#865,.T.);
#1080=ORIENTED_EDGE('',*,*,#866,.T.);
#1081=ORIENTED_EDGE('',*,*,#867,.T.);
#1082=ORIENTED_EDGE('',*,*,#868,.T.);
#1083=ORIENTED_EDGE('',*,*,#869,.T.);
#1084=ORIENTED_EDGE('',*,*,#870,.T.);
#1085=ORIENTED_EDGE('',*,*,#871,.T.);
#1086=ORIENTED_EDGE('',*,*,#872,.T.);
#1087=ORIENTED_EDGE('',*,*,#873,.T.);
#1088=ORIENTED_EDGE('',*,*,#874,.T.);
#1089=ORIENTED_EDGE('',*,*,#875,.T.);
#1090=ORIENTED_EDGE('',*,*,#876,.T.);
#1091=ORIENTED_EDGE('',*,*,#877,.T.);
#1092=ORIENTED_EDGE('',*,*,#878,.T.);
#1093=ORIENTED_EDGE('',*,*,#879,.T.);
#1094=ORIENTED_EDGE('',*,*,#880,.T.);
#1095=ORIENTED_EDGE('',*,*,#881,.T.);
#1096=ORIENTED_EDGE('',*,*,#882,.T.);
#1097=ORIENTED_EDGE('',*,*,#883,.T.);
#1098=ORIENTED_EDGE('',*,*,#884,.T.);
#1099=ORIENTED_EDGE('',*,*,#829,.T.);
#1100=ORIENTED_EDGE('',*,*,#885,.T.);
#1101=ORIENTED_EDGE('',*,*,#823,.F.);
#1102=ORIENTED_EDGE('',*,*,#886,.T.);
#1103=ORIENTED_EDGE('',*,*,#887,.T.);
#1104=ORIENTED_EDGE('',*,*,#888,.T.);
#1105=ORIENTED_EDGE('',*,*,#889,.T.);
#1106=ORIENTED_EDGE('',*,*,#890,.T.);
#1107=ORIENTED_EDGE('',*,*,#891,.F.);
#1108=ORIENTED_EDGE('',*,*,#892,.T.);
#1109=ORIENTED_EDGE('',*,*,#893,.T.);
#1110=ORIENTED_EDGE('',*,*,#894,.T.);
#1111=ORIENTED_EDGE('',*,*,#892,.F.);
#1112=ORIENTED_EDGE('',*,*,#891,.T.);
#1113=ORIENTED_EDGE('',*,*,#895,.F.);
#1114=ORIENTED_EDGE('',*,*,#896,.F.);
#1115=ORIENTED_EDGE('',*,*,#897,.F.);
#1116=ORIENTED_EDGE('',*,*,#898,.F.);
#1117=ORIENTED_EDGE('',*,*,#899,.F.);
#1118=ORIENTED_EDGE('',*,*,#900,.F.);
#1119=ORIENTED_EDGE('',*,*,#901,.F.);
#1120=ORIENTED_EDGE('',*,*,#902,.T.);
#1121=ORIENTED_EDGE('',*,*,#826,.F.);
#1122=ORIENTED_EDGE('',*,*,#827,.F.);
#1123=ORIENTED_EDGE('',*,*,#902,.F.);
#1124=ORIENTED_EDGE('',*,*,#903,.F.);
#1125=ORIENTED_EDGE('',*,*,#904,.T.);
#1126=ORIENTED_EDGE('',*,*,#830,.F.);
#1127=ORIENTED_EDGE('',*,*,#904,.F.);
#1128=ORIENTED_EDGE('',*,*,#905,.F.);
#1129=ORIENTED_EDGE('',*,*,#906,.T.);
#1130=ORIENTED_EDGE('',*,*,#831,.F.);
#1131=ORIENTED_EDGE('',*,*,#906,.F.);
#1132=ORIENTED_EDGE('',*,*,#907,.F.);
#1133=ORIENTED_EDGE('',*,*,#900,.T.);
#1134=ORIENTED_EDGE('',*,*,#825,.F.);
#1135=ORIENTED_EDGE('',*,*,#832,.F.);
#1136=ORIENTED_EDGE('',*,*,#901,.T.);
#1137=ORIENTED_EDGE('',*,*,#907,.T.);
#1138=ORIENTED_EDGE('',*,*,#905,.T.);
#1139=ORIENTED_EDGE('',*,*,#903,.T.);
#1140=ORIENTED_EDGE('',*,*,#908,.F.);
#1141=ORIENTED_EDGE('',*,*,#909,.F.);
#1142=ORIENTED_EDGE('',*,*,#910,.T.);
#1143=ORIENTED_EDGE('',*,*,#883,.F.);
#1144=ORIENTED_EDGE('',*,*,#910,.F.);
#1145=ORIENTED_EDGE('',*,*,#911,.F.);
#1146=ORIENTED_EDGE('',*,*,#912,.T.);
#1147=ORIENTED_EDGE('',*,*,#884,.F.);
#1148=ORIENTED_EDGE('',*,*,#912,.F.);
#1149=ORIENTED_EDGE('',*,*,#913,.F.);
#1150=ORIENTED_EDGE('',*,*,#914,.T.);
#1151=ORIENTED_EDGE('',*,*,#881,.F.);
#1152=ORIENTED_EDGE('',*,*,#914,.F.);
#1153=ORIENTED_EDGE('',*,*,#915,.F.);
#1154=ORIENTED_EDGE('',*,*,#908,.T.);
#1155=ORIENTED_EDGE('',*,*,#882,.F.);
#1156=ORIENTED_EDGE('',*,*,#909,.T.);
#1157=ORIENTED_EDGE('',*,*,#915,.T.);
#1158=ORIENTED_EDGE('',*,*,#913,.T.);
#1159=ORIENTED_EDGE('',*,*,#911,.T.);
#1160=ORIENTED_EDGE('',*,*,#916,.F.);
#1161=ORIENTED_EDGE('',*,*,#917,.F.);
#1162=ORIENTED_EDGE('',*,*,#918,.T.);
#1163=ORIENTED_EDGE('',*,*,#879,.F.);
#1164=ORIENTED_EDGE('',*,*,#918,.F.);
#1165=ORIENTED_EDGE('',*,*,#919,.F.);
#1166=ORIENTED_EDGE('',*,*,#920,.T.);
#1167=ORIENTED_EDGE('',*,*,#880,.F.);
#1168=ORIENTED_EDGE('',*,*,#920,.F.);
#1169=ORIENTED_EDGE('',*,*,#921,.F.);
#1170=ORIENTED_EDGE('',*,*,#922,.T.);
#1171=ORIENTED_EDGE('',*,*,#877,.F.);
#1172=ORIENTED_EDGE('',*,*,#922,.F.);
#1173=ORIENTED_EDGE('',*,*,#923,.F.);
#1174=ORIENTED_EDGE('',*,*,#916,.T.);
#1175=ORIENTED_EDGE('',*,*,#878,.F.);
#1176=ORIENTED_EDGE('',*,*,#917,.T.);
#1177=ORIENTED_EDGE('',*,*,#923,.T.);
#1178=ORIENTED_EDGE('',*,*,#921,.T.);
#1179=ORIENTED_EDGE('',*,*,#919,.T.);
#1180=ORIENTED_EDGE('',*,*,#924,.F.);
#1181=ORIENTED_EDGE('',*,*,#925,.F.);
#1182=ORIENTED_EDGE('',*,*,#926,.T.);
#1183=ORIENTED_EDGE('',*,*,#875,.F.);
#1184=ORIENTED_EDGE('',*,*,#926,.F.);
#1185=ORIENTED_EDGE('',*,*,#927,.F.);
#1186=ORIENTED_EDGE('',*,*,#928,.T.);
#1187=ORIENTED_EDGE('',*,*,#876,.F.);
#1188=ORIENTED_EDGE('',*,*,#928,.F.);
#1189=ORIENTED_EDGE('',*,*,#929,.F.);
#1190=ORIENTED_EDGE('',*,*,#930,.T.);
#1191=ORIENTED_EDGE('',*,*,#873,.F.);
#1192=ORIENTED_EDGE('',*,*,#930,.F.);
#1193=ORIENTED_EDGE('',*,*,#931,.F.);
#1194=ORIENTED_EDGE('',*,*,#924,.T.);
#1195=ORIENTED_EDGE('',*,*,#874,.F.);
#1196=ORIENTED_EDGE('',*,*,#925,.T.);
#1197=ORIENTED_EDGE('',*,*,#931,.T.);
#1198=ORIENTED_EDGE('',*,*,#929,.T.);
#1199=ORIENTED_EDGE('',*,*,#927,.T.);
#1200=ORIENTED_EDGE('',*,*,#932,.F.);
#1201=ORIENTED_EDGE('',*,*,#933,.F.);
#1202=ORIENTED_EDGE('',*,*,#934,.T.);
#1203=ORIENTED_EDGE('',*,*,#871,.F.);
#1204=ORIENTED_EDGE('',*,*,#934,.F.);
#1205=ORIENTED_EDGE('',*,*,#935,.F.);
#1206=ORIENTED_EDGE('',*,*,#936,.T.);
#1207=ORIENTED_EDGE('',*,*,#872,.F.);
#1208=ORIENTED_EDGE('',*,*,#936,.F.);
#1209=ORIENTED_EDGE('',*,*,#937,.F.);
#1210=ORIENTED_EDGE('',*,*,#938,.T.);
#1211=ORIENTED_EDGE('',*,*,#869,.F.);
#1212=ORIENTED_EDGE('',*,*,#938,.F.);
#1213=ORIENTED_EDGE('',*,*,#939,.F.);
#1214=ORIENTED_EDGE('',*,*,#932,.T.);
#1215=ORIENTED_EDGE('',*,*,#870,.F.);
#1216=ORIENTED_EDGE('',*,*,#933,.T.);
#1217=ORIENTED_EDGE('',*,*,#939,.T.);
#1218=ORIENTED_EDGE('',*,*,#937,.T.);
#1219=ORIENTED_EDGE('',*,*,#935,.T.);
#1220=ORIENTED_EDGE('',*,*,#940,.F.);
#1221=ORIENTED_EDGE('',*,*,#941,.F.);
#1222=ORIENTED_EDGE('',*,*,#942,.T.);
#1223=ORIENTED_EDGE('',*,*,#867,.F.);
#1224=ORIENTED_EDGE('',*,*,#942,.F.);
#1225=ORIENTED_EDGE('',*,*,#943,.F.);
#1226=ORIENTED_EDGE('',*,*,#944,.T.);
#1227=ORIENTED_EDGE('',*,*,#868,.F.);
#1228=ORIENTED_EDGE('',*,*,#944,.F.);
#1229=ORIENTED_EDGE('',*,*,#945,.F.);
#1230=ORIENTED_EDGE('',*,*,#946,.T.);
#1231=ORIENTED_EDGE('',*,*,#865,.F.);
#1232=ORIENTED_EDGE('',*,*,#946,.F.);
#1233=ORIENTED_EDGE('',*,*,#947,.F.);
#1234=ORIENTED_EDGE('',*,*,#940,.T.);
#1235=ORIENTED_EDGE('',*,*,#866,.F.);
#1236=ORIENTED_EDGE('',*,*,#941,.T.);
#1237=ORIENTED_EDGE('',*,*,#947,.T.);
#1238=ORIENTED_EDGE('',*,*,#945,.T.);
#1239=ORIENTED_EDGE('',*,*,#943,.T.);
#1240=ORIENTED_EDGE('',*,*,#948,.F.);
#1241=ORIENTED_EDGE('',*,*,#949,.F.);
#1242=ORIENTED_EDGE('',*,*,#950,.T.);
#1243=ORIENTED_EDGE('',*,*,#863,.F.);
#1244=ORIENTED_EDGE('',*,*,#950,.F.);
#1245=ORIENTED_EDGE('',*,*,#951,.F.);
#1246=ORIENTED_EDGE('',*,*,#952,.T.);
#1247=ORIENTED_EDGE('',*,*,#864,.F.);
#1248=ORIENTED_EDGE('',*,*,#952,.F.);
#1249=ORIENTED_EDGE('',*,*,#953,.F.);
#1250=ORIENTED_EDGE('',*,*,#954,.T.);
#1251=ORIENTED_EDGE('',*,*,#861,.F.);
#1252=ORIENTED_EDGE('',*,*,#954,.F.);
#1253=ORIENTED_EDGE('',*,*,#955,.F.);
#1254=ORIENTED_EDGE('',*,*,#948,.T.);
#1255=ORIENTED_EDGE('',*,*,#862,.F.);
#1256=ORIENTED_EDGE('',*,*,#949,.T.);
#1257=ORIENTED_EDGE('',*,*,#955,.T.);
#1258=ORIENTED_EDGE('',*,*,#953,.T.);
#1259=ORIENTED_EDGE('',*,*,#951,.T.);
#1260=ORIENTED_EDGE('',*,*,#956,.F.);
#1261=ORIENTED_EDGE('',*,*,#957,.F.);
#1262=ORIENTED_EDGE('',*,*,#958,.T.);
#1263=ORIENTED_EDGE('',*,*,#859,.F.);
#1264=ORIENTED_EDGE('',*,*,#958,.F.);
#1265=ORIENTED_EDGE('',*,*,#959,.F.);
#1266=ORIENTED_EDGE('',*,*,#960,.T.);
#1267=ORIENTED_EDGE('',*,*,#860,.F.);
#1268=ORIENTED_EDGE('',*,*,#960,.F.);
#1269=ORIENTED_EDGE('',*,*,#961,.F.);
#1270=ORIENTED_EDGE('',*,*,#962,.T.);
#1271=ORIENTED_EDGE('',*,*,#857,.F.);
#1272=ORIENTED_EDGE('',*,*,#962,.F.);
#1273=ORIENTED_EDGE('',*,*,#963,.F.);
#1274=ORIENTED_EDGE('',*,*,#956,.T.);
#1275=ORIENTED_EDGE('',*,*,#858,.F.);
#1276=ORIENTED_EDGE('',*,*,#957,.T.);
#1277=ORIENTED_EDGE('',*,*,#963,.T.);
#1278=ORIENTED_EDGE('',*,*,#961,.T.);
#1279=ORIENTED_EDGE('',*,*,#959,.T.);
#1280=ORIENTED_EDGE('',*,*,#964,.F.);
#1281=ORIENTED_EDGE('',*,*,#965,.F.);
#1282=ORIENTED_EDGE('',*,*,#966,.T.);
#1283=ORIENTED_EDGE('',*,*,#854,.F.);
#1284=ORIENTED_EDGE('',*,*,#966,.F.);
#1285=ORIENTED_EDGE('',*,*,#967,.F.);
#1286=ORIENTED_EDGE('',*,*,#968,.T.);
#1287=ORIENTED_EDGE('',*,*,#855,.F.);
#1288=ORIENTED_EDGE('',*,*,#968,.F.);
#1289=ORIENTED_EDGE('',*,*,#969,.F.);
#1290=ORIENTED_EDGE('',*,*,#970,.T.);
#1291=ORIENTED_EDGE('',*,*,#856,.F.);
#1292=ORIENTED_EDGE('',*,*,#853,.F.);
#1293=ORIENTED_EDGE('',*,*,#970,.F.);
#1294=ORIENTED_EDGE('',*,*,#971,.F.);
#1295=ORIENTED_EDGE('',*,*,#964,.T.);
#1296=ORIENTED_EDGE('',*,*,#965,.T.);
#1297=ORIENTED_EDGE('',*,*,#971,.T.);
#1298=ORIENTED_EDGE('',*,*,#969,.T.);
#1299=ORIENTED_EDGE('',*,*,#967,.T.);
#1300=ORIENTED_EDGE('',*,*,#972,.F.);
#1301=ORIENTED_EDGE('',*,*,#973,.F.);
#1302=ORIENTED_EDGE('',*,*,#974,.T.);
#1303=ORIENTED_EDGE('',*,*,#851,.F.);
#1304=ORIENTED_EDGE('',*,*,#974,.F.);
#1305=ORIENTED_EDGE('',*,*,#975,.F.);
#1306=ORIENTED_EDGE('',*,*,#976,.T.);
#1307=ORIENTED_EDGE('',*,*,#852,.F.);
#1308=ORIENTED_EDGE('',*,*,#976,.F.);
#1309=ORIENTED_EDGE('',*,*,#977,.F.);
#1310=ORIENTED_EDGE('',*,*,#978,.T.);
#1311=ORIENTED_EDGE('',*,*,#849,.F.);
#1312=ORIENTED_EDGE('',*,*,#978,.F.);
#1313=ORIENTED_EDGE('',*,*,#979,.F.);
#1314=ORIENTED_EDGE('',*,*,#972,.T.);
#1315=ORIENTED_EDGE('',*,*,#850,.F.);
#1316=ORIENTED_EDGE('',*,*,#973,.T.);
#1317=ORIENTED_EDGE('',*,*,#979,.T.);
#1318=ORIENTED_EDGE('',*,*,#977,.T.);
#1319=ORIENTED_EDGE('',*,*,#975,.T.);
#1320=ORIENTED_EDGE('',*,*,#980,.F.);
#1321=ORIENTED_EDGE('',*,*,#981,.F.);
#1322=ORIENTED_EDGE('',*,*,#982,.T.);
#1323=ORIENTED_EDGE('',*,*,#847,.F.);
#1324=ORIENTED_EDGE('',*,*,#982,.F.);
#1325=ORIENTED_EDGE('',*,*,#983,.F.);
#1326=ORIENTED_EDGE('',*,*,#984,.T.);
#1327=ORIENTED_EDGE('',*,*,#848,.F.);
#1328=ORIENTED_EDGE('',*,*,#984,.F.);
#1329=ORIENTED_EDGE('',*,*,#985,.F.);
#1330=ORIENTED_EDGE('',*,*,#986,.T.);
#1331=ORIENTED_EDGE('',*,*,#845,.F.);
#1332=ORIENTED_EDGE('',*,*,#986,.F.);
#1333=ORIENTED_EDGE('',*,*,#987,.F.);
#1334=ORIENTED_EDGE('',*,*,#980,.T.);
#1335=ORIENTED_EDGE('',*,*,#846,.F.);
#1336=ORIENTED_EDGE('',*,*,#981,.T.);
#1337=ORIENTED_EDGE('',*,*,#987,.T.);
#1338=ORIENTED_EDGE('',*,*,#985,.T.);
#1339=ORIENTED_EDGE('',*,*,#983,.T.);
#1340=ORIENTED_EDGE('',*,*,#988,.F.);
#1341=ORIENTED_EDGE('',*,*,#989,.F.);
#1342=ORIENTED_EDGE('',*,*,#990,.T.);
#1343=ORIENTED_EDGE('',*,*,#843,.F.);
#1344=ORIENTED_EDGE('',*,*,#990,.F.);
#1345=ORIENTED_EDGE('',*,*,#991,.F.);
#1346=ORIENTED_EDGE('',*,*,#992,.T.);
#1347=ORIENTED_EDGE('',*,*,#844,.F.);
#1348=ORIENTED_EDGE('',*,*,#992,.F.);
#1349=ORIENTED_EDGE('',*,*,#993,.F.);
#1350=ORIENTED_EDGE('',*,*,#994,.T.);
#1351=ORIENTED_EDGE('',*,*,#841,.F.);
#1352=ORIENTED_EDGE('',*,*,#994,.F.);
#1353=ORIENTED_EDGE('',*,*,#995,.F.);
#1354=ORIENTED_EDGE('',*,*,#988,.T.);
#1355=ORIENTED_EDGE('',*,*,#842,.F.);
#1356=ORIENTED_EDGE('',*,*,#989,.T.);
#1357=ORIENTED_EDGE('',*,*,#995,.T.);
#1358=ORIENTED_EDGE('',*,*,#993,.T.);
#1359=ORIENTED_EDGE('',*,*,#991,.T.);
#1360=ORIENTED_EDGE('',*,*,#996,.F.);
#1361=ORIENTED_EDGE('',*,*,#997,.F.);
#1362=ORIENTED_EDGE('',*,*,#998,.T.);
#1363=ORIENTED_EDGE('',*,*,#839,.F.);
#1364=ORIENTED_EDGE('',*,*,#998,.F.);
#1365=ORIENTED_EDGE('',*,*,#999,.F.);
#1366=ORIENTED_EDGE('',*,*,#1000,.T.);
#1367=ORIENTED_EDGE('',*,*,#840,.F.);
#1368=ORIENTED_EDGE('',*,*,#1000,.F.);
#1369=ORIENTED_EDGE('',*,*,#1001,.F.);
#1370=ORIENTED_EDGE('',*,*,#1002,.T.);
#1371=ORIENTED_EDGE('',*,*,#837,.F.);
#1372=ORIENTED_EDGE('',*,*,#1002,.F.);
#1373=ORIENTED_EDGE('',*,*,#1003,.F.);
#1374=ORIENTED_EDGE('',*,*,#996,.T.);
#1375=ORIENTED_EDGE('',*,*,#838,.F.);
#1376=ORIENTED_EDGE('',*,*,#997,.T.);
#1377=ORIENTED_EDGE('',*,*,#1003,.T.);
#1378=ORIENTED_EDGE('',*,*,#1001,.T.);
#1379=ORIENTED_EDGE('',*,*,#999,.T.);
#1380=ORIENTED_EDGE('',*,*,#1004,.F.);
#1381=ORIENTED_EDGE('',*,*,#1005,.F.);
#1382=ORIENTED_EDGE('',*,*,#1006,.T.);
#1383=ORIENTED_EDGE('',*,*,#835,.F.);
#1384=ORIENTED_EDGE('',*,*,#1006,.F.);
#1385=ORIENTED_EDGE('',*,*,#1007,.F.);
#1386=ORIENTED_EDGE('',*,*,#1008,.T.);
#1387=ORIENTED_EDGE('',*,*,#836,.F.);
#1388=ORIENTED_EDGE('',*,*,#1008,.F.);
#1389=ORIENTED_EDGE('',*,*,#1009,.F.);
#1390=ORIENTED_EDGE('',*,*,#1010,.T.);
#1391=ORIENTED_EDGE('',*,*,#833,.F.);
#1392=ORIENTED_EDGE('',*,*,#1010,.F.);
#1393=ORIENTED_EDGE('',*,*,#1011,.F.);
#1394=ORIENTED_EDGE('',*,*,#1004,.T.);
#1395=ORIENTED_EDGE('',*,*,#834,.F.);
#1396=ORIENTED_EDGE('',*,*,#1005,.T.);
#1397=ORIENTED_EDGE('',*,*,#1011,.T.);
#1398=ORIENTED_EDGE('',*,*,#1009,.T.);
#1399=ORIENTED_EDGE('',*,*,#1007,.T.);
#1400=ORIENTED_EDGE('',*,*,#899,.T.);
#1401=ORIENTED_EDGE('',*,*,#1012,.T.);
#1402=ORIENTED_EDGE('',*,*,#890,.F.);
#1403=ORIENTED_EDGE('',*,*,#1012,.F.);
#1404=ORIENTED_EDGE('',*,*,#1013,.T.);
#1405=ORIENTED_EDGE('',*,*,#1014,.T.);
#1406=ORIENTED_EDGE('',*,*,#898,.T.);
#1407=ORIENTED_EDGE('',*,*,#1014,.F.);
#1408=ORIENTED_EDGE('',*,*,#1015,.T.);
#1409=ORIENTED_EDGE('',*,*,#1013,.F.);
#1410=ORIENTED_EDGE('',*,*,#1016,.T.);
#1411=ORIENTED_EDGE('',*,*,#889,.F.);
#1412=ORIENTED_EDGE('',*,*,#1016,.F.);
#1413=ORIENTED_EDGE('',*,*,#1015,.F.);
#1414=ORIENTED_EDGE('',*,*,#1017,.T.);
#1415=ORIENTED_EDGE('',*,*,#1018,.T.);
#1416=ORIENTED_EDGE('',*,*,#897,.T.);
#1417=ORIENTED_EDGE('',*,*,#1018,.F.);
#1418=ORIENTED_EDGE('',*,*,#1019,.T.);
#1419=ORIENTED_EDGE('',*,*,#1020,.T.);
#1420=ORIENTED_EDGE('',*,*,#1021,.T.);
#1421=ORIENTED_EDGE('',*,*,#896,.T.);
#1422=ORIENTED_EDGE('',*,*,#1021,.F.);
#1423=ORIENTED_EDGE('',*,*,#1022,.T.);
#1424=ORIENTED_EDGE('',*,*,#1023,.T.);
#1425=ORIENTED_EDGE('',*,*,#1024,.T.);
#1426=ORIENTED_EDGE('',*,*,#895,.T.);
#1427=ORIENTED_EDGE('',*,*,#1024,.F.);
#1428=ORIENTED_EDGE('',*,*,#1025,.T.);
#1429=ORIENTED_EDGE('',*,*,#1023,.F.);
#1430=ORIENTED_EDGE('',*,*,#1026,.T.);
#1431=ORIENTED_EDGE('',*,*,#888,.F.);
#1432=ORIENTED_EDGE('',*,*,#1026,.F.);
#1433=ORIENTED_EDGE('',*,*,#1025,.F.);
#1434=ORIENTED_EDGE('',*,*,#1020,.F.);
#1435=ORIENTED_EDGE('',*,*,#1027,.T.);
#1436=ORIENTED_EDGE('',*,*,#887,.F.);
#1437=ORIENTED_EDGE('',*,*,#1027,.F.);
#1438=ORIENTED_EDGE('',*,*,#1022,.F.);
#1439=ORIENTED_EDGE('',*,*,#1017,.F.);
#1440=ORIENTED_EDGE('',*,*,#1028,.T.);
#1441=ORIENTED_EDGE('',*,*,#886,.F.);
#1442=ORIENTED_EDGE('',*,*,#1028,.F.);
#1443=ORIENTED_EDGE('',*,*,#1019,.F.);
#1444=ORIENTED_EDGE('',*,*,#1029,.T.);
#1445=ORIENTED_EDGE('',*,*,#1030,.T.);
#1446=ORIENTED_EDGE('',*,*,#1031,.T.);
#1447=ORIENTED_EDGE('',*,*,#1030,.F.);
#1448=ORIENTED_EDGE('',*,*,#1032,.T.);
#1449=ORIENTED_EDGE('',*,*,#1029,.F.);
#1450=ORIENTED_EDGE('',*,*,#1033,.T.);
#1451=ORIENTED_EDGE('',*,*,#893,.F.);
#1452=ORIENTED_EDGE('',*,*,#894,.F.);
#1453=ORIENTED_EDGE('',*,*,#1033,.F.);
#1454=ORIENTED_EDGE('',*,*,#1032,.F.);
#1455=ORIENTED_EDGE('',*,*,#1031,.F.);
#1456=ORIENTED_EDGE('',*,*,#1034,.T.);
#1457=ORIENTED_EDGE('',*,*,#885,.F.);
#1458=ORIENTED_EDGE('',*,*,#1034,.F.);
#1459=CYLINDRICAL_SURFACE('',#1567,17.);
#1460=CYLINDRICAL_SURFACE('',#1608,14.);
#1461=CYLINDRICAL_SURFACE('',#1688,7.25);
#1462=CYLINDRICAL_SURFACE('',#1689,1.6);
#1463=CYLINDRICAL_SURFACE('',#1693,1.6);
#1464=CYLINDRICAL_SURFACE('',#1696,1.6);
#1465=CYLINDRICAL_SURFACE('',#1699,1.6);
#1466=ADVANCED_FACE('',(#119,#95,#96,#97,#98,#99,#100,#101,#102,#103,#104,
#105,#106,#107),#1459,.T.);
#1467=ADVANCED_FACE('',(#120,#108),#22,.T.);
#1468=ADVANCED_FACE('',(#121,#109,#110,#111,#112,#113),#23,.F.);
#1469=ADVANCED_FACE('',(#122),#1460,.F.);
#1470=ADVANCED_FACE('',(#123,#114,#115,#116,#117,#118),#24,.T.);
#1471=ADVANCED_FACE('',(#124),#25,.F.);
#1472=ADVANCED_FACE('',(#125),#26,.F.);
#1473=ADVANCED_FACE('',(#126),#27,.F.);
#1474=ADVANCED_FACE('',(#127),#28,.F.);
#1475=ADVANCED_FACE('',(#128),#29,.T.);
#1476=ADVANCED_FACE('',(#129),#30,.F.);
#1477=ADVANCED_FACE('',(#130),#31,.F.);
#1478=ADVANCED_FACE('',(#131),#32,.F.);
#1479=ADVANCED_FACE('',(#132),#33,.F.);
#1480=ADVANCED_FACE('',(#133),#34,.T.);
#1481=ADVANCED_FACE('',(#134),#35,.F.);
#1482=ADVANCED_FACE('',(#135),#36,.F.);
#1483=ADVANCED_FACE('',(#136),#37,.F.);
#1484=ADVANCED_FACE('',(#137),#38,.F.);
#1485=ADVANCED_FACE('',(#138),#39,.T.);
#1486=ADVANCED_FACE('',(#139),#40,.F.);
#1487=ADVANCED_FACE('',(#140),#41,.F.);
#1488=ADVANCED_FACE('',(#141),#42,.F.);
#1489=ADVANCED_FACE('',(#142),#43,.F.);
#1490=ADVANCED_FACE('',(#143),#44,.T.);
#1491=ADVANCED_FACE('',(#144),#45,.F.);
#1492=ADVANCED_FACE('',(#145),#46,.F.);
#1493=ADVANCED_FACE('',(#146),#47,.F.);
#1494=ADVANCED_FACE('',(#147),#48,.F.);
#1495=ADVANCED_FACE('',(#148),#49,.T.);
#1496=ADVANCED_FACE('',(#149),#50,.F.);
#1497=ADVANCED_FACE('',(#150),#51,.F.);
#1498=ADVANCED_FACE('',(#151),#52,.F.);
#1499=ADVANCED_FACE('',(#152),#53,.F.);
#1500=ADVANCED_FACE('',(#153),#54,.T.);
#1501=ADVANCED_FACE('',(#154),#55,.F.);
#1502=ADVANCED_FACE('',(#155),#56,.F.);
#1503=ADVANCED_FACE('',(#156),#57,.F.);
#1504=ADVANCED_FACE('',(#157),#58,.F.);
#1505=ADVANCED_FACE('',(#158),#59,.T.);
#1506=ADVANCED_FACE('',(#159),#60,.F.);
#1507=ADVANCED_FACE('',(#160),#61,.F.);
#1508=ADVANCED_FACE('',(#161),#62,.F.);
#1509=ADVANCED_FACE('',(#162),#63,.F.);
#1510=ADVANCED_FACE('',(#163),#64,.T.);
#1511=ADVANCED_FACE('',(#164),#65,.F.);
#1512=ADVANCED_FACE('',(#165),#66,.F.);
#1513=ADVANCED_FACE('',(#166),#67,.F.);
#1514=ADVANCED_FACE('',(#167),#68,.F.);
#1515=ADVANCED_FACE('',(#168),#69,.T.);
#1516=ADVANCED_FACE('',(#169),#70,.F.);
#1517=ADVANCED_FACE('',(#170),#71,.F.);
#1518=ADVANCED_FACE('',(#171),#72,.F.);
#1519=ADVANCED_FACE('',(#172),#73,.F.);
#1520=ADVANCED_FACE('',(#173),#74,.T.);
#1521=ADVANCED_FACE('',(#174),#75,.F.);
#1522=ADVANCED_FACE('',(#175),#76,.F.);
#1523=ADVANCED_FACE('',(#176),#77,.F.);
#1524=ADVANCED_FACE('',(#177),#78,.F.);
#1525=ADVANCED_FACE('',(#178),#79,.T.);
#1526=ADVANCED_FACE('',(#179),#80,.F.);
#1527=ADVANCED_FACE('',(#180),#81,.F.);
#1528=ADVANCED_FACE('',(#181),#82,.F.);
#1529=ADVANCED_FACE('',(#182),#83,.F.);
#1530=ADVANCED_FACE('',(#183),#84,.T.);
#1531=ADVANCED_FACE('',(#184),#85,.F.);
#1532=ADVANCED_FACE('',(#185),#86,.F.);
#1533=ADVANCED_FACE('',(#186),#87,.F.);
#1534=ADVANCED_FACE('',(#187),#88,.F.);
#1535=ADVANCED_FACE('',(#188),#89,.T.);
#1536=ADVANCED_FACE('',(#189),#90,.F.);
#1537=ADVANCED_FACE('',(#190),#91,.F.);
#1538=ADVANCED_FACE('',(#191),#92,.F.);
#1539=ADVANCED_FACE('',(#192),#93,.F.);
#1540=ADVANCED_FACE('',(#193),#94,.T.);
#1541=ADVANCED_FACE('',(#194),#1461,.F.);
#1542=ADVANCED_FACE('',(#195),#1462,.F.);
#1543=ADVANCED_FACE('',(#196),#17,.F.);
#1544=ADVANCED_FACE('',(#197),#1463,.F.);
#1545=ADVANCED_FACE('',(#198),#1464,.F.);
#1546=ADVANCED_FACE('',(#199),#1465,.F.);
#1547=ADVANCED_FACE('',(#200),#18,.F.);
#1548=ADVANCED_FACE('',(#201),#19,.F.);
#1549=ADVANCED_FACE('',(#202),#20,.F.);
#1550=ADVANCED_FACE('',(#203),#21,.F.);
#1551=ADVANCED_FACE('',(#204),#15,.T.);
#1552=ADVANCED_FACE('',(#205),#16,.T.);
#1553=CLOSED_SHELL('',(#1466,#1467,#1468,#1469,#1470,#1471,#1472,#1473,
#1474,#1475,#1476,#1477,#1478,#1479,#1480,#1481,#1482,#1483,#1484,#1485,
#1486,#1487,#1488,#1489,#1490,#1491,#1492,#1493,#1494,#1495,#1496,#1497,
#1498,#1499,#1500,#1501,#1502,#1503,#1504,#1505,#1506,#1507,#1508,#1509,
#1510,#1511,#1512,#1513,#1514,#1515,#1516,#1517,#1518,#1519,#1520,#1521,
#1522,#1523,#1524,#1525,#1526,#1527,#1528,#1529,#1530,#1531,#1532,#1533,
#1534,#1535,#1536,#1537,#1538,#1539,#1540,#1541,#1542,#1543,#1544,#1545,
#1546,#1547,#1548,#1549,#1550,#1551,#1552));
#1554=DERIVED_UNIT_ELEMENT(#1556,1.);
#1555=DERIVED_UNIT_ELEMENT(#2606,-3.);
#1556=(
MASS_UNIT()
NAMED_UNIT(*)
SI_UNIT(.KILO.,.GRAM.)
);
#1557=DERIVED_UNIT((#1554,#1555));
#1558=MEASURE_REPRESENTATION_ITEM('density measure',
POSITIVE_RATIO_MEASURE(1420.),#1557);
#1559=PROPERTY_DEFINITION_REPRESENTATION(#1564,#1561);
#1560=PROPERTY_DEFINITION_REPRESENTATION(#1565,#1562);
#1561=REPRESENTATION('material name',(#1563),#2603);
#1562=REPRESENTATION('density',(#1558),#2603);
#1563=DESCRIPTIVE_REPRESENTATION_ITEM('PET','PET');
#1564=PROPERTY_DEFINITION('material property','material name',#2613);
#1565=PROPERTY_DEFINITION('material property','density of part',#2613);
#1566=AXIS2_PLACEMENT_3D('',#2160,#1713,#1714);
#1567=AXIS2_PLACEMENT_3D('',#2161,#1715,#1716);
#1568=AXIS2_PLACEMENT_3D('',#2163,#1717,#1718);
#1569=AXIS2_PLACEMENT_3D('',#2167,#1720,#1721);
#1570=AXIS2_PLACEMENT_3D('',#2171,#1723,#1724);
#1571=AXIS2_PLACEMENT_3D('',#2174,#1726,#1727);
#1572=AXIS2_PLACEMENT_3D('',#2176,#1728,#1729);
#1573=AXIS2_PLACEMENT_3D('',#2179,#1731,#1732);
#1574=AXIS2_PLACEMENT_3D('',#2184,#1734,#1735);
#1575=AXIS2_PLACEMENT_3D('',#2187,#1737,#1738);
#1576=AXIS2_PLACEMENT_3D('',#2192,#1740,#1741);
#1577=AXIS2_PLACEMENT_3D('',#2195,#1743,#1744);
#1578=AXIS2_PLACEMENT_3D('',#2200,#1746,#1747);
#1579=AXIS2_PLACEMENT_3D('',#2203,#1749,#1750);
#1580=AXIS2_PLACEMENT_3D('',#2208,#1752,#1753);
#1581=AXIS2_PLACEMENT_3D('',#2211,#1755,#1756);
#1582=AXIS2_PLACEMENT_3D('',#2216,#1758,#1759);
#1583=AXIS2_PLACEMENT_3D('',#2219,#1761,#1762);
#1584=AXIS2_PLACEMENT_3D('',#2222,#1763,#1764);
#1585=AXIS2_PLACEMENT_3D('',#2226,#1766,#1767);
#1586=AXIS2_PLACEMENT_3D('',#2232,#1770,#1771);
#1587=AXIS2_PLACEMENT_3D('',#2235,#1773,#1774);
#1588=AXIS2_PLACEMENT_3D('',#2240,#1776,#1777);
#1589=AXIS2_PLACEMENT_3D('',#2243,#1779,#1780);
#1590=AXIS2_PLACEMENT_3D('',#2248,#1782,#1783);
#1591=AXIS2_PLACEMENT_3D('',#2251,#1785,#1786);
#1592=AXIS2_PLACEMENT_3D('',#2256,#1788,#1789);
#1593=AXIS2_PLACEMENT_3D('',#2259,#1791,#1792);
#1594=AXIS2_PLACEMENT_3D('',#2264,#1794,#1795);
#1595=AXIS2_PLACEMENT_3D('',#2267,#1797,#1798);
#1596=AXIS2_PLACEMENT_3D('',#2272,#1800,#1801);
#1597=AXIS2_PLACEMENT_3D('',#2275,#1803,#1804);
#1598=AXIS2_PLACEMENT_3D('',#2280,#1806,#1807);
#1599=AXIS2_PLACEMENT_3D('',#2283,#1809,#1810);
#1600=AXIS2_PLACEMENT_3D('',#2284,#1811,#1812);
#1601=AXIS2_PLACEMENT_3D('',#2286,#1813,#1814);
#1602=AXIS2_PLACEMENT_3D('',#2287,#1815,#1816);
#1603=AXIS2_PLACEMENT_3D('',#2289,#1817,#1818);
#1604=AXIS2_PLACEMENT_3D('',#2291,#1819,#1820);
#1605=AXIS2_PLACEMENT_3D('',#2293,#1821,#1822);
#1606=AXIS2_PLACEMENT_3D('',#2295,#1823,#1824);
#1607=AXIS2_PLACEMENT_3D('',#2297,#1825,#1826);
#1608=AXIS2_PLACEMENT_3D('',#2298,#1827,#1828);
#1609=AXIS2_PLACEMENT_3D('',#2300,#1829,#1830);
#1610=AXIS2_PLACEMENT_3D('',#2304,#1832,#1833);
#1611=AXIS2_PLACEMENT_3D('',#2305,#1834,#1835);
#1612=AXIS2_PLACEMENT_3D('',#2306,#1836,#1837);
#1613=AXIS2_PLACEMENT_3D('',#2308,#1838,#1839);
#1614=AXIS2_PLACEMENT_3D('',#2310,#1840,#1841);
#1615=AXIS2_PLACEMENT_3D('',#2312,#1842,#1843);
#1616=AXIS2_PLACEMENT_3D('',#2314,#1844,#1845);
#1617=AXIS2_PLACEMENT_3D('',#2316,#1846,#1847);
#1618=AXIS2_PLACEMENT_3D('',#2317,#1848,#1849);
#1619=AXIS2_PLACEMENT_3D('',#2323,#1853,#1854);
#1620=AXIS2_PLACEMENT_3D('',#2327,#1857,#1858);
#1621=AXIS2_PLACEMENT_3D('',#2331,#1861,#1862);
#1622=AXIS2_PLACEMENT_3D('',#2333,#1864,#1865);
#1623=AXIS2_PLACEMENT_3D('',#2334,#1866,#1867);
#1624=AXIS2_PLACEMENT_3D('',#2340,#1871,#1872);
#1625=AXIS2_PLACEMENT_3D('',#2344,#1875,#1876);
#1626=AXIS2_PLACEMENT_3D('',#2348,#1879,#1880);
#1627=AXIS2_PLACEMENT_3D('',#2350,#1882,#1883);
#1628=AXIS2_PLACEMENT_3D('',#2351,#1884,#1885);
#1629=AXIS2_PLACEMENT_3D('',#2357,#1889,#1890);
#1630=AXIS2_PLACEMENT_3D('',#2361,#1893,#1894);
#1631=AXIS2_PLACEMENT_3D('',#2365,#1897,#1898);
#1632=AXIS2_PLACEMENT_3D('',#2367,#1900,#1901);
#1633=AXIS2_PLACEMENT_3D('',#2368,#1902,#1903);
#1634=AXIS2_PLACEMENT_3D('',#2374,#1907,#1908);
#1635=AXIS2_PLACEMENT_3D('',#2378,#1911,#1912);
#1636=AXIS2_PLACEMENT_3D('',#2382,#1915,#1916);
#1637=AXIS2_PLACEMENT_3D('',#2384,#1918,#1919);
#1638=AXIS2_PLACEMENT_3D('',#2385,#1920,#1921);
#1639=AXIS2_PLACEMENT_3D('',#2391,#1925,#1926);
#1640=AXIS2_PLACEMENT_3D('',#2395,#1929,#1930);
#1641=AXIS2_PLACEMENT_3D('',#2399,#1933,#1934);
#1642=AXIS2_PLACEMENT_3D('',#2401,#1936,#1937);
#1643=AXIS2_PLACEMENT_3D('',#2402,#1938,#1939);
#1644=AXIS2_PLACEMENT_3D('',#2408,#1943,#1944);
#1645=AXIS2_PLACEMENT_3D('',#2412,#1947,#1948);
#1646=AXIS2_PLACEMENT_3D('',#2416,#1951,#1952);
#1647=AXIS2_PLACEMENT_3D('',#2418,#1954,#1955);
#1648=AXIS2_PLACEMENT_3D('',#2419,#1956,#1957);
#1649=AXIS2_PLACEMENT_3D('',#2425,#1961,#1962);
#1650=AXIS2_PLACEMENT_3D('',#2429,#1965,#1966);
#1651=AXIS2_PLACEMENT_3D('',#2433,#1969,#1970);
#1652=AXIS2_PLACEMENT_3D('',#2435,#1972,#1973);
#1653=AXIS2_PLACEMENT_3D('',#2436,#1974,#1975);
#1654=AXIS2_PLACEMENT_3D('',#2442,#1979,#1980);
#1655=AXIS2_PLACEMENT_3D('',#2446,#1983,#1984);
#1656=AXIS2_PLACEMENT_3D('',#2450,#1987,#1988);
#1657=AXIS2_PLACEMENT_3D('',#2452,#1990,#1991);
#1658=AXIS2_PLACEMENT_3D('',#2453,#1992,#1993);
#1659=AXIS2_PLACEMENT_3D('',#2459,#1997,#1998);
#1660=AXIS2_PLACEMENT_3D('',#2463,#2001,#2002);
#1661=AXIS2_PLACEMENT_3D('',#2467,#2005,#2006);
#1662=AXIS2_PLACEMENT_3D('',#2469,#2008,#2009);
#1663=AXIS2_PLACEMENT_3D('',#2470,#2010,#2011);
#1664=AXIS2_PLACEMENT_3D('',#2476,#2015,#2016);
#1665=AXIS2_PLACEMENT_3D('',#2480,#2019,#2020);
#1666=AXIS2_PLACEMENT_3D('',#2484,#2023,#2024);
#1667=AXIS2_PLACEMENT_3D('',#2486,#2026,#2027);
#1668=AXIS2_PLACEMENT_3D('',#2487,#2028,#2029);
#1669=AXIS2_PLACEMENT_3D('',#2493,#2033,#2034);
#1670=AXIS2_PLACEMENT_3D('',#2497,#2037,#2038);
#1671=AXIS2_PLACEMENT_3D('',#2501,#2041,#2042);
#1672=AXIS2_PLACEMENT_3D('',#2503,#2044,#2045);
#1673=AXIS2_PLACEMENT_3D('',#2504,#2046,#2047);
#1674=AXIS2_PLACEMENT_3D('',#2510,#2051,#2052);
#1675=AXIS2_PLACEMENT_3D('',#2514,#2055,#2056);
#1676=AXIS2_PLACEMENT_3D('',#2518,#2059,#2060);
#1677=AXIS2_PLACEMENT_3D('',#2520,#2062,#2063);
#1678=AXIS2_PLACEMENT_3D('',#2521,#2064,#2065);
#1679=AXIS2_PLACEMENT_3D('',#2527,#2069,#2070);
#1680=AXIS2_PLACEMENT_3D('',#2531,#2073,#2074);
#1681=AXIS2_PLACEMENT_3D('',#2535,#2077,#2078);
#1682=AXIS2_PLACEMENT_3D('',#2537,#2080,#2081);
#1683=AXIS2_PLACEMENT_3D('',#2538,#2082,#2083);
#1684=AXIS2_PLACEMENT_3D('',#2544,#2087,#2088);
#1685=AXIS2_PLACEMENT_3D('',#2548,#2091,#2092);
#1686=AXIS2_PLACEMENT_3D('',#2552,#2095,#2096);
#1687=AXIS2_PLACEMENT_3D('',#2554,#2098,#2099);
#1688=AXIS2_PLACEMENT_3D('',#2555,#2100,#2101);
#1689=AXIS2_PLACEMENT_3D('',#2557,#2103,#2104);
#1690=AXIS2_PLACEMENT_3D('',#2560,#2105,#2106);
#1691=AXIS2_PLACEMENT_3D('',#2562,#2108,#2109);
#1692=AXIS2_PLACEMENT_3D('',#2563,#2110,#2111);
#1693=AXIS2_PLACEMENT_3D('',#2565,#2113,#2114);
#1694=AXIS2_PLACEMENT_3D('',#2568,#2115,#2116);
#1695=AXIS2_PLACEMENT_3D('',#2570,#2118,#2119);
#1696=AXIS2_PLACEMENT_3D('',#2571,#2120,#2121);
#1697=AXIS2_PLACEMENT_3D('',#2574,#2122,#2123);
#1698=AXIS2_PLACEMENT_3D('',#2576,#2125,#2126);
#1699=AXIS2_PLACEMENT_3D('',#2577,#2127,#2128);
#1700=AXIS2_PLACEMENT_3D('',#2580,#2129,#2130);
#1701=AXIS2_PLACEMENT_3D('',#2582,#2132,#2133);
#1702=AXIS2_PLACEMENT_3D('',#2583,#2134,#2135);
#1703=AXIS2_PLACEMENT_3D('',#2585,#2137,#2138);
#1704=AXIS2_PLACEMENT_3D('',#2587,#2140,#2141);
#1705=AXIS2_PLACEMENT_3D('',#2589,#2143,#2144);
#1706=AXIS2_PLACEMENT_3D('',#2592,#2145,#2146);
#1707=AXIS2_PLACEMENT_3D('',#2595,#2148,#2149);
#1708=AXIS2_PLACEMENT_3D('',#2596,#2150,#2151);
#1709=AXIS2_PLACEMENT_3D('',#2597,#2152,#2153);
#1710=AXIS2_PLACEMENT_3D('',#2598,#2154,#2155);
#1711=AXIS2_PLACEMENT_3D('',#2599,#2156,#2157);
#1712=AXIS2_PLACEMENT_3D('',#2600,#2158,#2159);
#1713=DIRECTION('axis',(0.,0.,1.));
#1714=DIRECTION('refdir',(1.,0.,0.));
#1715=DIRECTION('center_axis',(0.,-1.,0.));
#1716=DIRECTION('ref_axis',(0.,0.,-1.));
#1717=DIRECTION('center_axis',(0.,1.,0.));
#1718=DIRECTION('ref_axis',(0.,0.,1.));
#1719=DIRECTION('',(0.,1.,0.));
#1720=DIRECTION('center_axis',(0.,-1.,0.));
#1721=DIRECTION('ref_axis',(0.,0.,-1.));
#1722=DIRECTION('',(0.,-1.,0.));
#1723=DIRECTION('center_axis',(0.,1.,0.));
#1724=DIRECTION('ref_axis',(0.,0.,1.));
#1725=DIRECTION('',(0.,1.,0.));
#1726=DIRECTION('center_axis',(0.,1.,0.));
#1727=DIRECTION('ref_axis',(0.,0.,1.));
#1728=DIRECTION('center_axis',(0.,1.,0.));
#1729=DIRECTION('ref_axis',(0.,0.,1.));
#1730=DIRECTION('',(0.,-1.,0.));
#1731=DIRECTION('center_axis',(0.,-1.,0.));
#1732=DIRECTION('ref_axis',(0.,0.,-1.));
#1733=DIRECTION('',(0.,-1.,0.));
#1734=DIRECTION('center_axis',(0.,-1.,0.));
#1735=DIRECTION('ref_axis',(0.,0.,-1.));
#1736=DIRECTION('',(0.,-1.,0.));
#1737=DIRECTION('center_axis',(0.,1.,0.));
#1738=DIRECTION('ref_axis',(0.,0.,1.));
#1739=DIRECTION('',(0.,-1.,0.));
#1740=DIRECTION('center_axis',(0.,-1.,0.));
#1741=DIRECTION('ref_axis',(0.,0.,-1.));
#1742=DIRECTION('',(0.,-1.,0.));
#1743=DIRECTION('center_axis',(0.,1.,0.));
#1744=DIRECTION('ref_axis',(0.,0.,1.));
#1745=DIRECTION('',(0.,-1.,0.));
#1746=DIRECTION('center_axis',(0.,-1.,0.));
#1747=DIRECTION('ref_axis',(0.,0.,-1.));
#1748=DIRECTION('',(0.,-1.,0.));
#1749=DIRECTION('center_axis',(0.,1.,0.));
#1750=DIRECTION('ref_axis',(0.,0.,1.));
#1751=DIRECTION('',(0.,-1.,0.));
#1752=DIRECTION('center_axis',(0.,-1.,0.));
#1753=DIRECTION('ref_axis',(0.,0.,-1.));
#1754=DIRECTION('',(0.,-1.,0.));
#1755=DIRECTION('center_axis',(0.,1.,0.));
#1756=DIRECTION('ref_axis',(0.,0.,1.));
#1757=DIRECTION('',(0.,-1.,0.));
#1758=DIRECTION('center_axis',(0.,-1.,0.));
#1759=DIRECTION('ref_axis',(0.,0.,-1.));
#1760=DIRECTION('',(0.,-1.,0.));
#1761=DIRECTION('center_axis',(0.,1.,0.));
#1762=DIRECTION('ref_axis',(0.,0.,1.));
#1763=DIRECTION('center_axis',(0.,-1.,0.));
#1764=DIRECTION('ref_axis',(0.,0.,-1.));
#1765=DIRECTION('',(0.,-1.,0.));
#1766=DIRECTION('center_axis',(0.,1.,0.));
#1767=DIRECTION('ref_axis',(0.,0.,1.));
#1768=DIRECTION('',(0.,-1.,0.));
#1769=DIRECTION('',(0.,-1.,0.));
#1770=DIRECTION('center_axis',(0.,-1.,0.));
#1771=DIRECTION('ref_axis',(0.,0.,-1.));
#1772=DIRECTION('',(0.,-1.,0.));
#1773=DIRECTION('center_axis',(0.,1.,0.));
#1774=DIRECTION('ref_axis',(0.,0.,1.));
#1775=DIRECTION('',(0.,-1.,0.));
#1776=DIRECTION('center_axis',(0.,-1.,0.));
#1777=DIRECTION('ref_axis',(0.,0.,-1.));
#1778=DIRECTION('',(0.,-1.,0.));
#1779=DIRECTION('center_axis',(0.,1.,0.));
#1780=DIRECTION('ref_axis',(0.,0.,1.));
#1781=DIRECTION('',(0.,-1.,0.));
#1782=DIRECTION('center_axis',(0.,-1.,0.));
#1783=DIRECTION('ref_axis',(0.,0.,-1.));
#1784=DIRECTION('',(0.,-1.,0.));
#1785=DIRECTION('center_axis',(0.,1.,0.));
#1786=DIRECTION('ref_axis',(0.,0.,1.));
#1787=DIRECTION('',(0.,-1.,0.));
#1788=DIRECTION('center_axis',(0.,-1.,0.));
#1789=DIRECTION('ref_axis',(0.,0.,-1.));
#1790=DIRECTION('',(0.,-1.,0.));
#1791=DIRECTION('center_axis',(0.,1.,0.));
#1792=DIRECTION('ref_axis',(0.,0.,1.));
#1793=DIRECTION('',(0.,-1.,0.));
#1794=DIRECTION('center_axis',(0.,-1.,0.));
#1795=DIRECTION('ref_axis',(0.,0.,-1.));
#1796=DIRECTION('',(0.,-1.,0.));
#1797=DIRECTION('center_axis',(0.,1.,0.));
#1798=DIRECTION('ref_axis',(0.,0.,1.));
#1799=DIRECTION('',(0.,-1.,0.));
#1800=DIRECTION('center_axis',(0.,-1.,0.));
#1801=DIRECTION('ref_axis',(0.,0.,-1.));
#1802=DIRECTION('',(0.,-1.,0.));
#1803=DIRECTION('center_axis',(0.,1.,0.));
#1804=DIRECTION('ref_axis',(0.,0.,1.));
#1805=DIRECTION('',(0.,-1.,0.));
#1806=DIRECTION('center_axis',(0.,-1.,0.));
#1807=DIRECTION('ref_axis',(0.,0.,-1.));
#1808=DIRECTION('',(0.,-1.,0.));
#1809=DIRECTION('center_axis',(0.,1.,0.));
#1810=DIRECTION('ref_axis',(0.,0.,1.));
#1811=DIRECTION('center_axis',(0.,1.,0.));
#1812=DIRECTION('ref_axis',(0.,0.,1.));
#1813=DIRECTION('center_axis',(0.,1.,0.));
#1814=DIRECTION('ref_axis',(0.,0.,1.));
#1815=DIRECTION('center_axis',(0.,1.,0.));
#1816=DIRECTION('ref_axis',(0.,0.,1.));
#1817=DIRECTION('center_axis',(0.,1.,0.));
#1818=DIRECTION('ref_axis',(0.,0.,1.));
#1819=DIRECTION('center_axis',(0.,1.,0.));
#1820=DIRECTION('ref_axis',(0.,0.,1.));
#1821=DIRECTION('center_axis',(0.,1.,0.));
#1822=DIRECTION('ref_axis',(0.,0.,1.));
#1823=DIRECTION('center_axis',(0.,1.,0.));
#1824=DIRECTION('ref_axis',(0.,0.,1.));
#1825=DIRECTION('center_axis',(0.,1.,0.));
#1826=DIRECTION('ref_axis',(0.,0.,1.));
#1827=DIRECTION('center_axis',(0.,1.,0.));
#1828=DIRECTION('ref_axis',(0.,0.,1.));
#1829=DIRECTION('center_axis',(0.,1.,0.));
#1830=DIRECTION('ref_axis',(0.,0.,1.));
#1831=DIRECTION('',(0.,1.,0.));
#1832=DIRECTION('center_axis',(0.,-1.,0.));
#1833=DIRECTION('ref_axis',(0.,0.,-1.));
#1834=DIRECTION('center_axis',(0.,-1.,0.));
#1835=DIRECTION('ref_axis',(0.,0.,-1.));
#1836=DIRECTION('center_axis',(0.,1.,0.));
#1837=DIRECTION('ref_axis',(0.,0.,1.));
#1838=DIRECTION('center_axis',(0.,1.,0.));
#1839=DIRECTION('ref_axis',(0.,0.,1.));
#1840=DIRECTION('center_axis',(0.,1.,0.));
#1841=DIRECTION('ref_axis',(0.,0.,1.));
#1842=DIRECTION('center_axis',(0.,1.,0.));
#1843=DIRECTION('ref_axis',(0.,0.,1.));
#1844=DIRECTION('center_axis',(0.,1.,0.));
#1845=DIRECTION('ref_axis',(0.,0.,1.));
#1846=DIRECTION('center_axis',(0.,1.,0.));
#1847=DIRECTION('ref_axis',(0.,0.,1.));
#1848=DIRECTION('center_axis',(-1.,1.5770213417971E-16,0.));
#1849=DIRECTION('ref_axis',(0.,0.,1.));
#1850=DIRECTION('',(0.,0.,1.));
#1851=DIRECTION('',(-1.51394048812521E-16,-1.,0.));
#1852=DIRECTION('',(0.,0.,1.));
#1853=DIRECTION('center_axis',(0.,1.,0.));
#1854=DIRECTION('ref_axis',(0.,0.,1.));
#1855=DIRECTION('',(-1.,0.,0.));
#1856=DIRECTION('',(0.,0.,1.));
#1857=DIRECTION('center_axis',(1.,1.5770213417971E-16,0.));
#1858=DIRECTION('ref_axis',(0.,0.,-1.));
#1859=DIRECTION('',(-1.51394048812521E-16,1.,0.));
#1860=DIRECTION('',(0.,0.,1.));
#1861=DIRECTION('center_axis',(0.,-1.,0.));
#1862=DIRECTION('ref_axis',(0.,0.,-1.));
#1863=DIRECTION('',(1.,0.,0.));
#1864=DIRECTION('center_axis',(0.,0.,1.));
#1865=DIRECTION('ref_axis',(1.,0.,0.));
#1866=DIRECTION('center_axis',(-0.900968867902419,1.5770213417971E-16,0.433883739117559));
#1867=DIRECTION('ref_axis',(0.433883739117559,0.,0.900968867902419));
#1868=DIRECTION('',(0.433883739117559,0.,0.900968867902419));
#1869=DIRECTION('',(-2.01858731750028E-16,-1.,0.));
#1870=DIRECTION('',(0.433883739117559,0.,0.900968867902419));
#1871=DIRECTION('center_axis',(0.,1.,0.));
#1872=DIRECTION('ref_axis',(0.,0.,1.));
#1873=DIRECTION('',(-0.900968867902419,0.,0.433883739117559));
#1874=DIRECTION('',(0.433883739117559,0.,0.900968867902419));
#1875=DIRECTION('center_axis',(0.900968867902419,1.5770213417971E-16,-0.433883739117559));
#1876=DIRECTION('ref_axis',(-0.433883739117559,0.,-0.900968867902419));
#1877=DIRECTION('',(-1.00929365875014E-16,1.,0.));
#1878=DIRECTION('',(0.43388373911756,0.,0.900968867902418));
#1879=DIRECTION('center_axis',(0.,-1.,0.));
#1880=DIRECTION('ref_axis',(0.,0.,-1.));
#1881=DIRECTION('',(0.900968867902419,0.,-0.433883739117559));
#1882=DIRECTION('center_axis',(0.433883739117559,0.,0.900968867902419));
#1883=DIRECTION('ref_axis',(0.900968867902419,0.,-0.433883739117559));
#1884=DIRECTION('center_axis',(-0.900968867902425,1.5770213417971E-16,-0.433883739117546));
#1885=DIRECTION('ref_axis',(-0.433883739117546,0.,0.900968867902425));
#1886=DIRECTION('',(-0.433883739117547,0.,0.900968867902425));
#1887=DIRECTION('',(-2.01858731750028E-16,-1.,0.));
#1888=DIRECTION('',(-0.433883739117546,0.,0.900968867902425));
#1889=DIRECTION('center_axis',(0.,1.,0.));
#1890=DIRECTION('ref_axis',(0.,0.,1.));
#1891=DIRECTION('',(-0.900968867902425,0.,-0.433883739117546));
#1892=DIRECTION('',(-0.433883739117546,0.,0.900968867902425));
#1893=DIRECTION('center_axis',(0.900968867902425,1.5770213417971E-16,0.433883739117546));
#1894=DIRECTION('ref_axis',(0.433883739117546,0.,-0.900968867902425));
#1895=DIRECTION('',(-1.51394048812521E-16,1.,0.));
#1896=DIRECTION('',(-0.433883739117547,0.,0.900968867902425));
#1897=DIRECTION('center_axis',(0.,-1.,0.));
#1898=DIRECTION('ref_axis',(0.,0.,-1.));
#1899=DIRECTION('',(0.900968867902425,0.,0.433883739117546));
#1900=DIRECTION('center_axis',(-0.433883739117546,0.,0.900968867902425));
#1901=DIRECTION('ref_axis',(0.900968867902425,0.,0.433883739117546));
#1902=DIRECTION('center_axis',(-0.623489801858743,1.5770213417971E-16,-0.781831482468022));
#1903=DIRECTION('ref_axis',(-0.781831482468022,0.,0.623489801858743));
#1904=DIRECTION('',(-0.781831482468022,0.,0.623489801858743));
#1905=DIRECTION('',(-2.01858731750028E-16,-1.,-1.00929365875014E-16));
#1906=DIRECTION('',(-0.781831482468022,0.,0.623489801858744));
#1907=DIRECTION('center_axis',(0.,1.,0.));
#1908=DIRECTION('ref_axis',(0.,0.,1.));
#1909=DIRECTION('',(-0.623489801858743,0.,-0.781831482468022));
#1910=DIRECTION('',(-0.781831482468022,0.,0.623489801858744));
#1911=DIRECTION('center_axis',(0.623489801858743,1.5770213417971E-16,0.781831482468022));
#1912=DIRECTION('ref_axis',(0.781831482468022,0.,-0.623489801858743));
#1913=DIRECTION('',(-2.01858731750028E-16,1.,0.));
#1914=DIRECTION('',(-0.781831482468022,0.,0.623489801858743));
#1915=DIRECTION('center_axis',(0.,-1.,0.));
#1916=DIRECTION('ref_axis',(0.,0.,-1.));
#1917=DIRECTION('',(0.623489801858743,0.,0.781831482468022));
#1918=DIRECTION('center_axis',(-0.781831482468022,0.,0.623489801858743));
#1919=DIRECTION('ref_axis',(0.623489801858743,0.,0.781831482468022));
#1920=DIRECTION('center_axis',(-0.222520933956325,1.5770213417971E-16,-0.974927912181821));
#1921=DIRECTION('ref_axis',(-0.974927912181821,0.,0.222520933956325));
#1922=DIRECTION('',(-0.974927912181821,0.,0.222520933956325));
#1923=DIRECTION('',(0.,-1.,-1.76626390281275E-16));
#1924=DIRECTION('',(-0.974927912181821,0.,0.222520933956325));
#1925=DIRECTION('center_axis',(0.,1.,0.));
#1926=DIRECTION('ref_axis',(0.,0.,1.));
#1927=DIRECTION('',(-0.222520933956324,0.,-0.974927912181821));
#1928=DIRECTION('',(-0.974927912181821,0.,0.222520933956325));
#1929=DIRECTION('center_axis',(0.222520933956325,1.5770213417971E-16,0.974927912181821));
#1930=DIRECTION('ref_axis',(0.974927912181821,0.,-0.222520933956325));
#1931=DIRECTION('',(0.,1.,-2.01858731750028E-16));
#1932=DIRECTION('',(-0.974927912181821,0.,0.222520933956325));
#1933=DIRECTION('center_axis',(0.,-1.,0.));
#1934=DIRECTION('ref_axis',(0.,0.,-1.));
#1935=DIRECTION('',(0.222520933956324,0.,0.974927912181822));
#1936=DIRECTION('center_axis',(-0.974927912181821,0.,0.222520933956325));
#1937=DIRECTION('ref_axis',(0.222520933956325,0.,0.974927912181821));
#1938=DIRECTION('center_axis',(0.222520933956305,1.5770213417971E-16,-0.974927912181826));
#1939=DIRECTION('ref_axis',(-0.974927912181826,0.,-0.222520933956305));
#1940=DIRECTION('',(-0.974927912181826,0.,-0.222520933956305));
#1941=DIRECTION('',(0.,-1.,-2.01858731750028E-16));
#1942=DIRECTION('',(-0.974927912181826,0.,-0.222520933956305));
#1943=DIRECTION('center_axis',(0.,1.,0.));
#1944=DIRECTION('ref_axis',(0.,0.,1.));
#1945=DIRECTION('',(0.222520933956305,0.,-0.974927912181826));
#1946=DIRECTION('',(-0.974927912181826,0.,-0.222520933956305));
#1947=DIRECTION('center_axis',(-0.222520933956305,1.5770213417971E-16,0.974927912181826));
#1948=DIRECTION('ref_axis',(0.974927912181826,0.,0.222520933956305));
#1949=DIRECTION('',(0.,1.,-1.76626390281275E-16));
#1950=DIRECTION('',(-0.974927912181826,0.,-0.222520933956305));
#1951=DIRECTION('center_axis',(0.,-1.,0.));
#1952=DIRECTION('ref_axis',(0.,0.,-1.));
#1953=DIRECTION('',(-0.222520933956305,0.,0.974927912181826));
#1954=DIRECTION('center_axis',(-0.974927912181826,0.,-0.222520933956305));
#1955=DIRECTION('ref_axis',(-0.222520933956305,0.,0.974927912181826));
#1956=DIRECTION('center_axis',(0.623489801858727,1.5770213417971E-16,-0.781831482468035));
#1957=DIRECTION('ref_axis',(-0.781831482468035,0.,-0.623489801858727));
#1958=DIRECTION('',(-0.781831482468035,0.,-0.623489801858727));
#1959=DIRECTION('',(2.01858731750028E-16,-1.,-2.01858731750028E-16));
#1960=DIRECTION('',(-0.781831482468036,0.,-0.623489801858726));
#1961=DIRECTION('center_axis',(0.,1.,0.));
#1962=DIRECTION('ref_axis',(0.,0.,1.));
#1963=DIRECTION('',(0.623489801858727,0.,-0.781831482468035));
#1964=DIRECTION('',(-0.781831482468036,0.,-0.623489801858726));
#1965=DIRECTION('center_axis',(-0.623489801858727,1.5770213417971E-16,0.781831482468035));
#1966=DIRECTION('ref_axis',(0.781831482468035,0.,0.623489801858727));
#1967=DIRECTION('',(2.01858731750028E-16,1.,-2.01858731750028E-16));
#1968=DIRECTION('',(-0.781831482468035,0.,-0.623489801858727));
#1969=DIRECTION('center_axis',(0.,-1.,0.));
#1970=DIRECTION('ref_axis',(0.,0.,-1.));
#1971=DIRECTION('',(-0.623489801858727,0.,0.781831482468035));
#1972=DIRECTION('center_axis',(-0.781831482468035,0.,-0.623489801858727));
#1973=DIRECTION('ref_axis',(-0.623489801858727,0.,0.781831482468035));
#1974=DIRECTION('center_axis',(0.900968867902416,1.5770213417971E-16,-0.433883739117565));
#1975=DIRECTION('ref_axis',(-0.433883739117565,0.,-0.900968867902416));
#1976=DIRECTION('',(-0.433883739117565,0.,-0.900968867902416));
#1977=DIRECTION('',(2.01858731750028E-16,-1.,0.));
#1978=DIRECTION('',(-0.433883739117565,0.,-0.900968867902416));
#1979=DIRECTION('center_axis',(0.,1.,0.));
#1980=DIRECTION('ref_axis',(0.,0.,1.));
#1981=DIRECTION('',(0.900968867902416,0.,-0.433883739117565));
#1982=DIRECTION('',(-0.433883739117565,0.,-0.900968867902416));
#1983=DIRECTION('center_axis',(-0.900968867902416,1.5770213417971E-16,0.433883739117565));
#1984=DIRECTION('ref_axis',(0.433883739117565,0.,0.900968867902416));
#1985=DIRECTION('',(1.00929365875014E-16,1.,0.));
#1986=DIRECTION('',(-0.433883739117565,0.,-0.900968867902416));
#1987=DIRECTION('center_axis',(0.,-1.,0.));
#1988=DIRECTION('ref_axis',(0.,0.,-1.));
#1989=DIRECTION('',(-0.900968867902416,0.,0.433883739117565));
#1990=DIRECTION('center_axis',(-0.433883739117565,0.,-0.900968867902416));
#1991=DIRECTION('ref_axis',(-0.900968867902416,0.,0.433883739117565));
#1992=DIRECTION('center_axis',(1.,1.5770213417971E-16,0.));
#1993=DIRECTION('ref_axis',(0.,0.,-1.));
#1994=DIRECTION('',(0.,0.,-1.));
#1995=DIRECTION('',(1.51394048812521E-16,-1.,0.));
#1996=DIRECTION('',(0.,0.,-1.));
#1997=DIRECTION('center_axis',(0.,1.,0.));
#1998=DIRECTION('ref_axis',(0.,0.,1.));
#1999=DIRECTION('',(1.,0.,0.));
#2000=DIRECTION('',(0.,0.,-1.));
#2001=DIRECTION('center_axis',(-1.,1.5770213417971E-16,0.));
#2002=DIRECTION('ref_axis',(0.,0.,1.));
#2003=DIRECTION('',(1.51394048812521E-16,1.,0.));
#2004=DIRECTION('',(0.,0.,-1.));
#2005=DIRECTION('center_axis',(0.,-1.,0.));
#2006=DIRECTION('ref_axis',(0.,0.,-1.));
#2007=DIRECTION('',(-1.,0.,0.));
#2008=DIRECTION('center_axis',(0.,0.,-1.));
#2009=DIRECTION('ref_axis',(-1.,0.,0.));
#2010=DIRECTION('center_axis',(0.900968867902422,1.5770213417971E-16,0.433883739117553));
#2011=DIRECTION('ref_axis',(0.433883739117553,0.,-0.900968867902422));
#2012=DIRECTION('',(0.433883739117552,0.,-0.900968867902422));
#2013=DIRECTION('',(2.01858731750028E-16,-1.,0.));
#2014=DIRECTION('',(0.433883739117553,0.,-0.900968867902422));
#2015=DIRECTION('center_axis',(0.,1.,0.));
#2016=DIRECTION('ref_axis',(0.,0.,1.));
#2017=DIRECTION('',(0.900968867902422,0.,0.433883739117553));
#2018=DIRECTION('',(0.433883739117552,0.,-0.900968867902422));
#2019=DIRECTION('center_axis',(-0.900968867902422,1.5770213417971E-16,-0.433883739117553));
#2020=DIRECTION('ref_axis',(-0.433883739117553,0.,0.900968867902422));
#2021=DIRECTION('',(1.51394048812521E-16,1.,0.));
#2022=DIRECTION('',(0.433883739117552,0.,-0.900968867902422));
#2023=DIRECTION('center_axis',(0.,-1.,0.));
#2024=DIRECTION('ref_axis',(0.,0.,-1.));
#2025=DIRECTION('',(-0.900968867902422,0.,-0.433883739117553));
#2026=DIRECTION('center_axis',(0.433883739117553,0.,-0.900968867902422));
#2027=DIRECTION('ref_axis',(-0.900968867902422,0.,-0.433883739117553));
#2028=DIRECTION('center_axis',(0.623489801858737,1.5770213417971E-16,0.781831482468027));
#2029=DIRECTION('ref_axis',(0.781831482468027,0.,-0.623489801858737));
#2030=DIRECTION('',(0.781831482468027,0.,-0.623489801858736));
#2031=DIRECTION('',(0.,-1.,1.00929365875014E-16));
#2032=DIRECTION('',(0.781831482468027,0.,-0.623489801858737));
#2033=DIRECTION('center_axis',(0.,1.,0.));
#2034=DIRECTION('ref_axis',(0.,0.,1.));
#2035=DIRECTION('',(0.623489801858737,0.,0.781831482468027));
#2036=DIRECTION('',(0.781831482468027,0.,-0.623489801858737));
#2037=DIRECTION('center_axis',(-0.623489801858737,1.5770213417971E-16,-0.781831482468027));
#2038=DIRECTION('ref_axis',(-0.781831482468027,0.,0.623489801858737));
#2039=DIRECTION('',(2.01858731750028E-16,1.,0.));
#2040=DIRECTION('',(0.781831482468026,0.,-0.623489801858738));
#2041=DIRECTION('center_axis',(0.,-1.,0.));
#2042=DIRECTION('ref_axis',(0.,0.,-1.));
#2043=DIRECTION('',(-0.623489801858737,0.,-0.781831482468027));
#2044=DIRECTION('center_axis',(0.781831482468027,0.,-0.623489801858737));
#2045=DIRECTION('ref_axis',(-0.623489801858737,0.,-0.781831482468027));
#2046=DIRECTION('center_axis',(0.222520933956318,1.5770213417971E-16,0.974927912181823));
#2047=DIRECTION('ref_axis',(0.974927912181823,0.,-0.222520933956318));
#2048=DIRECTION('',(0.974927912181823,0.,-0.222520933956318));
#2049=DIRECTION('',(0.,-1.,1.51394048812521E-16));
#2050=DIRECTION('',(0.974927912181823,0.,-0.222520933956318));
#2051=DIRECTION('center_axis',(0.,1.,0.));
#2052=DIRECTION('ref_axis',(0.,0.,1.));
#2053=DIRECTION('',(0.222520933956318,0.,0.974927912181823));
#2054=DIRECTION('',(0.974927912181823,0.,-0.222520933956318));
#2055=DIRECTION('center_axis',(-0.222520933956318,1.5770213417971E-16,-0.974927912181823));
#2056=DIRECTION('ref_axis',(-0.974927912181823,0.,0.222520933956318));
#2057=DIRECTION('',(0.,1.,1.00929365875014E-16));
#2058=DIRECTION('',(0.974927912181823,0.,-0.222520933956318));
#2059=DIRECTION('center_axis',(0.,-1.,0.));
#2060=DIRECTION('ref_axis',(0.,0.,-1.));
#2061=DIRECTION('',(-0.222520933956318,0.,-0.974927912181823));
#2062=DIRECTION('center_axis',(0.974927912181823,0.,-0.222520933956318));
#2063=DIRECTION('ref_axis',(-0.222520933956318,0.,-0.974927912181823));
#2064=DIRECTION('center_axis',(-0.222520933956311,1.5770213417971E-16,0.974927912181824));
#2065=DIRECTION('ref_axis',(0.974927912181824,0.,0.222520933956311));
#2066=DIRECTION('',(0.974927912181824,0.,0.222520933956312));
#2067=DIRECTION('',(0.,-1.,1.00929365875014E-16));
#2068=DIRECTION('',(0.974927912181824,0.,0.222520933956312));
#2069=DIRECTION('center_axis',(0.,1.,0.));
#2070=DIRECTION('ref_axis',(0.,0.,1.));
#2071=DIRECTION('',(-0.222520933956311,0.,0.974927912181824));
#2072=DIRECTION('',(0.974927912181824,0.,0.222520933956311));
#2073=DIRECTION('center_axis',(0.222520933956311,1.5770213417971E-16,-0.974927912181824));
#2074=DIRECTION('ref_axis',(-0.974927912181824,0.,-0.222520933956311));
#2075=DIRECTION('',(0.,1.,1.51394048812521E-16));
#2076=DIRECTION('',(0.974927912181824,0.,0.222520933956311));
#2077=DIRECTION('center_axis',(0.,-1.,0.));
#2078=DIRECTION('ref_axis',(0.,0.,-1.));
#2079=DIRECTION('',(0.222520933956311,0.,-0.974927912181824));
#2080=DIRECTION('center_axis',(0.974927912181824,0.,0.222520933956311));
#2081=DIRECTION('ref_axis',(0.222520933956311,0.,-0.974927912181824));
#2082=DIRECTION('center_axis',(-0.623489801858732,1.5770213417971E-16,0.781831482468031));
#2083=DIRECTION('ref_axis',(0.781831482468031,0.,0.623489801858732));
#2084=DIRECTION('',(0.781831482468031,0.,0.623489801858733));
#2085=DIRECTION('',(-2.01858731750028E-16,-1.,0.));
#2086=DIRECTION('',(0.781831482468031,0.,0.623489801858732));
#2087=DIRECTION('center_axis',(0.,1.,0.));
#2088=DIRECTION('ref_axis',(0.,0.,1.));
#2089=DIRECTION('',(-0.623489801858732,0.,0.781831482468031));
#2090=DIRECTION('',(0.781831482468031,0.,0.623489801858732));
#2091=DIRECTION('center_axis',(0.623489801858732,1.5770213417971E-16,-0.781831482468031));
#2092=DIRECTION('ref_axis',(-0.781831482468031,0.,-0.623489801858732));
#2093=DIRECTION('',(-2.01858731750028E-16,1.,2.01858731750028E-16));
#2094=DIRECTION('',(0.781831482468031,0.,0.623489801858732));
#2095=DIRECTION('center_axis',(0.,-1.,0.));
#2096=DIRECTION('ref_axis',(0.,0.,-1.));
#2097=DIRECTION('',(0.623489801858732,0.,-0.781831482468031));
#2098=DIRECTION('center_axis',(0.781831482468031,0.,0.623489801858732));
#2099=DIRECTION('ref_axis',(0.623489801858732,0.,-0.781831482468031));
#2100=DIRECTION('center_axis',(0.,-1.,0.));
#2101=DIRECTION('ref_axis',(0.,0.,-1.));
#2102=DIRECTION('',(0.,-1.,0.));
#2103=DIRECTION('center_axis',(0.,1.,0.));
#2104=DIRECTION('ref_axis',(0.,0.,1.));
#2105=DIRECTION('center_axis',(0.,1.,0.));
#2106=DIRECTION('ref_axis',(0.,0.,1.));
#2107=DIRECTION('',(0.,1.,0.));
#2108=DIRECTION('center_axis',(0.,1.,0.));
#2109=DIRECTION('ref_axis',(0.,0.,1.));
#2110=DIRECTION('center_axis',(0.,-1.,0.));
#2111=DIRECTION('ref_axis',(0.,0.,-1.));
#2112=DIRECTION('',(-8.65956056235492E-17,-0.707106781186549,0.707106781186546));
#2113=DIRECTION('center_axis',(0.,1.,0.));
#2114=DIRECTION('ref_axis',(0.,0.,1.));
#2115=DIRECTION('center_axis',(0.,1.,0.));
#2116=DIRECTION('ref_axis',(0.,0.,1.));
#2117=DIRECTION('',(0.,1.,0.));
#2118=DIRECTION('center_axis',(0.,1.,0.));
#2119=DIRECTION('ref_axis',(0.,0.,1.));
#2120=DIRECTION('center_axis',(0.,1.,0.));
#2121=DIRECTION('ref_axis',(0.,0.,1.));
#2122=DIRECTION('center_axis',(0.,1.,0.));
#2123=DIRECTION('ref_axis',(0.,0.,1.));
#2124=DIRECTION('',(0.,1.,0.));
#2125=DIRECTION('center_axis',(0.,1.,0.));
#2126=DIRECTION('ref_axis',(0.,0.,1.));
#2127=DIRECTION('center_axis',(0.,1.,0.));
#2128=DIRECTION('ref_axis',(0.,0.,1.));
#2129=DIRECTION('center_axis',(0.,1.,0.));
#2130=DIRECTION('ref_axis',(0.,0.,1.));
#2131=DIRECTION('',(0.,1.,0.));
#2132=DIRECTION('center_axis',(0.,1.,0.));
#2133=DIRECTION('ref_axis',(0.,0.,1.));
#2134=DIRECTION('center_axis',(0.,-1.,0.));
#2135=DIRECTION('ref_axis',(0.,0.,-1.));
#2136=DIRECTION('',(-8.65956056235491E-17,-0.707106781186549,0.707106781186546));
#2137=DIRECTION('center_axis',(0.,-1.,0.));
#2138=DIRECTION('ref_axis',(0.,0.,-1.));
#2139=DIRECTION('',(-8.65956056235492E-17,-0.707106781186549,0.707106781186546));
#2140=DIRECTION('center_axis',(0.,-1.,0.));
#2141=DIRECTION('ref_axis',(0.,0.,-1.));
#2142=DIRECTION('',(-8.65956056235492E-17,-0.707106781186549,0.707106781186546));
#2143=DIRECTION('center_axis',(0.,1.,0.));
#2144=DIRECTION('ref_axis',(0.,0.,1.));
#2145=DIRECTION('center_axis',(0.,1.,0.));
#2146=DIRECTION('ref_axis',(0.,0.,1.));
#2147=DIRECTION('',(-8.65956056235493E-17,0.707106781186547,-0.707106781186547));
#2148=DIRECTION('center_axis',(0.,-1.,0.));
#2149=DIRECTION('ref_axis',(0.,0.,-1.));
#2150=DIRECTION('center_axis',(0.,1.,0.));
#2151=DIRECTION('ref_axis',(0.,0.,1.));
#2152=DIRECTION('center_axis',(0.,-1.,0.));
#2153=DIRECTION('ref_axis',(0.,0.,-1.));
#2154=DIRECTION('center_axis',(-1.,0.,-1.22464679914735E-16));
#2155=DIRECTION('ref_axis',(-1.22464679914735E-16,0.,1.));
#2156=DIRECTION('center_axis',(0.,1.,0.));
#2157=DIRECTION('ref_axis',(0.,0.,1.));
#2158=DIRECTION('center_axis',(-1.,0.,1.22464679914735E-16));
#2159=DIRECTION('ref_axis',(-1.22464679914735E-16,0.,-1.));
#2160=CARTESIAN_POINT('',(0.,0.,0.));
#2161=CARTESIAN_POINT('Origin',(0.,15.,0.));
#2162=CARTESIAN_POINT('',(0.,0.,17.));
#2163=CARTESIAN_POINT('Origin',(0.,0.,0.));
#2164=CARTESIAN_POINT('',(-2.0818995585505E-15,2.,17.));
#2165=CARTESIAN_POINT('',(-2.0818995585505E-15,15.,17.));
#2166=CARTESIAN_POINT('',(-2.,2.,16.8819430161341));
#2167=CARTESIAN_POINT('Origin',(0.,2.,0.));
#2168=CARTESIAN_POINT('',(-2.,13.,16.8819430161341));
#2169=CARTESIAN_POINT('',(-2.,13.,16.8819430161341));
#2170=CARTESIAN_POINT('',(-2.0818995585505E-15,13.,17.));
#2171=CARTESIAN_POINT('Origin',(0.,13.,0.));
#2172=CARTESIAN_POINT('',(0.,15.,17.));
#2173=CARTESIAN_POINT('',(-2.0818995585505E-15,15.,17.));
#2174=CARTESIAN_POINT('Origin',(0.,15.,0.));
#2175=CARTESIAN_POINT('',(2.,13.,16.8819430161341));
#2176=CARTESIAN_POINT('Origin',(0.,13.,0.));
#2177=CARTESIAN_POINT('',(2.,2.,16.8819430161341));
#2178=CARTESIAN_POINT('',(2.,13.,16.8819430161341));
#2179=CARTESIAN_POINT('Origin',(0.,2.,0.));
#2180=CARTESIAN_POINT('',(14.4458141389624,13.,8.96205634118381));
#2181=CARTESIAN_POINT('',(14.4458141389624,2.,8.96205634118381));
#2182=CARTESIAN_POINT('',(14.4458141389624,13.,8.96205634118381));
#2183=CARTESIAN_POINT('',(11.9518549315275,2.,12.0893822710559));
#2184=CARTESIAN_POINT('Origin',(0.,2.,0.));
#2185=CARTESIAN_POINT('',(11.9518549315275,13.,12.0893822710559));
#2186=CARTESIAN_POINT('',(11.9518549315275,13.,12.0893822710559));
#2187=CARTESIAN_POINT('Origin',(0.,13.,0.));
#2188=CARTESIAN_POINT('',(16.9037193262048,13.,1.80672990258375));
#2189=CARTESIAN_POINT('',(16.9037193262048,2.,1.80672990258375));
#2190=CARTESIAN_POINT('',(16.9037193262048,13.,1.80672990258375));
#2191=CARTESIAN_POINT('',(16.0136355903796,2.,5.70644155131105));
#2192=CARTESIAN_POINT('Origin',(0.,2.,0.));
#2193=CARTESIAN_POINT('',(16.0136355903796,13.,5.70644155131105));
#2194=CARTESIAN_POINT('',(16.0136355903796,13.,5.70644155131105));
#2195=CARTESIAN_POINT('Origin',(0.,13.,0.));
#2196=CARTESIAN_POINT('',(16.0136355903795,13.,-5.70644155131116));
#2197=CARTESIAN_POINT('',(16.0136355903795,2.,-5.70644155131116));
#2198=CARTESIAN_POINT('',(16.0136355903795,13.,-5.70644155131116));
#2199=CARTESIAN_POINT('',(16.9037193262048,2.,-1.80672990258386));
#2200=CARTESIAN_POINT('Origin',(0.,2.,0.));
#2201=CARTESIAN_POINT('',(16.9037193262048,13.,-1.80672990258387));
#2202=CARTESIAN_POINT('',(16.9037193262048,13.,-1.80672990258387));
#2203=CARTESIAN_POINT('Origin',(0.,13.,0.));
#2204=CARTESIAN_POINT('',(11.9518549315274,13.,-12.089382271056));
#2205=CARTESIAN_POINT('',(11.9518549315274,2.,-12.089382271056));
#2206=CARTESIAN_POINT('',(11.9518549315274,13.,-12.089382271056));
#2207=CARTESIAN_POINT('',(14.4458141389624,2.,-8.96205634118391));
#2208=CARTESIAN_POINT('Origin',(0.,2.,0.));
#2209=CARTESIAN_POINT('',(14.4458141389624,13.,-8.96205634118391));
#2210=CARTESIAN_POINT('',(14.4458141389624,13.,-8.96205634118391));
#2211=CARTESIAN_POINT('Origin',(0.,13.,0.));
#2212=CARTESIAN_POINT('',(5.52286282360489,13.,-16.0778725654747));
#2213=CARTESIAN_POINT('',(5.52286282360489,2.,-16.0778725654747));
#2214=CARTESIAN_POINT('',(5.52286282360489,13.,-16.0778725654747));
#2215=CARTESIAN_POINT('',(9.12673829521458,2.,-14.3423376090045));
#2216=CARTESIAN_POINT('Origin',(0.,2.,0.));
#2217=CARTESIAN_POINT('',(9.12673829521458,13.,-14.3423376090045));
#2218=CARTESIAN_POINT('',(9.12673829521458,13.,-14.3423376090045));
#2219=CARTESIAN_POINT('Origin',(0.,13.,0.));
#2220=CARTESIAN_POINT('',(-2.,2.,-16.8819430161341));
#2221=CARTESIAN_POINT('',(2.,2.,-16.8819430161341));
#2222=CARTESIAN_POINT('Origin',(0.,2.,0.));
#2223=CARTESIAN_POINT('',(2.,13.,-16.8819430161341));
#2224=CARTESIAN_POINT('',(2.,13.,-16.8819430161341));
#2225=CARTESIAN_POINT('',(-2.,13.,-16.8819430161341));
#2226=CARTESIAN_POINT('Origin',(0.,13.,0.));
#2227=CARTESIAN_POINT('',(-2.,13.,-16.8819430161341));
#2228=CARTESIAN_POINT('',(-9.12673829521477,13.,-14.3423376090043));
#2229=CARTESIAN_POINT('',(-9.12673829521478,2.,-14.3423376090043));
#2230=CARTESIAN_POINT('',(-9.12673829521478,13.,-14.3423376090043));
#2231=CARTESIAN_POINT('',(-5.52286282360511,2.,-16.0778725654746));
#2232=CARTESIAN_POINT('Origin',(0.,2.,0.));
#2233=CARTESIAN_POINT('',(-5.52286282360511,13.,-16.0778725654746));
#2234=CARTESIAN_POINT('',(-5.52286282360511,13.,-16.0778725654746));
#2235=CARTESIAN_POINT('Origin',(0.,13.,0.));
#2236=CARTESIAN_POINT('',(-14.4458141389625,13.,-8.96205634118371));
#2237=CARTESIAN_POINT('',(-14.4458141389625,2.,-8.96205634118371));
#2238=CARTESIAN_POINT('',(-14.4458141389625,13.,-8.96205634118371));
#2239=CARTESIAN_POINT('',(-11.9518549315276,2.,-12.0893822710559));
#2240=CARTESIAN_POINT('Origin',(0.,2.,0.));
#2241=CARTESIAN_POINT('',(-11.9518549315276,13.,-12.0893822710559));
#2242=CARTESIAN_POINT('',(-11.9518549315276,13.,-12.0893822710559));
#2243=CARTESIAN_POINT('Origin',(0.,13.,0.));
#2244=CARTESIAN_POINT('',(-16.9037193262048,13.,-1.80672990258364));
#2245=CARTESIAN_POINT('',(-16.9037193262048,2.,-1.80672990258363));
#2246=CARTESIAN_POINT('',(-16.9037193262048,13.,-1.80672990258364));
#2247=CARTESIAN_POINT('',(-16.0136355903796,2.,-5.70644155131094));
#2248=CARTESIAN_POINT('Origin',(0.,2.,0.));
#2249=CARTESIAN_POINT('',(-16.0136355903796,13.,-5.70644155131094));
#2250=CARTESIAN_POINT('',(-16.0136355903796,13.,-5.70644155131094));
#2251=CARTESIAN_POINT('Origin',(0.,13.,0.));
#2252=CARTESIAN_POINT('',(-16.0136355903795,13.,5.70644155131126));
#2253=CARTESIAN_POINT('',(-16.0136355903795,2.,5.70644155131126));
#2254=CARTESIAN_POINT('',(-16.0136355903795,13.,5.70644155131126));
#2255=CARTESIAN_POINT('',(-16.9037193262048,2.,1.80672990258397));
#2256=CARTESIAN_POINT('Origin',(0.,2.,0.));
#2257=CARTESIAN_POINT('',(-16.9037193262048,13.,1.80672990258398));
#2258=CARTESIAN_POINT('',(-16.9037193262048,13.,1.80672990258398));
#2259=CARTESIAN_POINT('Origin',(0.,13.,0.));
#2260=CARTESIAN_POINT('',(-11.9518549315273,13.,12.0893822710561));
#2261=CARTESIAN_POINT('',(-11.9518549315273,2.,12.0893822710561));
#2262=CARTESIAN_POINT('',(-11.9518549315273,13.,12.0893822710561));
#2263=CARTESIAN_POINT('',(-14.4458141389623,2.,8.96205634118402));
#2264=CARTESIAN_POINT('Origin',(0.,2.,0.));
#2265=CARTESIAN_POINT('',(-14.4458141389623,13.,8.96205634118402));
#2266=CARTESIAN_POINT('',(-14.4458141389623,13.,8.96205634118402));
#2267=CARTESIAN_POINT('Origin',(0.,13.,0.));
#2268=CARTESIAN_POINT('',(-5.52286282360478,13.,16.0778725654747));
#2269=CARTESIAN_POINT('',(-5.52286282360478,2.,16.0778725654747));
#2270=CARTESIAN_POINT('',(-5.52286282360478,13.,16.0778725654747));
#2271=CARTESIAN_POINT('',(-9.12673829521448,2.,14.3423376090045));
#2272=CARTESIAN_POINT('Origin',(0.,2.,0.));
#2273=CARTESIAN_POINT('',(-9.12673829521447,13.,14.3423376090045));
#2274=CARTESIAN_POINT('',(-9.12673829521447,13.,14.3423376090045));
#2275=CARTESIAN_POINT('Origin',(0.,13.,0.));
#2276=CARTESIAN_POINT('',(9.12673829521468,13.,14.3423376090044));
#2277=CARTESIAN_POINT('',(9.12673829521468,2.,14.3423376090044));
#2278=CARTESIAN_POINT('',(9.12673829521468,13.,14.3423376090044));
#2279=CARTESIAN_POINT('',(5.522862823605,2.,16.0778725654746));
#2280=CARTESIAN_POINT('Origin',(0.,2.,0.));
#2281=CARTESIAN_POINT('',(5.522862823605,13.,16.0778725654746));
#2282=CARTESIAN_POINT('',(5.522862823605,13.,16.0778725654746));
#2283=CARTESIAN_POINT('Origin',(0.,13.,0.));
#2284=CARTESIAN_POINT('Origin',(0.,15.,0.));
#2285=CARTESIAN_POINT('',(-2.06088794130049E-15,15.,-16.8284271247462));
#2286=CARTESIAN_POINT('Origin',(0.,15.,0.));
#2287=CARTESIAN_POINT('Origin',(0.,0.,0.));
#2288=CARTESIAN_POINT('',(6.43126184221337,0.,-5.70050402629816));
#2289=CARTESIAN_POINT('Origin',(6.43126184221337,0.,-8.80050402629817));
#2290=CARTESIAN_POINT('',(8.8005040262981,0.,9.53126184221348));
#2291=CARTESIAN_POINT('Origin',(8.8005040262981,0.,6.43126184221347));
#2292=CARTESIAN_POINT('',(-6.43126184221344,0.,11.9005040262981));
#2293=CARTESIAN_POINT('Origin',(-6.43126184221344,0.,8.80050402629812));
#2294=CARTESIAN_POINT('',(-8.8005040262981,0.,-3.33126184221345));
#2295=CARTESIAN_POINT('Origin',(-8.8005040262981,0.,-6.43126184221347));
#2296=CARTESIAN_POINT('',(0.,0.,7.25));
#2297=CARTESIAN_POINT('Origin',(0.,0.,0.));
#2298=CARTESIAN_POINT('Origin',(0.,2.,0.));
#2299=CARTESIAN_POINT('',(-1.71450551880629E-15,2.,-14.));
#2300=CARTESIAN_POINT('Origin',(0.,2.,0.));
#2301=CARTESIAN_POINT('',(0.,12.1715728752538,-14.));
#2302=CARTESIAN_POINT('',(-1.71450551880629E-15,2.,-14.));
#2303=CARTESIAN_POINT('',(-1.71450551880629E-15,12.1715728752538,14.));
#2304=CARTESIAN_POINT('Origin',(0.,12.1715728752538,0.));
#2305=CARTESIAN_POINT('Origin',(0.,12.1715728752538,0.));
#2306=CARTESIAN_POINT('Origin',(0.,2.,0.));
#2307=CARTESIAN_POINT('',(-6.43126184221344,2.,7.20050402629812));
#2308=CARTESIAN_POINT('Origin',(-6.43126184221344,2.,8.80050402629812));
#2309=CARTESIAN_POINT('',(8.8005040262981,2.,4.83126184221346));
#2310=CARTESIAN_POINT('Origin',(8.8005040262981,2.,6.43126184221347));
#2311=CARTESIAN_POINT('',(6.43126184221337,2.,-10.4005040262982));
#2312=CARTESIAN_POINT('Origin',(6.43126184221337,2.,-8.80050402629817));
#2313=CARTESIAN_POINT('',(-8.8005040262981,2.,-8.03126184221347));
#2314=CARTESIAN_POINT('Origin',(-8.8005040262981,2.,-6.43126184221347));
#2315=CARTESIAN_POINT('',(0.,2.,7.25));
#2316=CARTESIAN_POINT('Origin',(0.,2.,0.));
#2317=CARTESIAN_POINT('Origin',(-2.,13.,15.));
#2318=CARTESIAN_POINT('',(-2.,2.,15.));
#2319=CARTESIAN_POINT('',(-2.,2.,15.));
#2320=CARTESIAN_POINT('',(-2.,13.,15.));
#2321=CARTESIAN_POINT('',(-2.,13.,15.));
#2322=CARTESIAN_POINT('',(-2.,13.,15.));
#2323=CARTESIAN_POINT('Origin',(-2.,13.,15.));
#2324=CARTESIAN_POINT('',(2.,13.,15.));
#2325=CARTESIAN_POINT('',(2.,13.,15.));
#2326=CARTESIAN_POINT('',(2.,13.,15.));
#2327=CARTESIAN_POINT('Origin',(2.,13.,15.));
#2328=CARTESIAN_POINT('',(2.,2.,15.));
#2329=CARTESIAN_POINT('',(2.,2.,15.));
#2330=CARTESIAN_POINT('',(2.,2.,15.));
#2331=CARTESIAN_POINT('Origin',(-2.,2.,15.));
#2332=CARTESIAN_POINT('',(-2.,2.,15.));
#2333=CARTESIAN_POINT('Origin',(0.,0.,15.));
#2334=CARTESIAN_POINT('Origin',(4.70631835095855,13.,14.3823004967714));
#2335=CARTESIAN_POINT('',(4.70631835095855,2.,14.3823004967714));
#2336=CARTESIAN_POINT('',(4.70631835095855,2.,14.3823004967714));
#2337=CARTESIAN_POINT('',(4.70631835095855,13.,14.3823004967714));
#2338=CARTESIAN_POINT('',(4.70631835095855,13.,14.3823004967714));
#2339=CARTESIAN_POINT('',(4.70631835095855,13.,14.3823004967714));
#2340=CARTESIAN_POINT('Origin',(4.70631835095855,13.,14.3823004967714));
#2341=CARTESIAN_POINT('',(8.31019382256822,13.,12.6467655403012));
#2342=CARTESIAN_POINT('',(8.31019382256822,13.,12.6467655403012));
#2343=CARTESIAN_POINT('',(8.31019382256822,13.,12.6467655403012));
#2344=CARTESIAN_POINT('Origin',(8.31019382256822,13.,12.6467655403012));
#2345=CARTESIAN_POINT('',(8.31019382256822,2.,12.6467655403012));
#2346=CARTESIAN_POINT('',(8.31019382256822,2.,12.6467655403012));
#2347=CARTESIAN_POINT('',(8.31019382256822,2.,12.6467655403012));
#2348=CARTESIAN_POINT('Origin',(4.70631835095855,2.,14.3823004967714));
#2349=CARTESIAN_POINT('',(4.70631835095855,2.,14.3823004967714));
#2350=CARTESIAN_POINT('Origin',(6.50825608676339,0.,13.5145330185363));
#2351=CARTESIAN_POINT('Origin',(-8.31019382256805,13.,12.6467655403013));
#2352=CARTESIAN_POINT('',(-8.31019382256805,2.,12.6467655403013));
#2353=CARTESIAN_POINT('',(-8.31019382256805,2.,12.6467655403013));
#2354=CARTESIAN_POINT('',(-8.31019382256805,13.,12.6467655403013));
#2355=CARTESIAN_POINT('',(-8.31019382256805,13.,12.6467655403013));
#2356=CARTESIAN_POINT('',(-8.31019382256805,13.,12.6467655403013));
#2357=CARTESIAN_POINT('Origin',(-8.31019382256805,13.,12.6467655403013));
#2358=CARTESIAN_POINT('',(-4.70631835095834,13.,14.3823004967715));
#2359=CARTESIAN_POINT('',(-4.70631835095834,13.,14.3823004967715));
#2360=CARTESIAN_POINT('',(-4.70631835095834,13.,14.3823004967715));
#2361=CARTESIAN_POINT('Origin',(-4.70631835095834,13.,14.3823004967715));
#2362=CARTESIAN_POINT('',(-4.70631835095834,2.,14.3823004967715));
#2363=CARTESIAN_POINT('',(-4.70631835095834,2.,14.3823004967715));
#2364=CARTESIAN_POINT('',(-4.70631835095834,2.,14.3823004967715));
#2365=CARTESIAN_POINT('Origin',(-8.31019382256805,2.,12.6467655403013));
#2366=CARTESIAN_POINT('',(-8.31019382256805,2.,12.6467655403013));
#2367=CARTESIAN_POINT('Origin',(-6.5082560867632,0.,13.5145330185364));
#2368=CARTESIAN_POINT('Origin',(-12.9744518407378,13.,7.7886840629451));
#2369=CARTESIAN_POINT('',(-12.9744518407378,2.,7.7886840629451));
#2370=CARTESIAN_POINT('',(-12.9744518407378,2.,7.7886840629451));
#2371=CARTESIAN_POINT('',(-12.9744518407378,13.,7.7886840629451));
#2372=CARTESIAN_POINT('',(-12.9744518407378,13.,7.7886840629451));
#2373=CARTESIAN_POINT('',(-12.9744518407378,13.,7.7886840629451));
#2374=CARTESIAN_POINT('Origin',(-12.9744518407378,13.,7.7886840629451));
#2375=CARTESIAN_POINT('',(-10.4804926333028,13.,10.9160099928172));
#2376=CARTESIAN_POINT('',(-10.4804926333028,13.,10.9160099928172));
#2377=CARTESIAN_POINT('',(-10.4804926333028,13.,10.9160099928172));
#2378=CARTESIAN_POINT('Origin',(-10.4804926333028,13.,10.9160099928172));
#2379=CARTESIAN_POINT('',(-10.4804926333028,2.,10.9160099928172));
#2380=CARTESIAN_POINT('',(-10.4804926333028,2.,10.9160099928172));
#2381=CARTESIAN_POINT('',(-10.4804926333028,2.,10.9160099928172));
#2382=CARTESIAN_POINT('Origin',(-12.9744518407378,2.,7.7886840629451));
#2383=CARTESIAN_POINT('',(-12.9744518407378,2.,7.7886840629451));
#2384=CARTESIAN_POINT('Origin',(-11.7274722370203,0.,9.35234702788115));
#2385=CARTESIAN_POINT('Origin',(-15.06896055064,13.,1.38795818498123));
#2386=CARTESIAN_POINT('',(-15.06896055064,2.,1.38795818498123));
#2387=CARTESIAN_POINT('',(-15.06896055064,2.,1.38795818498123));
#2388=CARTESIAN_POINT('',(-15.06896055064,13.,1.38795818498123));
#2389=CARTESIAN_POINT('',(-15.06896055064,13.,1.38795818498123));
#2390=CARTESIAN_POINT('',(-15.06896055064,13.,1.38795818498123));
#2391=CARTESIAN_POINT('Origin',(-15.06896055064,13.,1.38795818498123));
#2392=CARTESIAN_POINT('',(-14.1788768148147,13.,5.28766983370851));
#2393=CARTESIAN_POINT('',(-14.1788768148147,13.,5.28766983370851));
#2394=CARTESIAN_POINT('',(-14.1788768148147,13.,5.28766983370851));
#2395=CARTESIAN_POINT('Origin',(-14.1788768148147,13.,5.28766983370851));
#2396=CARTESIAN_POINT('',(-14.1788768148147,2.,5.28766983370851));
#2397=CARTESIAN_POINT('',(-14.1788768148147,2.,5.28766983370851));
#2398=CARTESIAN_POINT('',(-14.1788768148147,2.,5.28766983370851));
#2399=CARTESIAN_POINT('Origin',(-15.06896055064,2.,1.38795818498123));
#2400=CARTESIAN_POINT('',(-15.06896055064,2.,1.38795818498123));
#2401=CARTESIAN_POINT('Origin',(-14.6239186827273,0.,3.33781400934487));
#2402=CARTESIAN_POINT('Origin',(-14.1788768148148,13.,-5.28766983370823));
#2403=CARTESIAN_POINT('',(-14.1788768148148,2.,-5.28766983370823));
#2404=CARTESIAN_POINT('',(-14.1788768148148,2.,-5.28766983370823));
#2405=CARTESIAN_POINT('',(-14.1788768148148,13.,-5.28766983370823));
#2406=CARTESIAN_POINT('',(-14.1788768148148,13.,-5.28766983370823));
#2407=CARTESIAN_POINT('',(-14.1788768148148,13.,-5.28766983370823));
#2408=CARTESIAN_POINT('Origin',(-14.1788768148148,13.,-5.28766983370823));
#2409=CARTESIAN_POINT('',(-15.06896055064,13.,-1.38795818498092));
#2410=CARTESIAN_POINT('',(-15.06896055064,13.,-1.38795818498092));
#2411=CARTESIAN_POINT('',(-15.06896055064,13.,-1.38795818498092));
#2412=CARTESIAN_POINT('Origin',(-15.06896055064,13.,-1.38795818498092));
#2413=CARTESIAN_POINT('',(-15.06896055064,2.,-1.38795818498092));
#2414=CARTESIAN_POINT('',(-15.06896055064,2.,-1.38795818498092));
#2415=CARTESIAN_POINT('',(-15.06896055064,2.,-1.38795818498092));
#2416=CARTESIAN_POINT('Origin',(-14.1788768148148,2.,-5.28766983370823));
#2417=CARTESIAN_POINT('',(-14.1788768148148,2.,-5.28766983370823));
#2418=CARTESIAN_POINT('Origin',(-14.6239186827274,0.,-3.33781400934458));
#2419=CARTESIAN_POINT('Origin',(-10.4804926333031,13.,-10.916009992817));
#2420=CARTESIAN_POINT('',(-10.4804926333031,2.,-10.916009992817));
#2421=CARTESIAN_POINT('',(-10.4804926333031,2.,-10.916009992817));
#2422=CARTESIAN_POINT('',(-10.4804926333031,13.,-10.916009992817));
#2423=CARTESIAN_POINT('',(-10.4804926333031,13.,-10.916009992817));
#2424=CARTESIAN_POINT('',(-10.4804926333031,13.,-10.916009992817));
#2425=CARTESIAN_POINT('Origin',(-10.4804926333031,13.,-10.916009992817));
#2426=CARTESIAN_POINT('',(-12.974451840738,13.,-7.78868406294483));
#2427=CARTESIAN_POINT('',(-12.974451840738,13.,-7.78868406294483));
#2428=CARTESIAN_POINT('',(-12.974451840738,13.,-7.78868406294483));
#2429=CARTESIAN_POINT('Origin',(-12.974451840738,13.,-7.78868406294483));
#2430=CARTESIAN_POINT('',(-12.974451840738,2.,-7.78868406294483));
#2431=CARTESIAN_POINT('',(-12.974451840738,2.,-7.78868406294483));
#2432=CARTESIAN_POINT('',(-12.974451840738,2.,-7.78868406294483));
#2433=CARTESIAN_POINT('Origin',(-10.4804926333031,2.,-10.916009992817));
#2434=CARTESIAN_POINT('',(-10.4804926333031,2.,-10.916009992817));
#2435=CARTESIAN_POINT('Origin',(-11.7274722370205,0.,-9.3523470278809));
#2436=CARTESIAN_POINT('Origin',(-4.70631835095865,13.,-14.3823004967714));
#2437=CARTESIAN_POINT('',(-4.70631835095864,2.,-14.3823004967714));
#2438=CARTESIAN_POINT('',(-4.70631835095864,2.,-14.3823004967714));
#2439=CARTESIAN_POINT('',(-4.70631835095865,13.,-14.3823004967714));
#2440=CARTESIAN_POINT('',(-4.70631835095865,13.,-14.3823004967714));
#2441=CARTESIAN_POINT('',(-4.70631835095865,13.,-14.3823004967714));
#2442=CARTESIAN_POINT('Origin',(-4.70631835095865,13.,-14.3823004967714));
#2443=CARTESIAN_POINT('',(-8.31019382256831,13.,-12.6467655403011));
#2444=CARTESIAN_POINT('',(-8.31019382256831,13.,-12.6467655403011));
#2445=CARTESIAN_POINT('',(-8.31019382256831,13.,-12.6467655403011));
#2446=CARTESIAN_POINT('Origin',(-8.31019382256831,13.,-12.6467655403011));
#2447=CARTESIAN_POINT('',(-8.31019382256831,2.,-12.6467655403011));
#2448=CARTESIAN_POINT('',(-8.31019382256831,2.,-12.6467655403011));
#2449=CARTESIAN_POINT('',(-8.31019382256831,2.,-12.6467655403011));
#2450=CARTESIAN_POINT('Origin',(-4.70631835095864,2.,-14.3823004967714));
#2451=CARTESIAN_POINT('',(-4.70631835095864,2.,-14.3823004967714));
#2452=CARTESIAN_POINT('Origin',(-6.50825608676348,0.,-13.5145330185362));
#2453=CARTESIAN_POINT('Origin',(2.,13.,-15.));
#2454=CARTESIAN_POINT('',(2.,2.,-15.));
#2455=CARTESIAN_POINT('',(2.,2.,-15.));
#2456=CARTESIAN_POINT('',(2.,13.,-15.));
#2457=CARTESIAN_POINT('',(2.,13.,-15.));
#2458=CARTESIAN_POINT('',(2.,13.,-15.));
#2459=CARTESIAN_POINT('Origin',(2.,13.,-15.));
#2460=CARTESIAN_POINT('',(-2.,13.,-15.));
#2461=CARTESIAN_POINT('',(-2.,13.,-15.));
#2462=CARTESIAN_POINT('',(-2.,13.,-15.));
#2463=CARTESIAN_POINT('Origin',(-2.,13.,-15.));
#2464=CARTESIAN_POINT('',(-2.,2.,-15.));
#2465=CARTESIAN_POINT('',(-2.,2.,-15.));
#2466=CARTESIAN_POINT('',(-2.,2.,-15.));
#2467=CARTESIAN_POINT('Origin',(2.,2.,-15.));
#2468=CARTESIAN_POINT('',(2.,2.,-15.));
#2469=CARTESIAN_POINT('Origin',(0.,0.,-15.));
#2470=CARTESIAN_POINT('Origin',(8.31019382256813,13.,-12.6467655403012));
#2471=CARTESIAN_POINT('',(8.31019382256814,2.,-12.6467655403012));
#2472=CARTESIAN_POINT('',(8.31019382256814,2.,-12.6467655403012));
#2473=CARTESIAN_POINT('',(8.31019382256813,13.,-12.6467655403012));
#2474=CARTESIAN_POINT('',(8.31019382256813,13.,-12.6467655403012));
#2475=CARTESIAN_POINT('',(8.31019382256813,13.,-12.6467655403012));
#2476=CARTESIAN_POINT('Origin',(8.31019382256813,13.,-12.6467655403012));
#2477=CARTESIAN_POINT('',(4.70631835095845,13.,-14.3823004967714));
#2478=CARTESIAN_POINT('',(4.70631835095845,13.,-14.3823004967714));
#2479=CARTESIAN_POINT('',(4.70631835095845,13.,-14.3823004967714));
#2480=CARTESIAN_POINT('Origin',(4.70631835095845,13.,-14.3823004967714));
#2481=CARTESIAN_POINT('',(4.70631835095844,2.,-14.3823004967714));
#2482=CARTESIAN_POINT('',(4.70631835095844,2.,-14.3823004967714));
#2483=CARTESIAN_POINT('',(4.70631835095844,2.,-14.3823004967714));
#2484=CARTESIAN_POINT('Origin',(8.31019382256814,2.,-12.6467655403012));
#2485=CARTESIAN_POINT('',(8.31019382256814,2.,-12.6467655403012));
#2486=CARTESIAN_POINT('Origin',(6.50825608676329,0.,-13.5145330185363));
#2487=CARTESIAN_POINT('Origin',(12.9744518407379,13.,-7.78868406294501));
#2488=CARTESIAN_POINT('',(12.9744518407379,2.,-7.78868406294501));
#2489=CARTESIAN_POINT('',(12.9744518407379,2.,-7.78868406294501));
#2490=CARTESIAN_POINT('',(12.9744518407379,13.,-7.78868406294501));
#2491=CARTESIAN_POINT('',(12.9744518407379,13.,-7.78868406294501));
#2492=CARTESIAN_POINT('',(12.9744518407379,13.,-7.78868406294501));
#2493=CARTESIAN_POINT('Origin',(12.9744518407379,13.,-7.78868406294501));
#2494=CARTESIAN_POINT('',(10.4804926333029,13.,-10.9160099928171));
#2495=CARTESIAN_POINT('',(10.4804926333029,13.,-10.9160099928171));
#2496=CARTESIAN_POINT('',(10.4804926333029,13.,-10.9160099928171));
#2497=CARTESIAN_POINT('Origin',(10.4804926333029,13.,-10.9160099928171));
#2498=CARTESIAN_POINT('',(10.4804926333029,2.,-10.9160099928171));
#2499=CARTESIAN_POINT('',(10.4804926333029,2.,-10.9160099928171));
#2500=CARTESIAN_POINT('',(10.4804926333029,2.,-10.9160099928171));
#2501=CARTESIAN_POINT('Origin',(12.9744518407379,2.,-7.78868406294501));
#2502=CARTESIAN_POINT('',(12.9744518407379,2.,-7.78868406294501));
#2503=CARTESIAN_POINT('Origin',(11.7274722370204,0.,-9.35234702788106));
#2504=CARTESIAN_POINT('Origin',(15.06896055064,13.,-1.38795818498113));
#2505=CARTESIAN_POINT('',(15.06896055064,2.,-1.38795818498113));
#2506=CARTESIAN_POINT('',(15.06896055064,2.,-1.38795818498113));
#2507=CARTESIAN_POINT('',(15.06896055064,13.,-1.38795818498113));
#2508=CARTESIAN_POINT('',(15.06896055064,13.,-1.38795818498113));
#2509=CARTESIAN_POINT('',(15.06896055064,13.,-1.38795818498113));
#2510=CARTESIAN_POINT('Origin',(15.06896055064,13.,-1.38795818498113));
#2511=CARTESIAN_POINT('',(14.1788768148147,13.,-5.28766983370842));
#2512=CARTESIAN_POINT('',(14.1788768148147,13.,-5.28766983370842));
#2513=CARTESIAN_POINT('',(14.1788768148147,13.,-5.28766983370842));
#2514=CARTESIAN_POINT('Origin',(14.1788768148147,13.,-5.28766983370842));
#2515=CARTESIAN_POINT('',(14.1788768148147,2.,-5.28766983370842));
#2516=CARTESIAN_POINT('',(14.1788768148147,2.,-5.28766983370842));
#2517=CARTESIAN_POINT('',(14.1788768148147,2.,-5.28766983370842));
#2518=CARTESIAN_POINT('Origin',(15.06896055064,2.,-1.38795818498113));
#2519=CARTESIAN_POINT('',(15.06896055064,2.,-1.38795818498113));
#2520=CARTESIAN_POINT('Origin',(14.6239186827273,0.,-3.33781400934477));
#2521=CARTESIAN_POINT('Origin',(14.1788768148147,13.,5.28766983370832));
#2522=CARTESIAN_POINT('',(14.1788768148147,2.,5.28766983370832));
#2523=CARTESIAN_POINT('',(14.1788768148147,2.,5.28766983370832));
#2524=CARTESIAN_POINT('',(14.1788768148147,13.,5.28766983370832));
#2525=CARTESIAN_POINT('',(14.1788768148147,13.,5.28766983370832));
#2526=CARTESIAN_POINT('',(14.1788768148147,13.,5.28766983370832));
#2527=CARTESIAN_POINT('Origin',(14.1788768148147,13.,5.28766983370832));
#2528=CARTESIAN_POINT('',(15.06896055064,13.,1.38795818498102));
#2529=CARTESIAN_POINT('',(15.06896055064,13.,1.38795818498102));
#2530=CARTESIAN_POINT('',(15.06896055064,13.,1.38795818498102));
#2531=CARTESIAN_POINT('Origin',(15.06896055064,13.,1.38795818498102));
#2532=CARTESIAN_POINT('',(15.06896055064,2.,1.38795818498102));
#2533=CARTESIAN_POINT('',(15.06896055064,2.,1.38795818498102));
#2534=CARTESIAN_POINT('',(15.06896055064,2.,1.38795818498102));
#2535=CARTESIAN_POINT('Origin',(14.1788768148147,2.,5.28766983370832));
#2536=CARTESIAN_POINT('',(14.1788768148147,2.,5.28766983370832));
#2537=CARTESIAN_POINT('Origin',(14.6239186827274,0.,3.33781400934467));
#2538=CARTESIAN_POINT('Origin',(10.480492633303,13.,10.916009992817));
#2539=CARTESIAN_POINT('',(10.480492633303,2.,10.916009992817));
#2540=CARTESIAN_POINT('',(10.480492633303,2.,10.916009992817));
#2541=CARTESIAN_POINT('',(10.480492633303,13.,10.916009992817));
#2542=CARTESIAN_POINT('',(10.480492633303,13.,10.916009992817));
#2543=CARTESIAN_POINT('',(10.480492633303,13.,10.916009992817));
#2544=CARTESIAN_POINT('Origin',(10.480492633303,13.,10.916009992817));
#2545=CARTESIAN_POINT('',(12.9744518407379,13.,7.78868406294492));
#2546=CARTESIAN_POINT('',(12.9744518407379,13.,7.78868406294492));
#2547=CARTESIAN_POINT('',(12.9744518407379,13.,7.78868406294492));
#2548=CARTESIAN_POINT('Origin',(12.9744518407379,13.,7.78868406294492));
#2549=CARTESIAN_POINT('',(12.9744518407379,2.,7.78868406294492));
#2550=CARTESIAN_POINT('',(12.9744518407379,2.,7.78868406294492));
#2551=CARTESIAN_POINT('',(12.9744518407379,2.,7.78868406294492));
#2552=CARTESIAN_POINT('Origin',(10.480492633303,2.,10.916009992817));
#2553=CARTESIAN_POINT('',(10.480492633303,2.,10.916009992817));
#2554=CARTESIAN_POINT('Origin',(11.7274722370205,0.,9.35234702788098));
#2555=CARTESIAN_POINT('Origin',(0.,15.,0.));
#2556=CARTESIAN_POINT('',(-8.87868929381831E-16,15.,7.25));
#2557=CARTESIAN_POINT('Origin',(-8.8005040262981,0.,-6.43126184221347));
#2558=CARTESIAN_POINT('',(-8.8005040262981,1.50000000000002,-4.83126184221347));
#2559=CARTESIAN_POINT('',(-8.8005040262981,1.50000000000002,-8.03126184221347));
#2560=CARTESIAN_POINT('Origin',(-8.8005040262981,1.50000000000002,-6.43126184221347));
#2561=CARTESIAN_POINT('',(-8.8005040262981,0.,-8.03126184221347));
#2562=CARTESIAN_POINT('Origin',(-8.8005040262981,1.50000000000002,-6.43126184221347));
#2563=CARTESIAN_POINT('Origin',(-8.8005040262981,0.,-6.43126184221347));
#2564=CARTESIAN_POINT('',(-8.8005040262981,0.,-3.33126184221345));
#2565=CARTESIAN_POINT('Origin',(6.43126184221337,0.,-8.80050402629817));
#2566=CARTESIAN_POINT('',(6.43126184221337,1.50000000000002,-7.20050402629817));
#2567=CARTESIAN_POINT('',(6.43126184221337,1.50000000000002,-10.4005040262982));
#2568=CARTESIAN_POINT('Origin',(6.43126184221337,1.50000000000002,-8.80050402629817));
#2569=CARTESIAN_POINT('',(6.43126184221337,0.,-10.4005040262982));
#2570=CARTESIAN_POINT('Origin',(6.43126184221337,1.50000000000002,-8.80050402629817));
#2571=CARTESIAN_POINT('Origin',(8.8005040262981,0.,6.43126184221347));
#2572=CARTESIAN_POINT('',(8.8005040262981,1.50000000000002,8.03126184221347));
#2573=CARTESIAN_POINT('',(8.8005040262981,1.50000000000002,4.83126184221346));
#2574=CARTESIAN_POINT('Origin',(8.8005040262981,1.50000000000002,6.43126184221347));
#2575=CARTESIAN_POINT('',(8.8005040262981,0.,4.83126184221346));
#2576=CARTESIAN_POINT('Origin',(8.8005040262981,1.50000000000002,6.43126184221347));
#2577=CARTESIAN_POINT('Origin',(-6.43126184221344,0.,8.80050402629812));
#2578=CARTESIAN_POINT('',(-6.43126184221344,1.50000000000002,10.4005040262981));
#2579=CARTESIAN_POINT('',(-6.43126184221344,1.50000000000002,7.20050402629812));
#2580=CARTESIAN_POINT('Origin',(-6.43126184221344,1.50000000000002,8.80050402629812));
#2581=CARTESIAN_POINT('',(-6.43126184221344,0.,7.20050402629812));
#2582=CARTESIAN_POINT('Origin',(-6.43126184221344,1.50000000000002,8.80050402629812));
#2583=CARTESIAN_POINT('Origin',(-6.43126184221344,0.,8.80050402629812));
#2584=CARTESIAN_POINT('',(-6.43126184221344,0.,11.9005040262981));
#2585=CARTESIAN_POINT('Origin',(8.8005040262981,0.,6.43126184221347));
#2586=CARTESIAN_POINT('',(8.8005040262981,0.,9.53126184221348));
#2587=CARTESIAN_POINT('Origin',(6.43126184221337,0.,-8.80050402629817));
#2588=CARTESIAN_POINT('',(6.43126184221337,0.,-5.70050402629815));
#2589=CARTESIAN_POINT('Origin',(0.,13.,0.));
#2590=CARTESIAN_POINT('',(0.,13.5857864376269,14.5857864376269));
#2591=CARTESIAN_POINT('',(-1.78624366738867E-15,13.5857864376269,-14.5857864376269));
#2592=CARTESIAN_POINT('Origin',(0.,13.5857864376269,0.));
#2593=CARTESIAN_POINT('',(0.,14.4142135623731,-15.4142135623731));
#2594=CARTESIAN_POINT('',(-1.71450551880629E-15,13.,-14.));
#2595=CARTESIAN_POINT('Origin',(0.,14.4142135623731,0.));
#2596=CARTESIAN_POINT('Origin',(0.,13.5857864376269,0.));
#2597=CARTESIAN_POINT('Origin',(0.,12.1715728752538,0.));
#2598=CARTESIAN_POINT('Origin',(-1.95943487863577E-15,12.1715728752538,
16.));
#2599=CARTESIAN_POINT('Origin',(0.,13.,0.));
#2600=CARTESIAN_POINT('Origin',(-2.06088794130049E-15,13.,-16.8284271247462));
#2601=UNCERTAINTY_MEASURE_WITH_UNIT(LENGTH_MEASURE(0.01),#2605,
'DISTANCE_ACCURACY_VALUE',
'Maximum model space distance between geometric entities at asserted c
onnectivities');
#2602=UNCERTAINTY_MEASURE_WITH_UNIT(LENGTH_MEASURE(0.01),#2605,
'DISTANCE_ACCURACY_VALUE',
'Maximum model space distance between geometric entities at asserted c
onnectivities');
#2603=(
GEOMETRIC_REPRESENTATION_CONTEXT(3)
GLOBAL_UNCERTAINTY_ASSIGNED_CONTEXT((#2601))
GLOBAL_UNIT_ASSIGNED_CONTEXT((#2605,#2607,#2608))
REPRESENTATION_CONTEXT('','3D')
);
#2604=(
GEOMETRIC_REPRESENTATION_CONTEXT(3)
GLOBAL_UNCERTAINTY_ASSIGNED_CONTEXT((#2602))
GLOBAL_UNIT_ASSIGNED_CONTEXT((#2605,#2607,#2608))
REPRESENTATION_CONTEXT('','3D')
);
#2605=(
LENGTH_UNIT()
NAMED_UNIT(*)
SI_UNIT(.MILLI.,.METRE.)
);
#2606=(
LENGTH_UNIT()
NAMED_UNIT(*)
SI_UNIT($,.METRE.)
);
#2607=(
NAMED_UNIT(*)
PLANE_ANGLE_UNIT()
SI_UNIT($,.RADIAN.)
);
#2608=(
NAMED_UNIT(*)
SI_UNIT($,.STERADIAN.)
SOLID_ANGLE_UNIT()
);
#2609=SHAPE_DEFINITION_REPRESENTATION(#2610,#2611);
#2610=PRODUCT_DEFINITION_SHAPE('',$,#2613);
#2611=SHAPE_REPRESENTATION('',(#1566),#2603);
#2612=PRODUCT_DEFINITION_CONTEXT('part definition',#2617,'design');
#2613=PRODUCT_DEFINITION('2026-05-07-11-24-15-378','uus rattas ees',#2614,
#2612);
#2614=PRODUCT_DEFINITION_FORMATION('',$,#2619);
#2615=PRODUCT_RELATED_PRODUCT_CATEGORY('uus rattas ees',
'uus rattas ees',(#2619));
#2616=APPLICATION_PROTOCOL_DEFINITION('international standard',
'automotive_design',2009,#2617);
#2617=APPLICATION_CONTEXT(
'Core Data for Automotive Mechanical Design Process');
#2618=PRODUCT_CONTEXT('part definition',#2617,'mechanical');
#2619=PRODUCT('2026-05-07-11-24-15-378','uus rattas ees',$,(#2618));
#2620=PRESENTATION_STYLE_ASSIGNMENT((#2621));
#2621=SURFACE_STYLE_USAGE(.BOTH.,#2622);
#2622=SURFACE_SIDE_STYLE('',(#2623));
#2623=SURFACE_STYLE_FILL_AREA(#2624);
#2624=FILL_AREA_STYLE('Steel - Satin',(#2625));
#2625=FILL_AREA_STYLE_COLOUR('Steel - Satin',#2626);
#2626=COLOUR_RGB('Steel - Satin',0.627450980392157,0.627450980392157,0.627450980392157);
ENDSEC;
END-ISO-10303-21;
