ISO-10303-21;
HEADER;
/* Generated by software containing ST-Developer
 * from STEP Tools, Inc. (www.steptools.com) 
 */

FILE_DESCRIPTION(
/* description */ (''),
/* implementation_level */ '2;1');

FILE_NAME(
/* name */ 'Esirataste hoidik.step',
/* time_stamp */ '2026-05-07T11:27:45+03:00',
/* author */ (''),
/* organization */ (''),
/* preprocessor_version */ 'ST-DEVELOPER v20.1',
/* originating_system */ 'Autodesk Translation Framework v15.8.0.0',
/* authorisation */ '');

FILE_SCHEMA (('AUTOMOTIVE_DESIGN { 1 0 10303 214 3 1 1 }'));
ENDSEC;

DATA;
#10=MECHANICAL_DESIGN_GEOMETRIC_PRESENTATION_REPRESENTATION('',(#13),#2518);
#11=SHAPE_REPRESENTATION_RELATIONSHIP('SRR','None',#2525,#12);
#12=ADVANCED_BREP_SHAPE_REPRESENTATION('',(#14),#2517);
#13=STYLED_ITEM('',(#2534),#14);
#14=MANIFOLD_SOLID_BREP('Body1',#959);
#15=CONICAL_SURFACE('',#1034,3.0090478340996,0.769274468205379);
#16=CONICAL_SURFACE('',#1035,3.10000000000001,0.785398163397451);
#17=CONICAL_SURFACE('',#1036,3.10000000000001,0.785398163397451);
#18=CONICAL_SURFACE('',#1037,3.00904783409953,0.769274468205368);
#19=B_SPLINE_SURFACE_WITH_KNOTS('',1,3,((#1849,#1850,#1851,#1852,#1853,
#1854,#1855,#1856,#1857,#1858,#1859,#1860,#1861,#1862,#1863,#1864,#1865,
#1866,#1867,#1868,#1869,#1870,#1871,#1872,#1873,#1874,#1875,#1876,#1877,
#1878,#1879,#1880,#1881,#1882,#1883,#1884,#1885,#1886,#1887,#1888,#1889,
#1890,#1891,#1892,#1893,#1894,#1895,#1896,#1897,#1898,#1899,#1900,#1901,
#1902,#1903,#1904,#1905,#1906,#1907,#1908,#1909,#1910,#1911,#1912,#1913,
#1914,#1915,#1916,#1917,#1918,#1919,#1920,#1921,#1922,#1923,#1924,#1925,
#1926,#1927,#1928,#1929,#1930,#1931,#1932,#1933,#1934,#1935,#1936,#1937,
#1938,#1939,#1940,#1941,#1942,#1943,#1944,#1945,#1946,#1947,#1948,#1949,
#1950,#1951,#1952,#1953,#1954,#1955,#1956,#1957,#1958,#1959,#1960,#1961,
#1962,#1963,#1964,#1965,#1966,#1967,#1968,#1969,#1970,#1971,#1972,#1973,
#1974,#1975,#1976,#1977,#1978,#1979,#1980,#1981,#1982,#1983,#1984,#1985,
#1986,#1987,#1988,#1989,#1990,#1991,#1992,#1993,#1994,#1995,#1996,#1997,
#1998,#1999,#2000,#2001,#2002,#2003,#2004,#2005),(#2006,#2007,#2008,#2009,
#2010,#2011,#2012,#2013,#2014,#2015,#2016,#2017,#2018,#2019,#2020,#2021,
#2022,#2023,#2024,#2025,#2026,#2027,#2028,#2029,#2030,#2031,#2032,#2033,
#2034,#2035,#2036,#2037,#2038,#2039,#2040,#2041,#2042,#2043,#2044,#2045,
#2046,#2047,#2048,#2049,#2050,#2051,#2052,#2053,#2054,#2055,#2056,#2057,
#2058,#2059,#2060,#2061,#2062,#2063,#2064,#2065,#2066,#2067,#2068,#2069,
#2070,#2071,#2072,#2073,#2074,#2075,#2076,#2077,#2078,#2079,#2080,#2081,
#2082,#2083,#2084,#2085,#2086,#2087,#2088,#2089,#2090,#2091,#2092,#2093,
#2094,#2095,#2096,#2097,#2098,#2099,#2100,#2101,#2102,#2103,#2104,#2105,
#2106,#2107,#2108,#2109,#2110,#2111,#2112,#2113,#2114,#2115,#2116,#2117,
#2118,#2119,#2120,#2121,#2122,#2123,#2124,#2125,#2126,#2127,#2128,#2129,
#2130,#2131,#2132,#2133,#2134,#2135,#2136,#2137,#2138,#2139,#2140,#2141,
#2142,#2143,#2144,#2145,#2146,#2147,#2148,#2149,#2150,#2151,#2152,#2153,
#2154,#2155,#2156,#2157,#2158,#2159,#2160,#2161,#2162)),.UNSPECIFIED.,.F.,
 .T.,.F.,(2,2),(4,2,2,2,2,2,2,2,2,2,2,2,2,2,2,2,2,2,2,2,2,2,2,2,2,2,2,2,
2,2,2,2,2,2,2,2,2,2,2,2,2,2,2,2,2,2,2,2,3,2,2,2,2,2,2,2,2,2,2,2,2,2,2,2,
2,2,2,2,2,2,2,2,2,2,2,2,2,4),(0.,1.00000613142152),(0.00777636554633637,
0.00806466995779774,0.00835952029424637,0.00865437063069501,0.00894922096714365,
0.00924407130359229,0.00953892164004093,0.00968634680826524,0.00983377197648956,
0.0101286223129382,0.0104234726493868,0.0107183229858355,0.0108657481540598,
0.0110131733222841,0.0113080236587328,0.0116028739951814,0.0117502991634057,
0.01189772433163,0.0121925746680787,0.0124874250045273,0.0127822753409759,
0.0129297005092003,0.0130771256774246,0.0133719760138732,0.0136668263503219,
0.0138142515185462,0.0139616766867705,0.0142565270232191,0.0145513773596678,
0.0148462276961164,0.015141078032565,0.0154359283690137,0.0157307787054623,
0.0158782038736866,0.016025629041911,0.0163204793783596,0.0166153297148082,
0.0167627548830325,0.0169101800512569,0.0172050303877055,0.0174998807241541,
0.0177947310606028,0.0179421562288271,0.0180895813970514,0.0183844317335001,
0.0186792820699487,0.018826707238173,0.0189741324063973,0.019268982742846,
0.0195638330792946,0.0198586834157432,0.0201535337521919,0.0204483840886405,
0.0207432344250892,0.0210380847615378,0.0213329350979864,0.0216277854344351,
0.0219226357708837,0.0222174861073323,0.022512336443781,0.0228071867802296,
0.0229546119484539,0.0231020371166783,0.0233968874531269,0.0236917377895755,
0.0238391629577999,0.0239865881260242,0.0242814384624728,0.0245762887989214,
0.0248711391353701,0.0250185643035944,0.0251659894718187,0.0254608398082674,
0.025755690144716,0.0259031153129403,0.0260505404811646,0.0263453908176133,
0.0266467870790492),.UNSPECIFIED.);
#20=B_SPLINE_SURFACE_WITH_KNOTS('',1,3,((#2170,#2171,#2172,#2173,#2174,
#2175,#2176,#2177,#2178,#2179,#2180,#2181,#2182,#2183,#2184,#2185,#2186,
#2187,#2188,#2189,#2190,#2191,#2192,#2193,#2194,#2195,#2196,#2197,#2198,
#2199,#2200,#2201,#2202,#2203,#2204,#2205,#2206,#2207,#2208,#2209,#2210,
#2211,#2212,#2213,#2214,#2215,#2216,#2217,#2218,#2219,#2220,#2221,#2222,
#2223,#2224,#2225,#2226,#2227,#2228,#2229,#2230,#2231,#2232,#2233,#2234,
#2235,#2236,#2237,#2238,#2239,#2240,#2241,#2242,#2243,#2244,#2245,#2246,
#2247,#2248,#2249,#2250,#2251,#2252,#2253,#2254,#2255,#2256,#2257,#2258,
#2259,#2260,#2261,#2262,#2263,#2264,#2265,#2266,#2267,#2268,#2269,#2270,
#2271,#2272,#2273,#2274,#2275,#2276,#2277,#2278,#2279,#2280,#2281,#2282,
#2283,#2284,#2285,#2286,#2287,#2288,#2289,#2290,#2291,#2292,#2293,#2294,
#2295,#2296,#2297,#2298,#2299,#2300,#2301,#2302,#2303,#2304,#2305,#2306,
#2307,#2308,#2309,#2310,#2311,#2312,#2313,#2314),(#2315,#2316,#2317,#2318,
#2319,#2320,#2321,#2322,#2323,#2324,#2325,#2326,#2327,#2328,#2329,#2330,
#2331,#2332,#2333,#2334,#2335,#2336,#2337,#2338,#2339,#2340,#2341,#2342,
#2343,#2344,#2345,#2346,#2347,#2348,#2349,#2350,#2351,#2352,#2353,#2354,
#2355,#2356,#2357,#2358,#2359,#2360,#2361,#2362,#2363,#2364,#2365,#2366,
#2367,#2368,#2369,#2370,#2371,#2372,#2373,#2374,#2375,#2376,#2377,#2378,
#2379,#2380,#2381,#2382,#2383,#2384,#2385,#2386,#2387,#2388,#2389,#2390,
#2391,#2392,#2393,#2394,#2395,#2396,#2397,#2398,#2399,#2400,#2401,#2402,
#2403,#2404,#2405,#2406,#2407,#2408,#2409,#2410,#2411,#2412,#2413,#2414,
#2415,#2416,#2417,#2418,#2419,#2420,#2421,#2422,#2423,#2424,#2425,#2426,
#2427,#2428,#2429,#2430,#2431,#2432,#2433,#2434,#2435,#2436,#2437,#2438,
#2439,#2440,#2441,#2442,#2443,#2444,#2445,#2446,#2447,#2448,#2449,#2450,
#2451,#2452,#2453,#2454,#2455,#2456,#2457,#2458,#2459)),.UNSPECIFIED.,.F.,
 .T.,.F.,(2,2),(4,2,2,2,2,2,2,2,2,3,2,2,2,2,2,2,2,2,2,2,2,2,2,2,2,2,2,2,
2,2,2,2,2,2,2,2,2,2,2,2,2,2,2,2,2,2,2,2,2,2,2,2,2,2,2,2,2,2,2,2,2,2,2,2,
2,2,2,2,2,2,2,4),(-4.127170253418E-6,1.0000041778623),(0.0175353124987603,
0.0177957111902955,0.0179432162483525,0.0180907213064094,0.0186807415386372,
0.0188282465966941,0.018975751654751,0.0192707617708649,0.0195657718869788,
0.0198607820030927,0.0201557921192066,0.0204508022353204,0.0207458123514343,
0.0210408224675482,0.0213358325836621,0.021630842699776,0.0219258528158898,
0.0222208629320037,0.0225158730481176,0.0228108831642315,0.0231058932803454,
0.0234009033964592,0.0236959135125731,0.023990923628687,0.0242859337448009,
0.0245809438609148,0.0248759539770287,0.0250234590350856,0.0251709640931425,
0.0254659742092564,0.0257609843253703,0.0259084893834272,0.0260559944414842,
0.0263510045575981,0.0266460146737119,0.0269410247898258,0.0272360349059397,
0.0275310450220536,0.0278260551381675,0.0281210652542813,0.0284160753703952,
0.0287110854865091,0.029006095602623,0.0293011057187369,0.0295961158348507,
0.0297436208929077,0.0298911259509646,0.0304811461831924,0.0306286512412493,
0.0307761562993063,0.0310711664154201,0.031366176531534,0.0316611866476479,
0.0318086917057048,0.0319561967637618,0.0322512068798757,0.0325462169959896,
0.0328412271121034,0.0331362372282173,0.0334312473443312,0.0337262574604451,
0.034021267576559,0.0343162776926728,0.0346112878087867,0.0349062979249006,
0.0352013080410145,0.0354963181571284,0.0356438232151853,0.0357913282732422,
0.0360863383893561,0.03638134850547,0.0364159599300486),.UNSPECIFIED.);
#21=B_SPLINE_CURVE_WITH_KNOTS('',3,(#1515,#1516,#1517,#1518,#1519,#1520,
#1521,#1522,#1523,#1524,#1525,#1526,#1527,#1528,#1529,#1530,#1531,#1532,
#1533,#1534,#1535,#1536,#1537,#1538,#1539,#1540),.UNSPECIFIED.,.F.,.F.,
(4,2,2,2,2,2,2,2,2,2,2,2,4),(0.,0.104416314563859,0.218916412775744,0.354297416207687,
0.498680080260896,0.651552007613937,0.807454171642247,0.963437302315707,
1.11625092517704,1.26076565307296,1.39579409101942,1.52747185320451,1.66093120789542),
 .UNSPECIFIED.);
#22=B_SPLINE_CURVE_WITH_KNOTS('',3,(#1544,#1545,#1546,#1547,#1548,#1549,
#1550,#1551,#1552,#1553,#1554,#1555,#1556,#1557,#1558,#1559,#1560,#1561,
#1562,#1563,#1564,#1565,#1566,#1567,#1568,#1569,#1570,#1571,#1572,#1573,
#1574,#1575,#1576,#1577,#1578,#1579,#1580,#1581,#1582,#1583,#1584,#1585,
#1586,#1587,#1588,#1589,#1590,#1591,#1592,#1593,#1594,#1595,#1596,#1597,
#1598,#1599,#1600,#1601,#1602,#1603,#1604,#1605,#1606,#1607,#1608,#1609,
#1610,#1611,#1612,#1613,#1614,#1615,#1616,#1617,#1618,#1619,#1620,#1621,
#1622,#1623,#1624,#1625,#1626,#1627,#1628,#1629,#1630,#1631,#1632,#1633,
#1634,#1635,#1636,#1637,#1638,#1639,#1640,#1641,#1642,#1643,#1644,#1645,
#1646,#1647,#1648,#1649,#1650,#1651,#1652,#1653,#1654,#1655,#1656,#1657,
#1658,#1659,#1660,#1661,#1662,#1663,#1664,#1665,#1666,#1667,#1668,#1669,
#1670,#1671,#1672,#1673,#1674,#1675,#1676,#1677,#1678,#1679,#1680,#1681,
#1682,#1683,#1684,#1685,#1686,#1687,#1688,#1689,#1690,#1691,#1692,#1693,
#1694,#1695,#1696,#1697,#1698,#1699,#1700,#1701,#1702,#1703,#1704,#1705,
#1706,#1707,#1708,#1709,#1710,#1711,#1712),.UNSPECIFIED.,.F.,.F.,(4,3,3,
3,3,3,3,3,3,3,3,3,3,3,3,3,3,3,3,3,3,3,3,3,3,3,3,3,3,3,3,3,3,3,3,3,3,3,3,
3,3,3,3,3,3,3,3,3,3,3,3,3,3,3,3,3,4),(-1.,-0.979137480156453,-0.957800538646366,
-0.936463597136279,-0.915126655626191,-0.893789714116104,-0.872452772606017,
-0.861784301850973,-0.851115831095929,-0.829778889585842,-0.808441948075754,
-0.787105006565667,-0.776436535810624,-0.76576806505558,-0.744431123545492,
-0.723094182035405,-0.712425711280361,-0.701757240525318,-0.68042029901523,
-0.659083357505143,-0.637746415995056,-0.627077945240012,-0.616409474484968,
-0.595072532974881,-0.573735591464794,-0.56306712070975,-0.552398649954706,
-0.531061708444619,-0.509724766934532,-0.488387825424444,-0.467050883914357,
-0.44571394240427,-0.424377000894182,-0.413708530139139,-0.403040059384095,
-0.381703117874008,-0.360366176363921,-0.349697705608877,-0.339029234853833,
-0.317692293343746,-0.296355351833659,-0.275018410323571,-0.264349939568528,
-0.253681468813484,-0.232344527303396,-0.211007585793309,-0.200339115038265,
-0.189670644283222,-0.168333702773134,-0.146996761263047,-0.12565981975296,
-0.104322878242872,-0.0829859367327851,-0.0616489952226977,-0.0403120537126105,
-0.0189751122025231,-1.76004486391745E-9),.UNSPECIFIED.);
#23=B_SPLINE_CURVE_WITH_KNOTS('',3,(#1729,#1730,#1731,#1732,#1733,#1734,
#1735,#1736,#1737,#1738),.UNSPECIFIED.,.F.,.F.,(4,2,2,2,4),(0.629749751082209,
0.654683190155637,0.677767137780622,0.712093309159822,0.746511011684037),
 .UNSPECIFIED.);
#24=B_SPLINE_CURVE_WITH_KNOTS('',3,(#1741,#1742,#1743,#1744,#1745,#1746,
#1747,#1748,#1749,#1750,#1751,#1752,#1753,#1754,#1755,#1756,#1757,#1758,
#1759,#1760,#1761,#1762,#1763,#1764,#1765,#1766,#1767,#1768,#1769,#1770,
#1771,#1772,#1773,#1774,#1775,#1776,#1777,#1778,#1779,#1780,#1781,#1782),
 .UNSPECIFIED.,.F.,.F.,(4,2,2,2,2,2,2,2,2,2,2,2,2,2,2,2,2,2,2,2,4),(0.,
0.0227636467014534,0.0456905831716003,0.0608738839476026,0.123377798407174,
0.155414265684951,0.188356414778437,0.221865730228588,0.254355372775077,
0.285953342602764,0.315823297799066,0.344693369939128,0.373130406534493,
0.401383443007178,0.430395567974588,0.460280315131864,0.491870802876941,
0.524670371283968,0.557870314910078,0.590728704607982,0.629749751082209),
 .UNSPECIFIED.);
#25=B_SPLINE_CURVE_WITH_KNOTS('',3,(#1787,#1788,#1789,#1790,#1791,#1792,
#1793,#1794,#1795,#1796,#1797,#1798,#1799,#1800,#1801,#1802,#1803,#1804,
#1805,#1806,#1807,#1808,#1809,#1810,#1811,#1812,#1813,#1814,#1815,#1816,
#1817,#1818,#1819,#1820,#1821,#1822,#1823,#1824,#1825,#1826),
 .UNSPECIFIED.,.F.,.F.,(4,2,2,2,2,2,2,2,2,2,2,2,2,2,2,2,2,2,2,4),(0.117016403822787,
0.155916519713478,0.188940274672924,0.222373067108099,0.255346291559953,
0.2866837967159,0.316895035356667,0.37436521362032,0.431813973787687,0.446817980959222,
0.462254600672406,0.477941001604396,0.510290214162644,0.543222081420157,
0.559948834188731,0.576493648359048,0.641611452949669,0.695108593203549,
0.721608077969475,0.748260494738051),.UNSPECIFIED.);
#26=B_SPLINE_CURVE_WITH_KNOTS('',3,(#1829,#1830,#1831,#1832,#1833,#1834,
#1835,#1836,#1837,#1838),.UNSPECIFIED.,.F.,.F.,(4,2,2,2,4),(0.,0.0343517272340895,
0.0687698488849939,0.0918264642839483,0.117016403822787),.UNSPECIFIED.);
#27=CYLINDRICAL_SURFACE('',#1014,20.);
#28=CYLINDRICAL_SURFACE('',#1017,20.);
#29=CYLINDRICAL_SURFACE('',#1020,4.5);
#30=CYLINDRICAL_SURFACE('',#1021,4.50000000000001);
#31=CYLINDRICAL_SURFACE('',#1022,6.);
#32=CYLINDRICAL_SURFACE('',#1023,6.);
#33=CYLINDRICAL_SURFACE('',#1024,1.60000000000001);
#34=CYLINDRICAL_SURFACE('',#1026,1.6);
#35=CYLINDRICAL_SURFACE('',#1028,1.6);
#36=CYLINDRICAL_SURFACE('',#1030,1.6);
#37=CYLINDRICAL_SURFACE('',#1052,5.);
#38=CYLINDRICAL_SURFACE('',#1054,5.);
#39=CYLINDRICAL_SURFACE('',#1056,5.);
#40=CYLINDRICAL_SURFACE('',#1057,5.);
#41=CYLINDRICAL_SURFACE('',#1059,5.);
#42=CYLINDRICAL_SURFACE('',#1061,5.);
#43=CYLINDRICAL_SURFACE('',#1062,5.);
#44=CYLINDRICAL_SURFACE('',#1063,5.);
#45=CYLINDRICAL_SURFACE('',#1064,5.);
#46=CYLINDRICAL_SURFACE('',#1065,5.);
#47=CYLINDRICAL_SURFACE('',#1066,5.);
#48=CYLINDRICAL_SURFACE('',#1067,5.);
#49=ELLIPSE('',#1009,10.2301068017184,5.);
#50=ELLIPSE('',#1010,10.2301068017184,5.);
#51=ELLIPSE('',#1012,10.2301068017184,5.);
#52=ELLIPSE('',#1013,10.2301068017184,5.);
#53=ELLIPSE('',#1039,12.0830459735946,5.);
#54=ELLIPSE('',#1040,12.0830459735946,5.);
#55=ELLIPSE('',#1046,12.0830459735946,5.);
#56=ELLIPSE('',#1047,12.0830459735946,5.);
#57=ELLIPSE('',#1053,5.94689898119795,5.);
#58=ELLIPSE('',#1055,5.94689898119795,5.);
#59=ELLIPSE('',#1058,5.94689898119795,5.);
#60=ELLIPSE('',#1060,5.94689898119795,5.);
#61=FACE_BOUND('',#122,.T.);
#62=FACE_BOUND('',#124,.T.);
#63=FACE_BOUND('',#126,.T.);
#64=FACE_BOUND('',#127,.T.);
#65=FACE_BOUND('',#128,.T.);
#66=FACE_BOUND('',#129,.T.);
#67=FACE_BOUND('',#131,.T.);
#68=FACE_BOUND('',#132,.T.);
#69=FACE_BOUND('',#133,.T.);
#70=FACE_BOUND('',#136,.T.);
#71=FACE_BOUND('',#137,.T.);
#72=FACE_OUTER_BOUND('',#121,.T.);
#73=FACE_OUTER_BOUND('',#123,.T.);
#74=FACE_OUTER_BOUND('',#125,.T.);
#75=FACE_OUTER_BOUND('',#130,.T.);
#76=FACE_OUTER_BOUND('',#134,.T.);
#77=FACE_OUTER_BOUND('',#135,.T.);
#78=FACE_OUTER_BOUND('',#138,.T.);
#79=FACE_OUTER_BOUND('',#139,.T.);
#80=FACE_OUTER_BOUND('',#140,.T.);
#81=FACE_OUTER_BOUND('',#141,.T.);
#82=FACE_OUTER_BOUND('',#142,.T.);
#83=FACE_OUTER_BOUND('',#143,.T.);
#84=FACE_OUTER_BOUND('',#144,.T.);
#85=FACE_OUTER_BOUND('',#145,.T.);
#86=FACE_OUTER_BOUND('',#146,.T.);
#87=FACE_OUTER_BOUND('',#147,.T.);
#88=FACE_OUTER_BOUND('',#148,.T.);
#89=FACE_OUTER_BOUND('',#149,.T.);
#90=FACE_OUTER_BOUND('',#150,.T.);
#91=FACE_OUTER_BOUND('',#151,.T.);
#92=FACE_OUTER_BOUND('',#152,.T.);
#93=FACE_OUTER_BOUND('',#153,.T.);
#94=FACE_OUTER_BOUND('',#154,.T.);
#95=FACE_OUTER_BOUND('',#155,.T.);
#96=FACE_OUTER_BOUND('',#156,.T.);
#97=FACE_OUTER_BOUND('',#157,.T.);
#98=FACE_OUTER_BOUND('',#158,.T.);
#99=FACE_OUTER_BOUND('',#159,.T.);
#100=FACE_OUTER_BOUND('',#160,.T.);
#101=FACE_OUTER_BOUND('',#161,.T.);
#102=FACE_OUTER_BOUND('',#162,.T.);
#103=FACE_OUTER_BOUND('',#163,.T.);
#104=FACE_OUTER_BOUND('',#164,.T.);
#105=FACE_OUTER_BOUND('',#165,.T.);
#106=FACE_OUTER_BOUND('',#166,.T.);
#107=FACE_OUTER_BOUND('',#167,.T.);
#108=FACE_OUTER_BOUND('',#168,.T.);
#109=FACE_OUTER_BOUND('',#169,.T.);
#110=FACE_OUTER_BOUND('',#170,.T.);
#111=FACE_OUTER_BOUND('',#171,.T.);
#112=FACE_OUTER_BOUND('',#172,.T.);
#113=FACE_OUTER_BOUND('',#173,.T.);
#114=FACE_OUTER_BOUND('',#174,.T.);
#115=FACE_OUTER_BOUND('',#175,.T.);
#116=FACE_OUTER_BOUND('',#176,.T.);
#117=FACE_OUTER_BOUND('',#177,.T.);
#118=FACE_OUTER_BOUND('',#178,.T.);
#119=FACE_OUTER_BOUND('',#179,.T.);
#120=FACE_OUTER_BOUND('',#180,.T.);
#121=EDGE_LOOP('',(#613,#614,#615,#616,#617,#618,#619,#620,#621,#622,#623,
#624));
#122=EDGE_LOOP('',(#625));
#123=EDGE_LOOP('',(#626,#627,#628,#629,#630,#631,#632,#633,#634,#635));
#124=EDGE_LOOP('',(#636));
#125=EDGE_LOOP('',(#637,#638,#639,#640,#641,#642,#643,#644));
#126=EDGE_LOOP('',(#645));
#127=EDGE_LOOP('',(#646));
#128=EDGE_LOOP('',(#647));
#129=EDGE_LOOP('',(#648));
#130=EDGE_LOOP('',(#649,#650,#651,#652,#653,#654,#655,#656,#657,#658,#659,
#660,#661,#662));
#131=EDGE_LOOP('',(#663,#664,#665,#666));
#132=EDGE_LOOP('',(#667));
#133=EDGE_LOOP('',(#668));
#134=EDGE_LOOP('',(#669,#670,#671,#672));
#135=EDGE_LOOP('',(#673,#674,#675,#676,#677,#678,#679,#680));
#136=EDGE_LOOP('',(#681));
#137=EDGE_LOOP('',(#682));
#138=EDGE_LOOP('',(#683,#684,#685,#686));
#139=EDGE_LOOP('',(#687,#688,#689,#690,#691,#692));
#140=EDGE_LOOP('',(#693,#694,#695,#696,#697,#698));
#141=EDGE_LOOP('',(#699,#700,#701,#702,#703,#704));
#142=EDGE_LOOP('',(#705,#706,#707,#708,#709,#710));
#143=EDGE_LOOP('',(#711,#712,#713,#714));
#144=EDGE_LOOP('',(#715,#716,#717,#718));
#145=EDGE_LOOP('',(#719,#720,#721,#722));
#146=EDGE_LOOP('',(#723,#724,#725,#726));
#147=EDGE_LOOP('',(#727,#728,#729,#730,#731,#732));
#148=EDGE_LOOP('',(#733,#734,#735,#736,#737,#738));
#149=EDGE_LOOP('',(#739,#740,#741,#742));
#150=EDGE_LOOP('',(#743,#744,#745,#746));
#151=EDGE_LOOP('',(#747,#748,#749,#750,#751,#752));
#152=EDGE_LOOP('',(#753,#754,#755,#756,#757,#758));
#153=EDGE_LOOP('',(#759,#760,#761,#762,#763));
#154=EDGE_LOOP('',(#764,#765,#766,#767));
#155=EDGE_LOOP('',(#768,#769,#770,#771));
#156=EDGE_LOOP('',(#772,#773,#774,#775));
#157=EDGE_LOOP('',(#776,#777,#778,#779,#780));
#158=EDGE_LOOP('',(#781,#782,#783,#784));
#159=EDGE_LOOP('',(#785,#786,#787,#788,#789,#790,#791,#792,#793,#794));
#160=EDGE_LOOP('',(#795,#796,#797,#798));
#161=EDGE_LOOP('',(#799,#800,#801,#802));
#162=EDGE_LOOP('',(#803,#804,#805,#806));
#163=EDGE_LOOP('',(#807,#808,#809,#810));
#164=EDGE_LOOP('',(#811,#812,#813,#814,#815,#816,#817,#818,#819,#820));
#165=EDGE_LOOP('',(#821,#822,#823,#824));
#166=EDGE_LOOP('',(#825,#826,#827,#828));
#167=EDGE_LOOP('',(#829,#830,#831,#832));
#168=EDGE_LOOP('',(#833,#834,#835,#836));
#169=EDGE_LOOP('',(#837,#838,#839,#840,#841));
#170=EDGE_LOOP('',(#842,#843,#844,#845));
#171=EDGE_LOOP('',(#846,#847,#848,#849,#850));
#172=EDGE_LOOP('',(#851,#852,#853,#854,#855));
#173=EDGE_LOOP('',(#856,#857,#858,#859));
#174=EDGE_LOOP('',(#860,#861,#862,#863,#864));
#175=EDGE_LOOP('',(#865,#866,#867,#868));
#176=EDGE_LOOP('',(#869,#870,#871,#872));
#177=EDGE_LOOP('',(#873,#874,#875,#876));
#178=EDGE_LOOP('',(#877,#878,#879,#880));
#179=EDGE_LOOP('',(#881,#882,#883,#884));
#180=EDGE_LOOP('',(#885,#886,#887,#888));
#181=CIRCLE('',#974,5.);
#182=CIRCLE('',#975,5.);
#183=CIRCLE('',#976,6.);
#184=CIRCLE('',#977,5.);
#185=CIRCLE('',#978,5.);
#186=CIRCLE('',#979,4.5);
#187=CIRCLE('',#981,5.);
#188=CIRCLE('',#982,6.);
#189=CIRCLE('',#983,5.);
#190=CIRCLE('',#984,4.50000000000001);
#191=CIRCLE('',#986,1.60000000000001);
#192=CIRCLE('',#987,1.6);
#193=CIRCLE('',#988,1.6);
#194=CIRCLE('',#989,1.6);
#195=CIRCLE('',#991,5.);
#196=CIRCLE('',#992,5.);
#197=CIRCLE('',#993,6.);
#198=CIRCLE('',#994,5.);
#199=CIRCLE('',#995,5.);
#200=CIRCLE('',#996,5.);
#201=CIRCLE('',#997,6.);
#202=CIRCLE('',#998,5.);
#203=CIRCLE('',#999,4.50000000000001);
#204=CIRCLE('',#1000,4.5);
#205=CIRCLE('',#1003,3.0090478340996);
#206=CIRCLE('',#1004,3.00904783409953);
#207=CIRCLE('',#1005,3.10000000000001);
#208=CIRCLE('',#1006,3.10000000000001);
#209=CIRCLE('',#1015,20.);
#210=CIRCLE('',#1016,20.);
#211=CIRCLE('',#1018,20.);
#212=CIRCLE('',#1019,20.);
#213=CIRCLE('',#1025,1.60000000000001);
#214=CIRCLE('',#1027,1.6);
#215=CIRCLE('',#1029,1.6);
#216=CIRCLE('',#1031,1.6);
#217=LINE('',#1348,#301);
#218=LINE('',#1352,#302);
#219=LINE('',#1360,#303);
#220=LINE('',#1364,#304);
#221=LINE('',#1366,#305);
#222=LINE('',#1368,#306);
#223=LINE('',#1369,#307);
#224=LINE('',#1375,#308);
#225=LINE('',#1377,#309);
#226=LINE('',#1379,#310);
#227=LINE('',#1381,#311);
#228=LINE('',#1389,#312);
#229=LINE('',#1391,#313);
#230=LINE('',#1392,#314);
#231=LINE('',#1398,#315);
#232=LINE('',#1400,#316);
#233=LINE('',#1402,#317);
#234=LINE('',#1404,#318);
#235=LINE('',#1406,#319);
#236=LINE('',#1408,#320);
#237=LINE('',#1410,#321);
#238=LINE('',#1411,#322);
#239=LINE('',#1423,#323);
#240=LINE('',#1427,#324);
#241=LINE('',#1429,#325);
#242=LINE('',#1437,#326);
#243=LINE('',#1439,#327);
#244=LINE('',#1443,#328);
#245=LINE('',#1451,#329);
#246=LINE('',#1453,#330);
#247=LINE('',#1455,#331);
#248=LINE('',#1456,#332);
#249=LINE('',#1464,#333);
#250=LINE('',#1465,#334);
#251=LINE('',#1466,#335);
#252=LINE('',#1470,#336);
#253=LINE('',#1474,#337);
#254=LINE('',#1476,#338);
#255=LINE('',#1478,#339);
#256=LINE('',#1482,#340);
#257=LINE('',#1483,#341);
#258=LINE('',#1490,#342);
#259=LINE('',#1492,#343);
#260=LINE('',#1493,#344);
#261=LINE('',#1499,#345);
#262=LINE('',#1502,#346);
#263=LINE('',#1503,#347);
#264=LINE('',#1509,#348);
#265=LINE('',#1512,#349);
#266=LINE('',#1513,#350);
#267=LINE('',#1716,#351);
#268=LINE('',#1718,#352);
#269=LINE('',#1720,#353);
#270=LINE('',#1721,#354);
#271=LINE('',#1723,#355);
#272=LINE('',#1724,#356);
#273=LINE('',#1727,#357);
#274=LINE('',#1785,#358);
#275=LINE('',#1841,#359);
#276=LINE('',#1845,#360);
#277=LINE('',#2163,#361);
#278=LINE('',#2164,#362);
#279=LINE('',#2167,#363);
#280=LINE('',#2169,#364);
#281=LINE('',#2460,#365);
#282=LINE('',#2461,#366);
#283=LINE('',#2464,#367);
#284=LINE('',#2465,#368);
#285=LINE('',#2468,#369);
#286=LINE('',#2470,#370);
#287=LINE('',#2473,#371);
#288=LINE('',#2475,#372);
#289=LINE('',#2476,#373);
#290=LINE('',#2478,#374);
#291=LINE('',#2480,#375);
#292=LINE('',#2482,#376);
#293=LINE('',#2485,#377);
#294=LINE('',#2487,#378);
#295=LINE('',#2489,#379);
#296=LINE('',#2491,#380);
#297=LINE('',#2493,#381);
#298=LINE('',#2495,#382);
#299=LINE('',#2497,#383);
#300=LINE('',#2498,#384);
#301=VECTOR('',#1072,1.12029710672457);
#302=VECTOR('',#1075,10.0854076355212);
#303=VECTOR('',#1082,10.0854076355212);
#304=VECTOR('',#1085,1.12029710672454);
#305=VECTOR('',#1086,9.51193473254687);
#306=VECTOR('',#1087,14.1278668033428);
#307=VECTOR('',#1088,9.5119347325469);
#308=VECTOR('',#1093,14.1278668033428);
#309=VECTOR('',#1094,9.51193473254682);
#310=VECTOR('',#1095,2.20334308031908);
#311=VECTOR('',#1096,11.1684536091158);
#312=VECTOR('',#1103,11.1684536091158);
#313=VECTOR('',#1104,2.2033430803191);
#314=VECTOR('',#1105,9.51193473254685);
#315=VECTOR('',#1110,5.52311912691636);
#316=VECTOR('',#1111,19.9090909090911);
#317=VECTOR('',#1112,13.750862079216);
#318=VECTOR('',#1113,19.9090909090911);
#319=VECTOR('',#1114,5.52311912691637);
#320=VECTOR('',#1115,19.9090909090911);
#321=VECTOR('',#1116,13.750862079216);
#322=VECTOR('',#1117,19.9090909090911);
#323=VECTOR('',#1128,10.0854076355212);
#324=VECTOR('',#1131,60.9169540264054);
#325=VECTOR('',#1132,11.1684536091158);
#326=VECTOR('',#1139,11.1684536091157);
#327=VECTOR('',#1140,60.9169540264054);
#328=VECTOR('',#1143,10.0854076355212);
#329=VECTOR('',#1150,8.99999999999999);
#330=VECTOR('',#1151,70.2527958767955);
#331=VECTOR('',#1152,8.99999999999999);
#332=VECTOR('',#1153,70.2527958767955);
#333=VECTOR('',#1160,8.99999999999999);
#334=VECTOR('',#1161,7.21439106639016);
#335=VECTOR('',#1162,7.21439106639016);
#336=VECTOR('',#1165,2.25180730377619);
#337=VECTOR('',#1168,2.25180760116178);
#338=VECTOR('',#1169,36.6047683887653);
#339=VECTOR('',#1170,2.25180762216526);
#340=VECTOR('',#1173,2.25180724903654);
#341=VECTOR('',#1174,36.6047683887653);
#342=VECTOR('',#1181,7.21439106639014);
#343=VECTOR('',#1182,8.99999999999999);
#344=VECTOR('',#1183,7.21439106639014);
#345=VECTOR('',#1188,10.6708542639781);
#346=VECTOR('',#1191,10.5276725479435);
#347=VECTOR('',#1192,10.5276725479435);
#348=VECTOR('',#1197,10.6708542639781);
#349=VECTOR('',#1200,10.5276725479435);
#350=VECTOR('',#1201,10.5276725479435);
#351=VECTOR('',#1216,4.5);
#352=VECTOR('',#1219,4.50000000000001);
#353=VECTOR('',#1222,3.);
#354=VECTOR('',#1223,3.);
#355=VECTOR('',#1226,3.);
#356=VECTOR('',#1227,3.);
#357=VECTOR('',#1230,1.60000000000001);
#358=VECTOR('',#1235,1.6);
#359=VECTOR('',#1240,1.6);
#360=VECTOR('',#1245,1.6);
#361=VECTOR('',#1252,10.);
#362=VECTOR('',#1253,10.);
#363=VECTOR('',#1258,3.10000000000001);
#364=VECTOR('',#1261,3.10000000000001);
#365=VECTOR('',#1262,10.);
#366=VECTOR('',#1263,10.);
#367=VECTOR('',#1268,3.);
#368=VECTOR('',#1269,3.);
#369=VECTOR('',#1272,14.4772997367023);
#370=VECTOR('',#1273,14.4772997367022);
#371=VECTOR('',#1278,14.7699232082975);
#372=VECTOR('',#1281,3.00000000000001);
#373=VECTOR('',#1282,3.);
#374=VECTOR('',#1285,14.7699232082975);
#375=VECTOR('',#1288,3.00000000000003);
#376=VECTOR('',#1291,3.);
#377=VECTOR('',#1294,14.4772997367023);
#378=VECTOR('',#1295,14.4772997367022);
#379=VECTOR('',#1298,3.00000000000003);
#380=VECTOR('',#1301,14.7699232082975);
#381=VECTOR('',#1304,14.7699232082975);
#382=VECTOR('',#1307,3.00000000000003);
#383=VECTOR('',#1310,3.);
#384=VECTOR('',#1311,3.00000000000001);
#385=VERTEX_POINT('',#1346);
#386=VERTEX_POINT('',#1347);
#387=VERTEX_POINT('',#1349);
#388=VERTEX_POINT('',#1351);
#389=VERTEX_POINT('',#1353);
#390=VERTEX_POINT('',#1355);
#391=VERTEX_POINT('',#1357);
#392=VERTEX_POINT('',#1359);
#393=VERTEX_POINT('',#1361);
#394=VERTEX_POINT('',#1363);
#395=VERTEX_POINT('',#1365);
#396=VERTEX_POINT('',#1367);
#397=VERTEX_POINT('',#1370);
#398=VERTEX_POINT('',#1373);
#399=VERTEX_POINT('',#1374);
#400=VERTEX_POINT('',#1376);
#401=VERTEX_POINT('',#1378);
#402=VERTEX_POINT('',#1380);
#403=VERTEX_POINT('',#1382);
#404=VERTEX_POINT('',#1384);
#405=VERTEX_POINT('',#1386);
#406=VERTEX_POINT('',#1388);
#407=VERTEX_POINT('',#1390);
#408=VERTEX_POINT('',#1393);
#409=VERTEX_POINT('',#1396);
#410=VERTEX_POINT('',#1397);
#411=VERTEX_POINT('',#1399);
#412=VERTEX_POINT('',#1401);
#413=VERTEX_POINT('',#1403);
#414=VERTEX_POINT('',#1405);
#415=VERTEX_POINT('',#1407);
#416=VERTEX_POINT('',#1409);
#417=VERTEX_POINT('',#1412);
#418=VERTEX_POINT('',#1414);
#419=VERTEX_POINT('',#1416);
#420=VERTEX_POINT('',#1418);
#421=VERTEX_POINT('',#1421);
#422=VERTEX_POINT('',#1422);
#423=VERTEX_POINT('',#1424);
#424=VERTEX_POINT('',#1426);
#425=VERTEX_POINT('',#1428);
#426=VERTEX_POINT('',#1430);
#427=VERTEX_POINT('',#1432);
#428=VERTEX_POINT('',#1434);
#429=VERTEX_POINT('',#1436);
#430=VERTEX_POINT('',#1438);
#431=VERTEX_POINT('',#1440);
#432=VERTEX_POINT('',#1442);
#433=VERTEX_POINT('',#1444);
#434=VERTEX_POINT('',#1446);
#435=VERTEX_POINT('',#1449);
#436=VERTEX_POINT('',#1450);
#437=VERTEX_POINT('',#1452);
#438=VERTEX_POINT('',#1454);
#439=VERTEX_POINT('',#1457);
#440=VERTEX_POINT('',#1459);
#441=VERTEX_POINT('',#1462);
#442=VERTEX_POINT('',#1463);
#443=VERTEX_POINT('',#1468);
#444=VERTEX_POINT('',#1469);
#445=VERTEX_POINT('',#1471);
#446=VERTEX_POINT('',#1473);
#447=VERTEX_POINT('',#1475);
#448=VERTEX_POINT('',#1477);
#449=VERTEX_POINT('',#1479);
#450=VERTEX_POINT('',#1481);
#451=VERTEX_POINT('',#1484);
#452=VERTEX_POINT('',#1486);
#453=VERTEX_POINT('',#1489);
#454=VERTEX_POINT('',#1491);
#455=VERTEX_POINT('',#1495);
#456=VERTEX_POINT('',#1496);
#457=VERTEX_POINT('',#1498);
#458=VERTEX_POINT('',#1500);
#459=VERTEX_POINT('',#1505);
#460=VERTEX_POINT('',#1506);
#461=VERTEX_POINT('',#1508);
#462=VERTEX_POINT('',#1510);
#463=VERTEX_POINT('',#1726);
#464=VERTEX_POINT('',#1728);
#465=VERTEX_POINT('',#1739);
#466=VERTEX_POINT('',#1784);
#467=VERTEX_POINT('',#1786);
#468=VERTEX_POINT('',#1827);
#469=VERTEX_POINT('',#1840);
#470=VERTEX_POINT('',#1844);
#471=VERTEX_POINT('',#2466);
#472=VERTEX_POINT('',#2469);
#473=VERTEX_POINT('',#2483);
#474=VERTEX_POINT('',#2486);
#475=EDGE_CURVE('',#385,#386,#217,.T.);
#476=EDGE_CURVE('',#385,#387,#181,.F.);
#477=EDGE_CURVE('',#388,#387,#218,.T.);
#478=EDGE_CURVE('',#388,#389,#182,.T.);
#479=EDGE_CURVE('',#389,#390,#183,.F.);
#480=EDGE_CURVE('',#390,#391,#184,.T.);
#481=EDGE_CURVE('',#392,#391,#219,.T.);
#482=EDGE_CURVE('',#392,#393,#185,.F.);
#483=EDGE_CURVE('',#394,#393,#220,.T.);
#484=EDGE_CURVE('',#394,#395,#221,.F.);
#485=EDGE_CURVE('',#395,#396,#222,.F.);
#486=EDGE_CURVE('',#396,#386,#223,.F.);
#487=EDGE_CURVE('',#397,#397,#186,.T.);
#488=EDGE_CURVE('',#398,#399,#224,.T.);
#489=EDGE_CURVE('',#399,#400,#225,.F.);
#490=EDGE_CURVE('',#401,#400,#226,.T.);
#491=EDGE_CURVE('',#402,#401,#227,.T.);
#492=EDGE_CURVE('',#402,#403,#187,.T.);
#493=EDGE_CURVE('',#403,#404,#188,.F.);
#494=EDGE_CURVE('',#404,#405,#189,.T.);
#495=EDGE_CURVE('',#406,#405,#228,.T.);
#496=EDGE_CURVE('',#407,#406,#229,.T.);
#497=EDGE_CURVE('',#407,#398,#230,.F.);
#498=EDGE_CURVE('',#408,#408,#190,.T.);
#499=EDGE_CURVE('',#409,#410,#231,.T.);
#500=EDGE_CURVE('',#409,#411,#232,.T.);
#501=EDGE_CURVE('',#412,#411,#233,.T.);
#502=EDGE_CURVE('',#412,#413,#234,.T.);
#503=EDGE_CURVE('',#413,#414,#235,.T.);
#504=EDGE_CURVE('',#414,#415,#236,.T.);
#505=EDGE_CURVE('',#416,#415,#237,.T.);
#506=EDGE_CURVE('',#416,#410,#238,.T.);
#507=EDGE_CURVE('',#417,#417,#191,.T.);
#508=EDGE_CURVE('',#418,#418,#192,.T.);
#509=EDGE_CURVE('',#419,#419,#193,.T.);
#510=EDGE_CURVE('',#420,#420,#194,.T.);
#511=EDGE_CURVE('',#421,#422,#239,.T.);
#512=EDGE_CURVE('',#422,#423,#195,.T.);
#513=EDGE_CURVE('',#424,#423,#240,.T.);
#514=EDGE_CURVE('',#424,#425,#241,.T.);
#515=EDGE_CURVE('',#425,#426,#196,.F.);
#516=EDGE_CURVE('',#426,#427,#197,.T.);
#517=EDGE_CURVE('',#427,#428,#198,.F.);
#518=EDGE_CURVE('',#428,#429,#242,.T.);
#519=EDGE_CURVE('',#430,#429,#243,.T.);
#520=EDGE_CURVE('',#430,#431,#199,.T.);
#521=EDGE_CURVE('',#431,#432,#244,.T.);
#522=EDGE_CURVE('',#432,#433,#200,.F.);
#523=EDGE_CURVE('',#433,#434,#201,.T.);
#524=EDGE_CURVE('',#434,#421,#202,.F.);
#525=EDGE_CURVE('',#435,#436,#245,.T.);
#526=EDGE_CURVE('',#436,#437,#246,.T.);
#527=EDGE_CURVE('',#438,#437,#247,.T.);
#528=EDGE_CURVE('',#438,#435,#248,.T.);
#529=EDGE_CURVE('',#439,#439,#203,.F.);
#530=EDGE_CURVE('',#440,#440,#204,.F.);
#531=EDGE_CURVE('',#441,#442,#249,.T.);
#532=EDGE_CURVE('',#442,#436,#250,.T.);
#533=EDGE_CURVE('',#435,#441,#251,.T.);
#534=EDGE_CURVE('',#443,#444,#252,.T.);
#535=EDGE_CURVE('',#444,#445,#205,.T.);
#536=EDGE_CURVE('',#445,#446,#253,.T.);
#537=EDGE_CURVE('',#447,#446,#254,.T.);
#538=EDGE_CURVE('',#447,#448,#255,.F.);
#539=EDGE_CURVE('',#448,#449,#206,.T.);
#540=EDGE_CURVE('',#449,#450,#256,.F.);
#541=EDGE_CURVE('',#443,#450,#257,.T.);
#542=EDGE_CURVE('',#451,#451,#207,.T.);
#543=EDGE_CURVE('',#452,#452,#208,.T.);
#544=EDGE_CURVE('',#437,#453,#258,.T.);
#545=EDGE_CURVE('',#453,#454,#259,.F.);
#546=EDGE_CURVE('',#454,#438,#260,.T.);
#547=EDGE_CURVE('',#455,#456,#49,.T.);
#548=EDGE_CURVE('',#456,#457,#261,.F.);
#549=EDGE_CURVE('',#457,#458,#50,.T.);
#550=EDGE_CURVE('',#458,#409,#262,.F.);
#551=EDGE_CURVE('',#410,#455,#263,.F.);
#552=EDGE_CURVE('',#459,#460,#51,.T.);
#553=EDGE_CURVE('',#460,#461,#264,.T.);
#554=EDGE_CURVE('',#461,#462,#52,.T.);
#555=EDGE_CURVE('',#462,#414,#265,.F.);
#556=EDGE_CURVE('',#413,#459,#266,.F.);
#557=EDGE_CURVE('',#449,#448,#21,.T.);
#558=EDGE_CURVE('',#447,#442,#209,.F.);
#559=EDGE_CURVE('',#441,#450,#210,.F.);
#560=EDGE_CURVE('',#445,#444,#22,.T.);
#561=EDGE_CURVE('',#443,#454,#211,.F.);
#562=EDGE_CURVE('',#453,#446,#212,.F.);
#563=EDGE_CURVE('',#440,#397,#267,.T.);
#564=EDGE_CURVE('',#439,#408,#268,.T.);
#565=EDGE_CURVE('',#403,#427,#269,.T.);
#566=EDGE_CURVE('',#426,#404,#270,.F.);
#567=EDGE_CURVE('',#433,#390,#271,.F.);
#568=EDGE_CURVE('',#389,#434,#272,.T.);
#569=EDGE_CURVE('',#417,#463,#273,.T.);
#570=EDGE_CURVE('',#463,#464,#23,.T.);
#571=EDGE_CURVE('',#464,#465,#213,.F.);
#572=EDGE_CURVE('',#465,#463,#24,.T.);
#573=EDGE_CURVE('',#420,#466,#274,.T.);
#574=EDGE_CURVE('',#466,#467,#25,.T.);
#575=EDGE_CURVE('',#467,#468,#214,.F.);
#576=EDGE_CURVE('',#468,#466,#26,.T.);
#577=EDGE_CURVE('',#418,#469,#275,.T.);
#578=EDGE_CURVE('',#469,#469,#215,.F.);
#579=EDGE_CURVE('',#419,#470,#276,.T.);
#580=EDGE_CURVE('',#470,#470,#216,.F.);
#581=EDGE_CURVE('',#464,#445,#277,.T.);
#582=EDGE_CURVE('',#444,#465,#278,.T.);
#583=EDGE_CURVE('',#469,#451,#279,.T.);
#584=EDGE_CURVE('',#470,#452,#280,.T.);
#585=EDGE_CURVE('',#467,#449,#281,.T.);
#586=EDGE_CURVE('',#448,#468,#282,.T.);
#587=EDGE_CURVE('',#393,#430,#283,.F.);
#588=EDGE_CURVE('',#429,#401,#284,.T.);
#589=EDGE_CURVE('',#400,#471,#53,.F.);
#590=EDGE_CURVE('',#471,#416,#285,.F.);
#591=EDGE_CURVE('',#415,#472,#286,.F.);
#592=EDGE_CURVE('',#472,#394,#54,.F.);
#593=EDGE_CURVE('',#462,#472,#287,.F.);
#594=EDGE_CURVE('',#431,#392,#288,.T.);
#595=EDGE_CURVE('',#391,#432,#289,.T.);
#596=EDGE_CURVE('',#471,#455,#290,.F.);
#597=EDGE_CURVE('',#428,#402,#291,.F.);
#598=EDGE_CURVE('',#423,#385,#292,.T.);
#599=EDGE_CURVE('',#386,#473,#55,.F.);
#600=EDGE_CURVE('',#473,#412,#293,.F.);
#601=EDGE_CURVE('',#411,#474,#294,.F.);
#602=EDGE_CURVE('',#474,#407,#56,.F.);
#603=EDGE_CURVE('',#424,#406,#295,.T.);
#604=EDGE_CURVE('',#458,#474,#296,.F.);
#605=EDGE_CURVE('',#473,#459,#297,.F.);
#606=EDGE_CURVE('',#405,#425,#298,.T.);
#607=EDGE_CURVE('',#421,#388,#299,.F.);
#608=EDGE_CURVE('',#387,#422,#300,.F.);
#609=EDGE_CURVE('',#398,#457,#57,.T.);
#610=EDGE_CURVE('',#399,#456,#58,.T.);
#611=EDGE_CURVE('',#395,#461,#59,.T.);
#612=EDGE_CURVE('',#396,#460,#60,.F.);
#613=ORIENTED_EDGE('',*,*,#475,.F.);
#614=ORIENTED_EDGE('',*,*,#476,.T.);
#615=ORIENTED_EDGE('',*,*,#477,.F.);
#616=ORIENTED_EDGE('',*,*,#478,.T.);
#617=ORIENTED_EDGE('',*,*,#479,.T.);
#618=ORIENTED_EDGE('',*,*,#480,.T.);
#619=ORIENTED_EDGE('',*,*,#481,.F.);
#620=ORIENTED_EDGE('',*,*,#482,.T.);
#621=ORIENTED_EDGE('',*,*,#483,.F.);
#622=ORIENTED_EDGE('',*,*,#484,.T.);
#623=ORIENTED_EDGE('',*,*,#485,.T.);
#624=ORIENTED_EDGE('',*,*,#486,.T.);
#625=ORIENTED_EDGE('',*,*,#487,.F.);
#626=ORIENTED_EDGE('',*,*,#488,.T.);
#627=ORIENTED_EDGE('',*,*,#489,.T.);
#628=ORIENTED_EDGE('',*,*,#490,.F.);
#629=ORIENTED_EDGE('',*,*,#491,.F.);
#630=ORIENTED_EDGE('',*,*,#492,.T.);
#631=ORIENTED_EDGE('',*,*,#493,.T.);
#632=ORIENTED_EDGE('',*,*,#494,.T.);
#633=ORIENTED_EDGE('',*,*,#495,.F.);
#634=ORIENTED_EDGE('',*,*,#496,.F.);
#635=ORIENTED_EDGE('',*,*,#497,.T.);
#636=ORIENTED_EDGE('',*,*,#498,.F.);
#637=ORIENTED_EDGE('',*,*,#499,.F.);
#638=ORIENTED_EDGE('',*,*,#500,.T.);
#639=ORIENTED_EDGE('',*,*,#501,.F.);
#640=ORIENTED_EDGE('',*,*,#502,.T.);
#641=ORIENTED_EDGE('',*,*,#503,.T.);
#642=ORIENTED_EDGE('',*,*,#504,.T.);
#643=ORIENTED_EDGE('',*,*,#505,.F.);
#644=ORIENTED_EDGE('',*,*,#506,.T.);
#645=ORIENTED_EDGE('',*,*,#507,.T.);
#646=ORIENTED_EDGE('',*,*,#508,.T.);
#647=ORIENTED_EDGE('',*,*,#509,.T.);
#648=ORIENTED_EDGE('',*,*,#510,.T.);
#649=ORIENTED_EDGE('',*,*,#511,.T.);
#650=ORIENTED_EDGE('',*,*,#512,.T.);
#651=ORIENTED_EDGE('',*,*,#513,.F.);
#652=ORIENTED_EDGE('',*,*,#514,.T.);
#653=ORIENTED_EDGE('',*,*,#515,.T.);
#654=ORIENTED_EDGE('',*,*,#516,.T.);
#655=ORIENTED_EDGE('',*,*,#517,.T.);
#656=ORIENTED_EDGE('',*,*,#518,.T.);
#657=ORIENTED_EDGE('',*,*,#519,.F.);
#658=ORIENTED_EDGE('',*,*,#520,.T.);
#659=ORIENTED_EDGE('',*,*,#521,.T.);
#660=ORIENTED_EDGE('',*,*,#522,.T.);
#661=ORIENTED_EDGE('',*,*,#523,.T.);
#662=ORIENTED_EDGE('',*,*,#524,.T.);
#663=ORIENTED_EDGE('',*,*,#525,.T.);
#664=ORIENTED_EDGE('',*,*,#526,.T.);
#665=ORIENTED_EDGE('',*,*,#527,.F.);
#666=ORIENTED_EDGE('',*,*,#528,.T.);
#667=ORIENTED_EDGE('',*,*,#529,.T.);
#668=ORIENTED_EDGE('',*,*,#530,.T.);
#669=ORIENTED_EDGE('',*,*,#531,.T.);
#670=ORIENTED_EDGE('',*,*,#532,.T.);
#671=ORIENTED_EDGE('',*,*,#525,.F.);
#672=ORIENTED_EDGE('',*,*,#533,.T.);
#673=ORIENTED_EDGE('',*,*,#534,.T.);
#674=ORIENTED_EDGE('',*,*,#535,.T.);
#675=ORIENTED_EDGE('',*,*,#536,.T.);
#676=ORIENTED_EDGE('',*,*,#537,.F.);
#677=ORIENTED_EDGE('',*,*,#538,.T.);
#678=ORIENTED_EDGE('',*,*,#539,.T.);
#679=ORIENTED_EDGE('',*,*,#540,.T.);
#680=ORIENTED_EDGE('',*,*,#541,.F.);
#681=ORIENTED_EDGE('',*,*,#542,.T.);
#682=ORIENTED_EDGE('',*,*,#543,.T.);
#683=ORIENTED_EDGE('',*,*,#527,.T.);
#684=ORIENTED_EDGE('',*,*,#544,.T.);
#685=ORIENTED_EDGE('',*,*,#545,.T.);
#686=ORIENTED_EDGE('',*,*,#546,.T.);
#687=ORIENTED_EDGE('',*,*,#547,.T.);
#688=ORIENTED_EDGE('',*,*,#548,.T.);
#689=ORIENTED_EDGE('',*,*,#549,.T.);
#690=ORIENTED_EDGE('',*,*,#550,.T.);
#691=ORIENTED_EDGE('',*,*,#499,.T.);
#692=ORIENTED_EDGE('',*,*,#551,.T.);
#693=ORIENTED_EDGE('',*,*,#552,.T.);
#694=ORIENTED_EDGE('',*,*,#553,.T.);
#695=ORIENTED_EDGE('',*,*,#554,.T.);
#696=ORIENTED_EDGE('',*,*,#555,.T.);
#697=ORIENTED_EDGE('',*,*,#503,.F.);
#698=ORIENTED_EDGE('',*,*,#556,.T.);
#699=ORIENTED_EDGE('',*,*,#540,.F.);
#700=ORIENTED_EDGE('',*,*,#557,.T.);
#701=ORIENTED_EDGE('',*,*,#538,.F.);
#702=ORIENTED_EDGE('',*,*,#558,.T.);
#703=ORIENTED_EDGE('',*,*,#531,.F.);
#704=ORIENTED_EDGE('',*,*,#559,.T.);
#705=ORIENTED_EDGE('',*,*,#536,.F.);
#706=ORIENTED_EDGE('',*,*,#560,.T.);
#707=ORIENTED_EDGE('',*,*,#534,.F.);
#708=ORIENTED_EDGE('',*,*,#561,.T.);
#709=ORIENTED_EDGE('',*,*,#545,.F.);
#710=ORIENTED_EDGE('',*,*,#562,.T.);
#711=ORIENTED_EDGE('',*,*,#530,.F.);
#712=ORIENTED_EDGE('',*,*,#563,.T.);
#713=ORIENTED_EDGE('',*,*,#487,.T.);
#714=ORIENTED_EDGE('',*,*,#563,.F.);
#715=ORIENTED_EDGE('',*,*,#529,.F.);
#716=ORIENTED_EDGE('',*,*,#564,.T.);
#717=ORIENTED_EDGE('',*,*,#498,.T.);
#718=ORIENTED_EDGE('',*,*,#564,.F.);
#719=ORIENTED_EDGE('',*,*,#493,.F.);
#720=ORIENTED_EDGE('',*,*,#565,.T.);
#721=ORIENTED_EDGE('',*,*,#516,.F.);
#722=ORIENTED_EDGE('',*,*,#566,.T.);
#723=ORIENTED_EDGE('',*,*,#523,.F.);
#724=ORIENTED_EDGE('',*,*,#567,.T.);
#725=ORIENTED_EDGE('',*,*,#479,.F.);
#726=ORIENTED_EDGE('',*,*,#568,.T.);
#727=ORIENTED_EDGE('',*,*,#507,.F.);
#728=ORIENTED_EDGE('',*,*,#569,.T.);
#729=ORIENTED_EDGE('',*,*,#570,.T.);
#730=ORIENTED_EDGE('',*,*,#571,.T.);
#731=ORIENTED_EDGE('',*,*,#572,.T.);
#732=ORIENTED_EDGE('',*,*,#569,.F.);
#733=ORIENTED_EDGE('',*,*,#510,.F.);
#734=ORIENTED_EDGE('',*,*,#573,.T.);
#735=ORIENTED_EDGE('',*,*,#574,.T.);
#736=ORIENTED_EDGE('',*,*,#575,.T.);
#737=ORIENTED_EDGE('',*,*,#576,.T.);
#738=ORIENTED_EDGE('',*,*,#573,.F.);
#739=ORIENTED_EDGE('',*,*,#508,.F.);
#740=ORIENTED_EDGE('',*,*,#577,.T.);
#741=ORIENTED_EDGE('',*,*,#578,.T.);
#742=ORIENTED_EDGE('',*,*,#577,.F.);
#743=ORIENTED_EDGE('',*,*,#509,.F.);
#744=ORIENTED_EDGE('',*,*,#579,.T.);
#745=ORIENTED_EDGE('',*,*,#580,.T.);
#746=ORIENTED_EDGE('',*,*,#579,.F.);
#747=ORIENTED_EDGE('',*,*,#533,.F.);
#748=ORIENTED_EDGE('',*,*,#528,.F.);
#749=ORIENTED_EDGE('',*,*,#546,.F.);
#750=ORIENTED_EDGE('',*,*,#561,.F.);
#751=ORIENTED_EDGE('',*,*,#541,.T.);
#752=ORIENTED_EDGE('',*,*,#559,.F.);
#753=ORIENTED_EDGE('',*,*,#532,.F.);
#754=ORIENTED_EDGE('',*,*,#558,.F.);
#755=ORIENTED_EDGE('',*,*,#537,.T.);
#756=ORIENTED_EDGE('',*,*,#562,.F.);
#757=ORIENTED_EDGE('',*,*,#544,.F.);
#758=ORIENTED_EDGE('',*,*,#526,.F.);
#759=ORIENTED_EDGE('',*,*,#581,.F.);
#760=ORIENTED_EDGE('',*,*,#570,.F.);
#761=ORIENTED_EDGE('',*,*,#572,.F.);
#762=ORIENTED_EDGE('',*,*,#582,.F.);
#763=ORIENTED_EDGE('',*,*,#560,.F.);
#764=ORIENTED_EDGE('',*,*,#582,.T.);
#765=ORIENTED_EDGE('',*,*,#571,.F.);
#766=ORIENTED_EDGE('',*,*,#581,.T.);
#767=ORIENTED_EDGE('',*,*,#535,.F.);
#768=ORIENTED_EDGE('',*,*,#578,.F.);
#769=ORIENTED_EDGE('',*,*,#583,.T.);
#770=ORIENTED_EDGE('',*,*,#542,.F.);
#771=ORIENTED_EDGE('',*,*,#583,.F.);
#772=ORIENTED_EDGE('',*,*,#580,.F.);
#773=ORIENTED_EDGE('',*,*,#584,.T.);
#774=ORIENTED_EDGE('',*,*,#543,.F.);
#775=ORIENTED_EDGE('',*,*,#584,.F.);
#776=ORIENTED_EDGE('',*,*,#585,.F.);
#777=ORIENTED_EDGE('',*,*,#574,.F.);
#778=ORIENTED_EDGE('',*,*,#576,.F.);
#779=ORIENTED_EDGE('',*,*,#586,.F.);
#780=ORIENTED_EDGE('',*,*,#557,.F.);
#781=ORIENTED_EDGE('',*,*,#586,.T.);
#782=ORIENTED_EDGE('',*,*,#575,.F.);
#783=ORIENTED_EDGE('',*,*,#585,.T.);
#784=ORIENTED_EDGE('',*,*,#539,.F.);
#785=ORIENTED_EDGE('',*,*,#483,.T.);
#786=ORIENTED_EDGE('',*,*,#587,.T.);
#787=ORIENTED_EDGE('',*,*,#519,.T.);
#788=ORIENTED_EDGE('',*,*,#588,.T.);
#789=ORIENTED_EDGE('',*,*,#490,.T.);
#790=ORIENTED_EDGE('',*,*,#589,.T.);
#791=ORIENTED_EDGE('',*,*,#590,.T.);
#792=ORIENTED_EDGE('',*,*,#505,.T.);
#793=ORIENTED_EDGE('',*,*,#591,.T.);
#794=ORIENTED_EDGE('',*,*,#592,.T.);
#795=ORIENTED_EDGE('',*,*,#555,.F.);
#796=ORIENTED_EDGE('',*,*,#593,.T.);
#797=ORIENTED_EDGE('',*,*,#591,.F.);
#798=ORIENTED_EDGE('',*,*,#504,.F.);
#799=ORIENTED_EDGE('',*,*,#521,.F.);
#800=ORIENTED_EDGE('',*,*,#594,.T.);
#801=ORIENTED_EDGE('',*,*,#481,.T.);
#802=ORIENTED_EDGE('',*,*,#595,.T.);
#803=ORIENTED_EDGE('',*,*,#590,.F.);
#804=ORIENTED_EDGE('',*,*,#596,.T.);
#805=ORIENTED_EDGE('',*,*,#551,.F.);
#806=ORIENTED_EDGE('',*,*,#506,.F.);
#807=ORIENTED_EDGE('',*,*,#518,.F.);
#808=ORIENTED_EDGE('',*,*,#597,.T.);
#809=ORIENTED_EDGE('',*,*,#491,.T.);
#810=ORIENTED_EDGE('',*,*,#588,.F.);
#811=ORIENTED_EDGE('',*,*,#513,.T.);
#812=ORIENTED_EDGE('',*,*,#598,.T.);
#813=ORIENTED_EDGE('',*,*,#475,.T.);
#814=ORIENTED_EDGE('',*,*,#599,.T.);
#815=ORIENTED_EDGE('',*,*,#600,.T.);
#816=ORIENTED_EDGE('',*,*,#501,.T.);
#817=ORIENTED_EDGE('',*,*,#601,.T.);
#818=ORIENTED_EDGE('',*,*,#602,.T.);
#819=ORIENTED_EDGE('',*,*,#496,.T.);
#820=ORIENTED_EDGE('',*,*,#603,.F.);
#821=ORIENTED_EDGE('',*,*,#550,.F.);
#822=ORIENTED_EDGE('',*,*,#604,.T.);
#823=ORIENTED_EDGE('',*,*,#601,.F.);
#824=ORIENTED_EDGE('',*,*,#500,.F.);
#825=ORIENTED_EDGE('',*,*,#600,.F.);
#826=ORIENTED_EDGE('',*,*,#605,.T.);
#827=ORIENTED_EDGE('',*,*,#556,.F.);
#828=ORIENTED_EDGE('',*,*,#502,.F.);
#829=ORIENTED_EDGE('',*,*,#495,.T.);
#830=ORIENTED_EDGE('',*,*,#606,.T.);
#831=ORIENTED_EDGE('',*,*,#514,.F.);
#832=ORIENTED_EDGE('',*,*,#603,.T.);
#833=ORIENTED_EDGE('',*,*,#511,.F.);
#834=ORIENTED_EDGE('',*,*,#607,.T.);
#835=ORIENTED_EDGE('',*,*,#477,.T.);
#836=ORIENTED_EDGE('',*,*,#608,.T.);
#837=ORIENTED_EDGE('',*,*,#604,.F.);
#838=ORIENTED_EDGE('',*,*,#549,.F.);
#839=ORIENTED_EDGE('',*,*,#609,.F.);
#840=ORIENTED_EDGE('',*,*,#497,.F.);
#841=ORIENTED_EDGE('',*,*,#602,.F.);
#842=ORIENTED_EDGE('',*,*,#548,.F.);
#843=ORIENTED_EDGE('',*,*,#610,.F.);
#844=ORIENTED_EDGE('',*,*,#488,.F.);
#845=ORIENTED_EDGE('',*,*,#609,.T.);
#846=ORIENTED_EDGE('',*,*,#547,.F.);
#847=ORIENTED_EDGE('',*,*,#596,.F.);
#848=ORIENTED_EDGE('',*,*,#589,.F.);
#849=ORIENTED_EDGE('',*,*,#489,.F.);
#850=ORIENTED_EDGE('',*,*,#610,.T.);
#851=ORIENTED_EDGE('',*,*,#593,.F.);
#852=ORIENTED_EDGE('',*,*,#554,.F.);
#853=ORIENTED_EDGE('',*,*,#611,.F.);
#854=ORIENTED_EDGE('',*,*,#484,.F.);
#855=ORIENTED_EDGE('',*,*,#592,.F.);
#856=ORIENTED_EDGE('',*,*,#553,.F.);
#857=ORIENTED_EDGE('',*,*,#612,.F.);
#858=ORIENTED_EDGE('',*,*,#485,.F.);
#859=ORIENTED_EDGE('',*,*,#611,.T.);
#860=ORIENTED_EDGE('',*,*,#552,.F.);
#861=ORIENTED_EDGE('',*,*,#605,.F.);
#862=ORIENTED_EDGE('',*,*,#599,.F.);
#863=ORIENTED_EDGE('',*,*,#486,.F.);
#864=ORIENTED_EDGE('',*,*,#612,.T.);
#865=ORIENTED_EDGE('',*,*,#517,.F.);
#866=ORIENTED_EDGE('',*,*,#565,.F.);
#867=ORIENTED_EDGE('',*,*,#492,.F.);
#868=ORIENTED_EDGE('',*,*,#597,.F.);
#869=ORIENTED_EDGE('',*,*,#494,.F.);
#870=ORIENTED_EDGE('',*,*,#566,.F.);
#871=ORIENTED_EDGE('',*,*,#515,.F.);
#872=ORIENTED_EDGE('',*,*,#606,.F.);
#873=ORIENTED_EDGE('',*,*,#524,.F.);
#874=ORIENTED_EDGE('',*,*,#568,.F.);
#875=ORIENTED_EDGE('',*,*,#478,.F.);
#876=ORIENTED_EDGE('',*,*,#607,.F.);
#877=ORIENTED_EDGE('',*,*,#512,.F.);
#878=ORIENTED_EDGE('',*,*,#608,.F.);
#879=ORIENTED_EDGE('',*,*,#476,.F.);
#880=ORIENTED_EDGE('',*,*,#598,.F.);
#881=ORIENTED_EDGE('',*,*,#520,.F.);
#882=ORIENTED_EDGE('',*,*,#587,.F.);
#883=ORIENTED_EDGE('',*,*,#482,.F.);
#884=ORIENTED_EDGE('',*,*,#594,.F.);
#885=ORIENTED_EDGE('',*,*,#480,.F.);
#886=ORIENTED_EDGE('',*,*,#567,.F.);
#887=ORIENTED_EDGE('',*,*,#522,.F.);
#888=ORIENTED_EDGE('',*,*,#595,.F.);
#889=PLANE('',#973);
#890=PLANE('',#980);
#891=PLANE('',#985);
#892=PLANE('',#990);
#893=PLANE('',#1001);
#894=PLANE('',#1002);
#895=PLANE('',#1007);
#896=PLANE('',#1008);
#897=PLANE('',#1011);
#898=PLANE('',#1032);
#899=PLANE('',#1033);
#900=PLANE('',#1038);
#901=PLANE('',#1041);
#902=PLANE('',#1042);
#903=PLANE('',#1043);
#904=PLANE('',#1044);
#905=PLANE('',#1045);
#906=PLANE('',#1048);
#907=PLANE('',#1049);
#908=PLANE('',#1050);
#909=PLANE('',#1051);
#910=ADVANCED_FACE('',(#72,#61),#889,.F.);
#911=ADVANCED_FACE('',(#73,#62),#890,.F.);
#912=ADVANCED_FACE('',(#74,#63,#64,#65,#66),#891,.F.);
#913=ADVANCED_FACE('',(#75,#67,#68,#69),#892,.T.);
#914=ADVANCED_FACE('',(#76),#893,.F.);
#915=ADVANCED_FACE('',(#77,#70,#71),#894,.F.);
#916=ADVANCED_FACE('',(#78),#895,.F.);
#917=ADVANCED_FACE('',(#79),#896,.F.);
#918=ADVANCED_FACE('',(#80),#897,.F.);
#919=ADVANCED_FACE('',(#81),#27,.F.);
#920=ADVANCED_FACE('',(#82),#28,.F.);
#921=ADVANCED_FACE('',(#83),#29,.F.);
#922=ADVANCED_FACE('',(#84),#30,.F.);
#923=ADVANCED_FACE('',(#85),#31,.T.);
#924=ADVANCED_FACE('',(#86),#32,.T.);
#925=ADVANCED_FACE('',(#87),#33,.F.);
#926=ADVANCED_FACE('',(#88),#34,.F.);
#927=ADVANCED_FACE('',(#89),#35,.F.);
#928=ADVANCED_FACE('',(#90),#36,.F.);
#929=ADVANCED_FACE('',(#91),#898,.T.);
#930=ADVANCED_FACE('',(#92),#899,.T.);
#931=ADVANCED_FACE('',(#93),#19,.T.);
#932=ADVANCED_FACE('',(#94),#15,.F.);
#933=ADVANCED_FACE('',(#95),#16,.F.);
#934=ADVANCED_FACE('',(#96),#17,.F.);
#935=ADVANCED_FACE('',(#97),#20,.T.);
#936=ADVANCED_FACE('',(#98),#18,.F.);
#937=ADVANCED_FACE('',(#99),#900,.T.);
#938=ADVANCED_FACE('',(#100),#901,.F.);
#939=ADVANCED_FACE('',(#101),#902,.F.);
#940=ADVANCED_FACE('',(#102),#903,.F.);
#941=ADVANCED_FACE('',(#103),#904,.F.);
#942=ADVANCED_FACE('',(#104),#905,.T.);
#943=ADVANCED_FACE('',(#105),#906,.F.);
#944=ADVANCED_FACE('',(#106),#907,.F.);
#945=ADVANCED_FACE('',(#107),#908,.F.);
#946=ADVANCED_FACE('',(#108),#909,.F.);
#947=ADVANCED_FACE('',(#109),#37,.F.);
#948=ADVANCED_FACE('',(#110),#38,.F.);
#949=ADVANCED_FACE('',(#111),#39,.F.);
#950=ADVANCED_FACE('',(#112),#40,.F.);
#951=ADVANCED_FACE('',(#113),#41,.F.);
#952=ADVANCED_FACE('',(#114),#42,.F.);
#953=ADVANCED_FACE('',(#115),#43,.F.);
#954=ADVANCED_FACE('',(#116),#44,.F.);
#955=ADVANCED_FACE('',(#117),#45,.F.);
#956=ADVANCED_FACE('',(#118),#46,.T.);
#957=ADVANCED_FACE('',(#119),#47,.T.);
#958=ADVANCED_FACE('',(#120),#48,.F.);
#959=CLOSED_SHELL('',(#910,#911,#912,#913,#914,#915,#916,#917,#918,#919,
#920,#921,#922,#923,#924,#925,#926,#927,#928,#929,#930,#931,#932,#933,#934,
#935,#936,#937,#938,#939,#940,#941,#942,#943,#944,#945,#946,#947,#948,#949,
#950,#951,#952,#953,#954,#955,#956,#957,#958));
#960=DERIVED_UNIT_ELEMENT(#962,1.);
#961=DERIVED_UNIT_ELEMENT(#2520,-3.);
#962=(
MASS_UNIT()
NAMED_UNIT(*)
SI_UNIT(.KILO.,.GRAM.)
);
#963=DERIVED_UNIT((#960,#961));
#964=MEASURE_REPRESENTATION_ITEM('density measure',
POSITIVE_RATIO_MEASURE(1420.),#963);
#965=PROPERTY_DEFINITION_REPRESENTATION(#970,#967);
#966=PROPERTY_DEFINITION_REPRESENTATION(#971,#968);
#967=REPRESENTATION('material name',(#969),#2517);
#968=REPRESENTATION('density',(#964),#2517);
#969=DESCRIPTIVE_REPRESENTATION_ITEM('PET','PET');
#970=PROPERTY_DEFINITION('material property','material name',#2527);
#971=PROPERTY_DEFINITION('material property','density of part',#2527);
#972=AXIS2_PLACEMENT_3D('',#1344,#1068,#1069);
#973=AXIS2_PLACEMENT_3D('',#1345,#1070,#1071);
#974=AXIS2_PLACEMENT_3D('',#1350,#1073,#1074);
#975=AXIS2_PLACEMENT_3D('',#1354,#1076,#1077);
#976=AXIS2_PLACEMENT_3D('',#1356,#1078,#1079);
#977=AXIS2_PLACEMENT_3D('',#1358,#1080,#1081);
#978=AXIS2_PLACEMENT_3D('',#1362,#1083,#1084);
#979=AXIS2_PLACEMENT_3D('',#1371,#1089,#1090);
#980=AXIS2_PLACEMENT_3D('',#1372,#1091,#1092);
#981=AXIS2_PLACEMENT_3D('',#1383,#1097,#1098);
#982=AXIS2_PLACEMENT_3D('',#1385,#1099,#1100);
#983=AXIS2_PLACEMENT_3D('',#1387,#1101,#1102);
#984=AXIS2_PLACEMENT_3D('',#1394,#1106,#1107);
#985=AXIS2_PLACEMENT_3D('',#1395,#1108,#1109);
#986=AXIS2_PLACEMENT_3D('',#1413,#1118,#1119);
#987=AXIS2_PLACEMENT_3D('',#1415,#1120,#1121);
#988=AXIS2_PLACEMENT_3D('',#1417,#1122,#1123);
#989=AXIS2_PLACEMENT_3D('',#1419,#1124,#1125);
#990=AXIS2_PLACEMENT_3D('',#1420,#1126,#1127);
#991=AXIS2_PLACEMENT_3D('',#1425,#1129,#1130);
#992=AXIS2_PLACEMENT_3D('',#1431,#1133,#1134);
#993=AXIS2_PLACEMENT_3D('',#1433,#1135,#1136);
#994=AXIS2_PLACEMENT_3D('',#1435,#1137,#1138);
#995=AXIS2_PLACEMENT_3D('',#1441,#1141,#1142);
#996=AXIS2_PLACEMENT_3D('',#1445,#1144,#1145);
#997=AXIS2_PLACEMENT_3D('',#1447,#1146,#1147);
#998=AXIS2_PLACEMENT_3D('',#1448,#1148,#1149);
#999=AXIS2_PLACEMENT_3D('',#1458,#1154,#1155);
#1000=AXIS2_PLACEMENT_3D('',#1460,#1156,#1157);
#1001=AXIS2_PLACEMENT_3D('',#1461,#1158,#1159);
#1002=AXIS2_PLACEMENT_3D('',#1467,#1163,#1164);
#1003=AXIS2_PLACEMENT_3D('',#1472,#1166,#1167);
#1004=AXIS2_PLACEMENT_3D('',#1480,#1171,#1172);
#1005=AXIS2_PLACEMENT_3D('',#1485,#1175,#1176);
#1006=AXIS2_PLACEMENT_3D('',#1487,#1177,#1178);
#1007=AXIS2_PLACEMENT_3D('',#1488,#1179,#1180);
#1008=AXIS2_PLACEMENT_3D('',#1494,#1184,#1185);
#1009=AXIS2_PLACEMENT_3D('',#1497,#1186,#1187);
#1010=AXIS2_PLACEMENT_3D('',#1501,#1189,#1190);
#1011=AXIS2_PLACEMENT_3D('',#1504,#1193,#1194);
#1012=AXIS2_PLACEMENT_3D('',#1507,#1195,#1196);
#1013=AXIS2_PLACEMENT_3D('',#1511,#1198,#1199);
#1014=AXIS2_PLACEMENT_3D('',#1514,#1202,#1203);
#1015=AXIS2_PLACEMENT_3D('',#1541,#1204,#1205);
#1016=AXIS2_PLACEMENT_3D('',#1542,#1206,#1207);
#1017=AXIS2_PLACEMENT_3D('',#1543,#1208,#1209);
#1018=AXIS2_PLACEMENT_3D('',#1713,#1210,#1211);
#1019=AXIS2_PLACEMENT_3D('',#1714,#1212,#1213);
#1020=AXIS2_PLACEMENT_3D('',#1715,#1214,#1215);
#1021=AXIS2_PLACEMENT_3D('',#1717,#1217,#1218);
#1022=AXIS2_PLACEMENT_3D('',#1719,#1220,#1221);
#1023=AXIS2_PLACEMENT_3D('',#1722,#1224,#1225);
#1024=AXIS2_PLACEMENT_3D('',#1725,#1228,#1229);
#1025=AXIS2_PLACEMENT_3D('',#1740,#1231,#1232);
#1026=AXIS2_PLACEMENT_3D('',#1783,#1233,#1234);
#1027=AXIS2_PLACEMENT_3D('',#1828,#1236,#1237);
#1028=AXIS2_PLACEMENT_3D('',#1839,#1238,#1239);
#1029=AXIS2_PLACEMENT_3D('',#1842,#1241,#1242);
#1030=AXIS2_PLACEMENT_3D('',#1843,#1243,#1244);
#1031=AXIS2_PLACEMENT_3D('',#1846,#1246,#1247);
#1032=AXIS2_PLACEMENT_3D('',#1847,#1248,#1249);
#1033=AXIS2_PLACEMENT_3D('',#1848,#1250,#1251);
#1034=AXIS2_PLACEMENT_3D('',#2165,#1254,#1255);
#1035=AXIS2_PLACEMENT_3D('',#2166,#1256,#1257);
#1036=AXIS2_PLACEMENT_3D('',#2168,#1259,#1260);
#1037=AXIS2_PLACEMENT_3D('',#2462,#1264,#1265);
#1038=AXIS2_PLACEMENT_3D('',#2463,#1266,#1267);
#1039=AXIS2_PLACEMENT_3D('',#2467,#1270,#1271);
#1040=AXIS2_PLACEMENT_3D('',#2471,#1274,#1275);
#1041=AXIS2_PLACEMENT_3D('',#2472,#1276,#1277);
#1042=AXIS2_PLACEMENT_3D('',#2474,#1279,#1280);
#1043=AXIS2_PLACEMENT_3D('',#2477,#1283,#1284);
#1044=AXIS2_PLACEMENT_3D('',#2479,#1286,#1287);
#1045=AXIS2_PLACEMENT_3D('',#2481,#1289,#1290);
#1046=AXIS2_PLACEMENT_3D('',#2484,#1292,#1293);
#1047=AXIS2_PLACEMENT_3D('',#2488,#1296,#1297);
#1048=AXIS2_PLACEMENT_3D('',#2490,#1299,#1300);
#1049=AXIS2_PLACEMENT_3D('',#2492,#1302,#1303);
#1050=AXIS2_PLACEMENT_3D('',#2494,#1305,#1306);
#1051=AXIS2_PLACEMENT_3D('',#2496,#1308,#1309);
#1052=AXIS2_PLACEMENT_3D('',#2499,#1312,#1313);
#1053=AXIS2_PLACEMENT_3D('',#2500,#1314,#1315);
#1054=AXIS2_PLACEMENT_3D('',#2501,#1316,#1317);
#1055=AXIS2_PLACEMENT_3D('',#2502,#1318,#1319);
#1056=AXIS2_PLACEMENT_3D('',#2503,#1320,#1321);
#1057=AXIS2_PLACEMENT_3D('',#2504,#1322,#1323);
#1058=AXIS2_PLACEMENT_3D('',#2505,#1324,#1325);
#1059=AXIS2_PLACEMENT_3D('',#2506,#1326,#1327);
#1060=AXIS2_PLACEMENT_3D('',#2507,#1328,#1329);
#1061=AXIS2_PLACEMENT_3D('',#2508,#1330,#1331);
#1062=AXIS2_PLACEMENT_3D('',#2509,#1332,#1333);
#1063=AXIS2_PLACEMENT_3D('',#2510,#1334,#1335);
#1064=AXIS2_PLACEMENT_3D('',#2511,#1336,#1337);
#1065=AXIS2_PLACEMENT_3D('',#2512,#1338,#1339);
#1066=AXIS2_PLACEMENT_3D('',#2513,#1340,#1341);
#1067=AXIS2_PLACEMENT_3D('',#2514,#1342,#1343);
#1068=DIRECTION('axis',(0.,0.,1.));
#1069=DIRECTION('refdir',(1.,0.,0.));
#1070=DIRECTION('center_axis',(3.61400724161835E-16,-1.,0.));
#1071=DIRECTION('ref_axis',(0.,0.,-1.));
#1072=DIRECTION('',(1.,0.,0.));
#1073=DIRECTION('center_axis',(3.61400724161835E-16,-1.,0.));
#1074=DIRECTION('ref_axis',(1.,3.61400724161835E-16,0.));
#1075=DIRECTION('',(0.910366477462605,3.30246351386407E-16,-0.413802944301184));
#1076=DIRECTION('center_axis',(3.61400724161835E-16,-1.,0.));
#1077=DIRECTION('ref_axis',(1.,3.61400724161835E-16,0.));
#1078=DIRECTION('center_axis',(3.61400724161835E-16,-1.,0.));
#1079=DIRECTION('ref_axis',(1.,3.61400724161835E-16,0.));
#1080=DIRECTION('center_axis',(3.61400724161835E-16,-1.,0.));
#1081=DIRECTION('ref_axis',(1.,3.61400724161835E-16,0.));
#1082=DIRECTION('',(-0.910366477462605,-3.30246351386406E-16,-0.413802944301184));
#1083=DIRECTION('center_axis',(3.61400724161835E-16,-1.,0.));
#1084=DIRECTION('ref_axis',(1.,3.61400724161835E-16,0.));
#1085=DIRECTION('',(-1.,0.,0.));
#1086=DIRECTION('',(0.910366477462605,3.50156846900869E-16,0.413802944301183));
#1087=DIRECTION('',(0.,0.,1.));
#1088=DIRECTION('',(-0.910366477462605,-3.50156846900868E-16,0.413802944301183));
#1089=DIRECTION('center_axis',(-8.67361737988404E-17,1.,0.));
#1090=DIRECTION('ref_axis',(-1.,-8.67361737988404E-17,0.));
#1091=DIRECTION('center_axis',(3.61400724161835E-16,-1.,0.));
#1092=DIRECTION('ref_axis',(0.,0.,-1.));
#1093=DIRECTION('',(0.,0.,1.));
#1094=DIRECTION('',(0.910366477462605,3.5015684690087E-16,-0.413802944301184));
#1095=DIRECTION('',(-1.,0.,0.));
#1096=DIRECTION('',(-0.910366477462605,-2.98221149538281E-16,0.413802944301183));
#1097=DIRECTION('center_axis',(3.61400724161835E-16,-1.,0.));
#1098=DIRECTION('ref_axis',(1.,3.61400724161835E-16,0.));
#1099=DIRECTION('center_axis',(0.,-1.,0.));
#1100=DIRECTION('ref_axis',(0.,0.,-1.));
#1101=DIRECTION('center_axis',(3.61400724161835E-16,-1.,0.));
#1102=DIRECTION('ref_axis',(1.,3.61400724161835E-16,0.));
#1103=DIRECTION('',(0.910366477462605,2.9822114953828E-16,0.413802944301182));
#1104=DIRECTION('',(1.,0.,0.));
#1105=DIRECTION('',(-0.910366477462604,-4.08516321384348E-16,-0.413802944301185));
#1106=DIRECTION('center_axis',(-8.67361737988404E-17,1.,0.));
#1107=DIRECTION('ref_axis',(-1.,-8.67361737988404E-17,0.));
#1108=DIRECTION('center_axis',(0.,-1.,0.));
#1109=DIRECTION('ref_axis',(0.,0.,-1.));
#1110=DIRECTION('',(0.,0.,1.));
#1111=DIRECTION('',(-0.910366477462605,0.,-0.413802944301184));
#1112=DIRECTION('',(1.,-1.61476861338494E-16,0.));
#1113=DIRECTION('',(-0.910366477462605,0.,0.413802944301184));
#1114=DIRECTION('',(0.,0.,1.));
#1115=DIRECTION('',(0.910366477462605,0.,0.413802944301184));
#1116=DIRECTION('',(-1.,0.,0.));
#1117=DIRECTION('',(0.910366477462605,0.,-0.413802944301184));
#1118=DIRECTION('center_axis',(0.,-1.,0.));
#1119=DIRECTION('ref_axis',(0.,0.,-1.));
#1120=DIRECTION('center_axis',(0.,-1.,0.));
#1121=DIRECTION('ref_axis',(0.,0.,-1.));
#1122=DIRECTION('center_axis',(0.,-1.,0.));
#1123=DIRECTION('ref_axis',(0.,0.,-1.));
#1124=DIRECTION('center_axis',(0.,-1.,0.));
#1125=DIRECTION('ref_axis',(0.,0.,-1.));
#1126=DIRECTION('center_axis',(0.,-1.,0.));
#1127=DIRECTION('ref_axis',(0.,0.,-1.));
#1128=DIRECTION('',(0.910366477462605,0.,-0.413802944301184));
#1129=DIRECTION('center_axis',(0.,-1.,0.));
#1130=DIRECTION('ref_axis',(0.,0.,-1.));
#1131=DIRECTION('',(-1.,0.,0.));
#1132=DIRECTION('',(0.910366477462605,0.,0.413802944301182));
#1133=DIRECTION('center_axis',(0.,-1.,0.));
#1134=DIRECTION('ref_axis',(0.,0.,-1.));
#1135=DIRECTION('center_axis',(0.,-1.,0.));
#1136=DIRECTION('ref_axis',(0.,0.,-1.));
#1137=DIRECTION('center_axis',(0.,-1.,0.));
#1138=DIRECTION('ref_axis',(0.,0.,-1.));
#1139=DIRECTION('',(-0.910366477462605,0.,0.413802944301183));
#1140=DIRECTION('',(1.,0.,0.));
#1141=DIRECTION('center_axis',(0.,-1.,0.));
#1142=DIRECTION('ref_axis',(0.,0.,-1.));
#1143=DIRECTION('',(-0.910366477462605,0.,-0.413802944301184));
#1144=DIRECTION('center_axis',(0.,-1.,0.));
#1145=DIRECTION('ref_axis',(0.,0.,-1.));
#1146=DIRECTION('center_axis',(0.,-1.,0.));
#1147=DIRECTION('ref_axis',(0.,0.,-1.));
#1148=DIRECTION('center_axis',(0.,-1.,0.));
#1149=DIRECTION('ref_axis',(0.,0.,-1.));
#1150=DIRECTION('',(0.,0.,1.));
#1151=DIRECTION('',(1.,0.,-1.18524431387634E-17));
#1152=DIRECTION('',(0.,0.,1.));
#1153=DIRECTION('',(-1.,0.,0.));
#1154=DIRECTION('center_axis',(0.,-1.,0.));
#1155=DIRECTION('ref_axis',(0.,0.,-1.));
#1156=DIRECTION('center_axis',(0.,-1.,0.));
#1157=DIRECTION('ref_axis',(0.,0.,-1.));
#1158=DIRECTION('center_axis',(-0.536875492193159,0.843661487732108,0.));
#1159=DIRECTION('ref_axis',(0.,0.,1.));
#1160=DIRECTION('',(0.,0.,1.));
#1161=DIRECTION('',(-0.843661487732108,-0.536875492193159,0.));
#1162=DIRECTION('',(0.843661487732108,0.536875492193159,0.));
#1163=DIRECTION('center_axis',(0.,1.,0.));
#1164=DIRECTION('ref_axis',(0.,0.,1.));
#1165=DIRECTION('',(0.,0.,1.));
#1166=DIRECTION('center_axis',(0.,1.,0.));
#1167=DIRECTION('ref_axis',(0.,0.,1.));
#1168=DIRECTION('',(0.,0.,1.));
#1169=DIRECTION('',(1.,0.,-7.58250272774507E-18));
#1170=DIRECTION('',(0.,0.,1.));
#1171=DIRECTION('center_axis',(0.,1.,0.));
#1172=DIRECTION('ref_axis',(0.,0.,1.));
#1173=DIRECTION('',(0.,0.,1.));
#1174=DIRECTION('',(-1.,0.,0.));
#1175=DIRECTION('center_axis',(0.,1.,0.));
#1176=DIRECTION('ref_axis',(0.,0.,1.));
#1177=DIRECTION('center_axis',(0.,1.,0.));
#1178=DIRECTION('ref_axis',(0.,0.,1.));
#1179=DIRECTION('center_axis',(0.536875492193159,0.843661487732108,0.));
#1180=DIRECTION('ref_axis',(0.,0.,-1.));
#1181=DIRECTION('',(-0.843661487732107,0.53687549219316,3.84725132865815E-17));
#1182=DIRECTION('',(0.,0.,1.));
#1183=DIRECTION('',(0.843661487732107,-0.53687549219316,0.));
#1184=DIRECTION('center_axis',(-0.536875492193159,-0.843661487732108,0.));
#1185=DIRECTION('ref_axis',(0.,0.,1.));
#1186=DIRECTION('center_axis',(-0.536875492193159,-0.843661487732108,0.));
#1187=DIRECTION('ref_axis',(0.742721713596366,-0.472641090470414,-0.474315143919542));
#1188=DIRECTION('',(0.,0.,1.));
#1189=DIRECTION('center_axis',(-0.536875492193159,-0.843661487732108,0.));
#1190=DIRECTION('ref_axis',(-0.742721713596366,0.472641090470414,-0.474315143919542));
#1191=DIRECTION('',(0.826269633509214,-0.525807948596772,-0.202001222602744));
#1192=DIRECTION('',(-0.826269633509214,0.525807948596772,-0.202001222602745));
#1193=DIRECTION('center_axis',(0.536875492193159,-0.843661487732108,0.));
#1194=DIRECTION('ref_axis',(0.,0.,-1.));
#1195=DIRECTION('center_axis',(0.536875492193159,-0.843661487732108,0.));
#1196=DIRECTION('ref_axis',(-0.742721713596366,-0.472641090470414,0.474315143919542));
#1197=DIRECTION('',(0.,0.,1.));
#1198=DIRECTION('center_axis',(0.536875492193159,-0.843661487732108,0.));
#1199=DIRECTION('ref_axis',(0.742721713596366,0.472641090470414,0.474315143919542));
#1200=DIRECTION('',(-0.826269633509214,-0.525807948596772,0.202001222602744));
#1201=DIRECTION('',(0.826269633509214,0.525807948596772,0.202001222602744));
#1202=DIRECTION('center_axis',(0.,0.,-1.));
#1203=DIRECTION('ref_axis',(-1.,0.,0.));
#1204=DIRECTION('center_axis',(-1.23462949362118E-17,0.,-1.));
#1205=DIRECTION('ref_axis',(-1.,0.,1.23462949362118E-17));
#1206=DIRECTION('center_axis',(0.,0.,1.));
#1207=DIRECTION('ref_axis',(1.,0.,0.));
#1208=DIRECTION('center_axis',(0.,0.,-1.));
#1209=DIRECTION('ref_axis',(-1.,0.,0.));
#1210=DIRECTION('center_axis',(0.,0.,1.));
#1211=DIRECTION('ref_axis',(1.,0.,0.));
#1212=DIRECTION('center_axis',(-1.23462949362118E-17,0.,-1.));
#1213=DIRECTION('ref_axis',(-1.,0.,1.23462949362118E-17));
#1214=DIRECTION('center_axis',(-8.67361737988404E-17,1.,0.));
#1215=DIRECTION('ref_axis',(-1.,-8.67361737988404E-17,0.));
#1216=DIRECTION('',(-8.67361737988404E-17,1.,0.));
#1217=DIRECTION('center_axis',(-8.67361737988404E-17,1.,0.));
#1218=DIRECTION('ref_axis',(-1.,-8.67361737988404E-17,0.));
#1219=DIRECTION('',(-8.67361737988404E-17,1.,0.));
#1220=DIRECTION('center_axis',(0.,-1.,0.));
#1221=DIRECTION('ref_axis',(0.,0.,-1.));
#1222=DIRECTION('',(0.,-1.,0.));
#1223=DIRECTION('',(0.,-1.,0.));
#1224=DIRECTION('center_axis',(0.,-1.,0.));
#1225=DIRECTION('ref_axis',(0.,0.,-1.));
#1226=DIRECTION('',(0.,-1.,0.));
#1227=DIRECTION('',(0.,-1.,0.));
#1228=DIRECTION('center_axis',(0.,-1.,0.));
#1229=DIRECTION('ref_axis',(0.,0.,-1.));
#1230=DIRECTION('',(0.,-1.,0.));
#1231=DIRECTION('center_axis',(0.,1.,0.));
#1232=DIRECTION('ref_axis',(0.,0.,1.));
#1233=DIRECTION('center_axis',(0.,-1.,0.));
#1234=DIRECTION('ref_axis',(0.,0.,-1.));
#1235=DIRECTION('',(0.,-1.,0.));
#1236=DIRECTION('center_axis',(0.,1.,0.));
#1237=DIRECTION('ref_axis',(0.,0.,1.));
#1238=DIRECTION('center_axis',(0.,-1.,0.));
#1239=DIRECTION('ref_axis',(0.,0.,-1.));
#1240=DIRECTION('',(0.,-1.,0.));
#1241=DIRECTION('center_axis',(0.,1.,0.));
#1242=DIRECTION('ref_axis',(0.,0.,1.));
#1243=DIRECTION('center_axis',(0.,-1.,0.));
#1244=DIRECTION('ref_axis',(0.,0.,-1.));
#1245=DIRECTION('',(0.,-1.,0.));
#1246=DIRECTION('center_axis',(0.,1.,0.));
#1247=DIRECTION('ref_axis',(0.,0.,1.));
#1248=DIRECTION('center_axis',(0.,0.,1.));
#1249=DIRECTION('ref_axis',(1.,0.,0.));
#1250=DIRECTION('center_axis',(-1.23462949362118E-17,0.,-1.));
#1251=DIRECTION('ref_axis',(-1.,0.,1.23462949362118E-17));
#1252=DIRECTION('',(-0.462348370362458,-0.718415546156201,0.519724049341828));
#1253=DIRECTION('',(0.462348359854368,0.71841551814841,0.519724097405082));
#1254=DIRECTION('center_axis',(0.,-1.,0.));
#1255=DIRECTION('ref_axis',(0.,0.,-1.));
#1256=DIRECTION('center_axis',(0.,-1.,0.));
#1257=DIRECTION('ref_axis',(0.,0.,-1.));
#1258=DIRECTION('',(-8.65956056235495E-17,-0.707106781186546,0.707106781186549));
#1259=DIRECTION('center_axis',(0.,-1.,0.));
#1260=DIRECTION('ref_axis',(0.,0.,-1.));
#1261=DIRECTION('',(-8.65956056235495E-17,-0.707106781186546,0.707106781186549));
#1262=DIRECTION('',(0.462348356756491,-0.718415513636377,-0.519724106397954));
#1263=DIRECTION('',(-0.462348373108993,0.718415547286906,-0.519724045335526));
#1264=DIRECTION('center_axis',(0.,-1.,0.));
#1265=DIRECTION('ref_axis',(0.,0.,-1.));
#1266=DIRECTION('center_axis',(0.,0.,1.));
#1267=DIRECTION('ref_axis',(1.,0.,0.));
#1268=DIRECTION('',(0.,1.,0.));
#1269=DIRECTION('',(0.,1.,0.));
#1270=DIRECTION('center_axis',(0.,0.,1.));
#1271=DIRECTION('ref_axis',(1.,3.61400724161835E-16,0.));
#1272=DIRECTION('',(0.924013619807979,-0.382359556450936,0.));
#1273=DIRECTION('',(0.924013619807978,0.382359556450936,0.));
#1274=DIRECTION('center_axis',(0.,0.,1.));
#1275=DIRECTION('ref_axis',(1.,3.61400724161835E-16,0.));
#1276=DIRECTION('center_axis',(0.292602867990326,-0.707106781186548,-0.643726309578718));
#1277=DIRECTION('ref_axis',(-0.910366477462605,0.,-0.413802944301184));
#1278=DIRECTION('',(-0.910366477462605,-3.0067130586067E-16,-0.413802944301184));
#1279=DIRECTION('center_axis',(0.413802944301184,1.49548683730747E-16,-0.910366477462605));
#1280=DIRECTION('ref_axis',(-0.910366477462605,0.,-0.413802944301184));
#1281=DIRECTION('',(0.,1.,0.));
#1282=DIRECTION('',(0.,-1.,-1.38777878078144E-16));
#1283=DIRECTION('center_axis',(-0.292602867990326,-0.707106781186548,-0.643726309578718));
#1284=DIRECTION('ref_axis',(-0.910366477462605,0.,0.413802944301184));
#1285=DIRECTION('',(-0.910366477462605,-3.00671305860671E-16,0.413802944301184));
#1286=DIRECTION('center_axis',(-0.413802944301183,-1.49548683730747E-16,
-0.910366477462605));
#1287=DIRECTION('ref_axis',(-0.910366477462605,0.,0.413802944301183));
#1288=DIRECTION('',(0.,-1.,1.38777878078143E-16));
#1289=DIRECTION('center_axis',(0.,0.,-1.));
#1290=DIRECTION('ref_axis',(-1.,0.,0.));
#1291=DIRECTION('',(0.,1.,0.));
#1292=DIRECTION('center_axis',(0.,0.,-1.));
#1293=DIRECTION('ref_axis',(-1.,-3.91889078360673E-16,0.));
#1294=DIRECTION('',(-0.924013619807979,-0.382359556450936,0.));
#1295=DIRECTION('',(-0.924013619807979,0.382359556450936,0.));
#1296=DIRECTION('center_axis',(0.,0.,-1.));
#1297=DIRECTION('ref_axis',(-1.,-3.61400724161835E-16,0.));
#1298=DIRECTION('',(0.,1.,0.));
#1299=DIRECTION('center_axis',(-0.292602867990326,-0.707106781186548,0.643726309578718));
#1300=DIRECTION('ref_axis',(0.910366477462605,0.,0.413802944301184));
#1301=DIRECTION('',(0.910366477462605,3.38255219093254E-16,0.413802944301184));
#1302=DIRECTION('center_axis',(0.292602867990326,-0.707106781186548,0.643726309578718));
#1303=DIRECTION('ref_axis',(0.910366477462605,0.,-0.413802944301184));
#1304=DIRECTION('',(0.910366477462605,3.75839132325838E-16,-0.413802944301184));
#1305=DIRECTION('center_axis',(-0.413802944301183,-1.49548683730747E-16,
0.910366477462605));
#1306=DIRECTION('ref_axis',(0.910366477462605,0.,0.413802944301183));
#1307=DIRECTION('',(0.,-1.,0.));
#1308=DIRECTION('center_axis',(0.413802944301184,1.49548683730747E-16,0.910366477462605));
#1309=DIRECTION('ref_axis',(0.910366477462605,0.,-0.413802944301184));
#1310=DIRECTION('',(0.,-1.,0.));
#1311=DIRECTION('',(0.,1.,0.));
#1312=DIRECTION('center_axis',(-0.910366477462605,-3.29007104207644E-16,
-0.413802944301184));
#1313=DIRECTION('ref_axis',(-0.413802944301184,0.,0.910366477462605));
#1314=DIRECTION('center_axis',(-0.541385747733913,-1.95657201281932E-16,
-0.840774328907937));
#1315=DIRECTION('ref_axis',(-0.840774328907937,-3.03856451324009E-16,0.541385747733913));
#1316=DIRECTION('center_axis',(0.,0.,-1.));
#1317=DIRECTION('ref_axis',(-1.,0.,0.));
#1318=DIRECTION('center_axis',(0.541385747733913,1.95657201281932E-16,-0.840774328907937));
#1319=DIRECTION('ref_axis',(-0.840774328907937,-3.03856451324009E-16,-0.541385747733913));
#1320=DIRECTION('center_axis',(0.910366477462605,3.29007104207644E-16,-0.413802944301184));
#1321=DIRECTION('ref_axis',(-0.413802944301184,0.,-0.910366477462605));
#1322=DIRECTION('center_axis',(0.910366477462605,3.29007104207644E-16,0.413802944301184));
#1323=DIRECTION('ref_axis',(0.413802944301184,0.,-0.910366477462605));
#1324=DIRECTION('center_axis',(0.541385747733913,1.95657201281933E-16,0.840774328907937));
#1325=DIRECTION('ref_axis',(0.840774328907937,3.03856451324009E-16,-0.541385747733913));
#1326=DIRECTION('center_axis',(0.,0.,-1.));
#1327=DIRECTION('ref_axis',(-1.,0.,0.));
#1328=DIRECTION('center_axis',(0.541385747733913,2.12163161717047E-16,-0.840774328907937));
#1329=DIRECTION('ref_axis',(-0.840774328907937,-3.29490276865045E-16,-0.541385747733913));
#1330=DIRECTION('center_axis',(-0.910366477462605,-3.56762679823273E-16,
0.413802944301184));
#1331=DIRECTION('ref_axis',(0.413802944301183,0.,0.910366477462605));
#1332=DIRECTION('center_axis',(0.,-1.,0.));
#1333=DIRECTION('ref_axis',(0.,0.,-1.));
#1334=DIRECTION('center_axis',(0.,-1.,0.));
#1335=DIRECTION('ref_axis',(0.,0.,-1.));
#1336=DIRECTION('center_axis',(0.,-1.,0.));
#1337=DIRECTION('ref_axis',(0.,0.,-1.));
#1338=DIRECTION('center_axis',(3.61400724161835E-16,-1.,0.));
#1339=DIRECTION('ref_axis',(1.,3.61400724161835E-16,0.));
#1340=DIRECTION('center_axis',(3.61400724161835E-16,-1.,0.));
#1341=DIRECTION('ref_axis',(1.,3.61400724161835E-16,0.));
#1342=DIRECTION('center_axis',(0.,-1.,0.));
#1343=DIRECTION('ref_axis',(0.,0.,-1.));
#1344=CARTESIAN_POINT('',(0.,0.,0.));
#1345=CARTESIAN_POINT('Origin',(12.,3.00000000000001,-82.6006751278392));
#1346=CARTESIAN_POINT('',(18.0830459735946,3.,-17.));
#1347=CARTESIAN_POINT('',(19.2033430803191,3.,-17.));
#1348=CARTESIAN_POINT('',(18.0830459735946,3.,-17.));
#1349=CARTESIAN_POINT('',(16.0140312520886,3.00000000000001,-16.551832387313));
#1350=CARTESIAN_POINT('Origin',(18.0830459735946,3.00000000000001,-12.));
#1351=CARTESIAN_POINT('',(6.8326142291648,3.,-12.3784610132567));
#1352=CARTESIAN_POINT('',(6.8326142291648,3.,-12.3784610132567));
#1353=CARTESIAN_POINT('',(5.3255997314503,3.,-11.9619782184926));
#1354=CARTESIAN_POINT('Origin',(4.76359950765888,3.,-16.9302934005697));
#1355=CARTESIAN_POINT('',(5.32559973145029,3.,-0.0380217815074101));
#1356=CARTESIAN_POINT('Origin',(6.,3.,-6.));
#1357=CARTESIAN_POINT('',(6.83261422916479,3.,0.378461013256721));
#1358=CARTESIAN_POINT('Origin',(4.76359950765886,3.,4.93029340056975));
#1359=CARTESIAN_POINT('',(16.0140312520886,3.00000000000001,4.55183238731302));
#1360=CARTESIAN_POINT('',(16.0140312520886,3.00000000000001,4.55183238731302));
#1361=CARTESIAN_POINT('',(18.0830459735946,3.,5.));
#1362=CARTESIAN_POINT('Origin',(18.0830459735946,3.00000000000001,0.));
#1363=CARTESIAN_POINT('',(19.2033430803191,3.,5.));
#1364=CARTESIAN_POINT('',(19.2033430803191,3.,5.));
#1365=CARTESIAN_POINT('',(10.5439965639962,3.00000000000001,1.06393340167141));
#1366=CARTESIAN_POINT('',(10.5439965639962,3.00000000000001,1.06393340167143));
#1367=CARTESIAN_POINT('',(10.5439965639962,3.00000000000001,-13.0639334016714));
#1368=CARTESIAN_POINT('',(10.5439965639962,3.00000000000001,-13.0639334016714));
#1369=CARTESIAN_POINT('',(19.2033430803191,3.00000000000001,-17.));
#1370=CARTESIAN_POINT('',(10.5,3.,-6.));
#1371=CARTESIAN_POINT('Origin',(6.,3.,-6.));
#1372=CARTESIAN_POINT('Origin',(12.,3.00000000000001,-82.6006751278392));
#1373=CARTESIAN_POINT('',(85.4560034360037,3.00000000000003,-13.0639334016714));
#1374=CARTESIAN_POINT('',(85.4560034360037,3.00000000000003,1.06393340167142));
#1375=CARTESIAN_POINT('',(85.4560034360037,3.00000000000003,-13.0639334016714));
#1376=CARTESIAN_POINT('',(76.7966569196809,3.,5.));
#1377=CARTESIAN_POINT('',(76.7966569196809,3.00000000000003,5.00000000000001));
#1378=CARTESIAN_POINT('',(79.,3.,5.));
#1379=CARTESIAN_POINT('',(79.,3.,5.));
#1380=CARTESIAN_POINT('',(89.1673857708352,3.00000000000003,0.378461013256729));
#1381=CARTESIAN_POINT('',(89.1673857708352,3.00000000000003,0.37846101325673));
#1382=CARTESIAN_POINT('',(90.6744002685497,3.,-0.0380217815074092));
#1383=CARTESIAN_POINT('Origin',(91.2364004923411,3.00000000000003,4.93029340056975));
#1384=CARTESIAN_POINT('',(90.6744002685497,3.,-11.9619782184926));
#1385=CARTESIAN_POINT('Origin',(90.,3.,-6.));
#1386=CARTESIAN_POINT('',(89.1673857708352,3.00000000000003,-12.3784610132567));
#1387=CARTESIAN_POINT('Origin',(91.2364004923411,3.00000000000003,-16.9302934005697));
#1388=CARTESIAN_POINT('',(78.9999999999999,3.00000000000003,-17.));
#1389=CARTESIAN_POINT('',(78.9999999999999,3.00000000000003,-17.));
#1390=CARTESIAN_POINT('',(76.7966569196808,3.,-17.));
#1391=CARTESIAN_POINT('',(76.7966569196808,3.,-17.));
#1392=CARTESIAN_POINT('',(85.4560034360037,3.00000000000003,-13.0639334016714));
#1393=CARTESIAN_POINT('',(94.5,3.00000000000001,-6.));
#1394=CARTESIAN_POINT('Origin',(90.,3.00000000000001,-6.));
#1395=CARTESIAN_POINT('Origin',(0.,10.,0.));
#1396=CARTESIAN_POINT('',(73.,10.,-8.76155956345819));
#1397=CARTESIAN_POINT('',(73.,10.,-3.23844043654183));
#1398=CARTESIAN_POINT('',(73.,10.,-8.76155956345819));
#1399=CARTESIAN_POINT('',(54.875431039608,10.,-17.));
#1400=CARTESIAN_POINT('',(73.,10.,-8.76155956345818));
#1401=CARTESIAN_POINT('',(41.124568960392,10.,-17.));
#1402=CARTESIAN_POINT('',(41.124568960392,10.,-17.));
#1403=CARTESIAN_POINT('',(23.,10.,-8.76155956345819));
#1404=CARTESIAN_POINT('',(41.124568960392,10.,-17.));
#1405=CARTESIAN_POINT('',(23.,10.,-3.23844043654181));
#1406=CARTESIAN_POINT('',(23.,10.,-8.76155956345819));
#1407=CARTESIAN_POINT('',(41.124568960392,10.,5.));
#1408=CARTESIAN_POINT('',(23.,10.,-3.23844043654181));
#1409=CARTESIAN_POINT('',(54.875431039608,10.,5.));
#1410=CARTESIAN_POINT('',(54.875431039608,10.,5.));
#1411=CARTESIAN_POINT('',(54.875431039608,10.,4.99999999999999));
#1412=CARTESIAN_POINT('',(68.3023841943826,10.,-4.39999999999998));
#1413=CARTESIAN_POINT('Origin',(68.3023841943826,10.,-5.99999999999998));
#1414=CARTESIAN_POINT('',(58.3023841943826,10.,-4.39999999999999));
#1415=CARTESIAN_POINT('Origin',(58.3023841943826,10.,-5.99999999999998));
#1416=CARTESIAN_POINT('',(37.6976158056174,10.,-4.39999999999999));
#1417=CARTESIAN_POINT('Origin',(37.6976158056174,10.,-5.99999999999998));
#1418=CARTESIAN_POINT('',(27.6976158056174,10.,-4.39999999999999));
#1419=CARTESIAN_POINT('Origin',(27.6976158056174,10.,-5.99999999999998));
#1420=CARTESIAN_POINT('Origin',(0.,0.,0.));
#1421=CARTESIAN_POINT('',(6.83261422916479,0.,-12.3784610132567));
#1422=CARTESIAN_POINT('',(16.0140312520887,0.,-16.551832387313));
#1423=CARTESIAN_POINT('',(6.83261422916479,0.,-12.3784610132567));
#1424=CARTESIAN_POINT('',(18.0830459735946,0.,-17.));
#1425=CARTESIAN_POINT('Origin',(18.0830459735946,0.,-12.));
#1426=CARTESIAN_POINT('',(78.9999999999999,0.,-17.));
#1427=CARTESIAN_POINT('',(78.9999999999999,0.,-17.));
#1428=CARTESIAN_POINT('',(89.1673857708352,0.,-12.3784610132567));
#1429=CARTESIAN_POINT('',(78.9999999999999,0.,-17.));
#1430=CARTESIAN_POINT('',(90.6744002685497,0.,-11.9619782184926));
#1431=CARTESIAN_POINT('Origin',(91.2364004923411,0.,-16.9302934005697));
#1432=CARTESIAN_POINT('',(90.6744002685497,0.,-0.0380217815074092));
#1433=CARTESIAN_POINT('Origin',(90.,0.,-6.));
#1434=CARTESIAN_POINT('',(89.1673857708352,0.,0.378461013256728));
#1435=CARTESIAN_POINT('Origin',(91.2364004923411,0.,4.93029340056975));
#1436=CARTESIAN_POINT('',(79.,0.,5.));
#1437=CARTESIAN_POINT('',(89.1673857708352,0.,0.378461013256728));
#1438=CARTESIAN_POINT('',(18.0830459735946,0.,5.));
#1439=CARTESIAN_POINT('',(18.0830459735946,0.,5.));
#1440=CARTESIAN_POINT('',(16.0140312520887,0.,4.55183238731302));
#1441=CARTESIAN_POINT('Origin',(18.0830459735946,0.,0.));
#1442=CARTESIAN_POINT('',(6.83261422916479,0.,0.378461013256721));
#1443=CARTESIAN_POINT('',(16.0140312520887,0.,4.55183238731302));
#1444=CARTESIAN_POINT('',(5.32559973145029,0.,-0.0380217815074101));
#1445=CARTESIAN_POINT('Origin',(4.76359950765886,0.,4.93029340056975));
#1446=CARTESIAN_POINT('',(5.3255997314503,0.,-11.9619782184926));
#1447=CARTESIAN_POINT('Origin',(6.,0.,-6.));
#1448=CARTESIAN_POINT('Origin',(4.76359950765888,0.,-16.9302934005697));
#1449=CARTESIAN_POINT('',(12.8736020616023,0.,-10.5));
#1450=CARTESIAN_POINT('',(12.8736020616023,0.,-1.5));
#1451=CARTESIAN_POINT('',(12.8736020616023,0.,-10.5));
#1452=CARTESIAN_POINT('',(83.1263979383977,0.,-1.5));
#1453=CARTESIAN_POINT('',(12.8736020616023,0.,-1.5));
#1454=CARTESIAN_POINT('',(83.1263979383977,0.,-10.5));
#1455=CARTESIAN_POINT('',(83.1263979383977,0.,-10.5));
#1456=CARTESIAN_POINT('',(83.1263979383977,0.,-10.5));
#1457=CARTESIAN_POINT('',(94.5,0.,-6.));
#1458=CARTESIAN_POINT('Origin',(90.,0.,-6.));
#1459=CARTESIAN_POINT('',(10.5,0.,-6.));
#1460=CARTESIAN_POINT('Origin',(6.00000000000001,0.,-6.));
#1461=CARTESIAN_POINT('Origin',(12.8736020616023,0.,-82.6006751278392));
#1462=CARTESIAN_POINT('',(18.9601059617542,3.87322975464214,-10.5));
#1463=CARTESIAN_POINT('',(18.9601059617542,3.87322975464214,-1.5));
#1464=CARTESIAN_POINT('',(18.9601059617542,3.87322975464214,-10.5));
#1465=CARTESIAN_POINT('',(18.9601059617542,3.87322975464215,-1.5));
#1466=CARTESIAN_POINT('',(12.8736020616023,0.,-10.5));
#1467=CARTESIAN_POINT('Origin',(23.8736020616023,6.99999999999999,-82.6006751278392));
#1468=CARTESIAN_POINT('',(66.3023841943826,6.99999999999999,-10.5));
#1469=CARTESIAN_POINT('',(66.3023842573471,6.999999991201,-8.24819261953816));
#1470=CARTESIAN_POINT('',(66.3023841943826,6.99999999999999,-10.5));
#1471=CARTESIAN_POINT('',(66.3023842079739,7.0000000005592,-3.75180760953959));
#1472=CARTESIAN_POINT('Origin',(68.3023841943826,6.99999999999999,-5.99999999999998));
#1473=CARTESIAN_POINT('',(66.3023841943826,6.99999999999999,-1.5));
#1474=CARTESIAN_POINT('',(66.3023841943826,6.99999999999999,-3.75180760116178));
#1475=CARTESIAN_POINT('',(29.6976158056174,6.99999999999999,-1.5));
#1476=CARTESIAN_POINT('',(29.6976158056174,6.99999999999999,-1.5));
#1477=CARTESIAN_POINT('',(29.6976158004488,7.00000000032821,-3.75180762771108));
#1478=CARTESIAN_POINT('',(29.6976158056174,6.99999999999999,-3.75180762216527));
#1479=CARTESIAN_POINT('',(29.6976157333795,6.99999999164497,-8.24819266148281));
#1480=CARTESIAN_POINT('Origin',(27.6976158056174,6.99999999999999,-5.99999999999998));
#1481=CARTESIAN_POINT('',(29.6976158056174,6.99999999999999,-10.5));
#1482=CARTESIAN_POINT('',(29.6976158056174,6.99999999999999,-10.5));
#1483=CARTESIAN_POINT('',(66.3023841943826,6.99999999999999,-10.5));
#1484=CARTESIAN_POINT('',(58.3023841943826,6.99999999999999,-2.89999999999998));
#1485=CARTESIAN_POINT('Origin',(58.3023841943826,6.99999999999999,-5.99999999999998));
#1486=CARTESIAN_POINT('',(37.6976158056174,6.99999999999999,-2.89999999999998));
#1487=CARTESIAN_POINT('Origin',(37.6976158056174,6.99999999999999,-5.99999999999998));
#1488=CARTESIAN_POINT('Origin',(72.1263979383978,6.99999999999999,-82.6006751278392));
#1489=CARTESIAN_POINT('',(77.0398940382458,3.87322975464214,-1.5));
#1490=CARTESIAN_POINT('',(83.1263979383977,-1.73472347597681E-15,-1.5));
#1491=CARTESIAN_POINT('',(77.0398940382458,3.87322975464214,-10.5));
#1492=CARTESIAN_POINT('',(77.0398940382458,3.87322975464214,-10.5));
#1493=CARTESIAN_POINT('',(77.0398940382458,3.87322975464214,-10.5));
#1494=CARTESIAN_POINT('Origin',(84.,3.,-82.6006751278392));
#1495=CARTESIAN_POINT('',(81.6986961378943,4.46446609406729,-1.11183771069589));
#1496=CARTESIAN_POINT('',(82.7716259750379,3.7816925613395,-0.664572868010935));
#1497=CARTESIAN_POINT('Origin',(76.1428571428571,8.00000000000003,5.29718171673808));
#1498=CARTESIAN_POINT('',(82.7716259750379,3.7816925613395,-11.335427131989));
#1499=CARTESIAN_POINT('',(82.7716259750379,3.7816925613395,-11.335427131989));
#1500=CARTESIAN_POINT('',(81.6986961378943,4.46446609406729,-10.8881622893041));
#1501=CARTESIAN_POINT('Origin',(76.1428571428571,8.00000000000003,-17.2971817167381));
#1502=CARTESIAN_POINT('',(73.,10.,-8.76155956345818));
#1503=CARTESIAN_POINT('',(81.6986961378943,4.46446609406729,-1.11183771069589));
#1504=CARTESIAN_POINT('Origin',(23.,10.,-82.6006751278392));
#1505=CARTESIAN_POINT('',(14.3013038621057,4.46446609406727,-10.8881622893041));
#1506=CARTESIAN_POINT('',(13.228374024962,3.78169256133947,-11.3354271319891));
#1507=CARTESIAN_POINT('Origin',(19.8571428571429,8.00000000000001,-17.2971817167381));
#1508=CARTESIAN_POINT('',(13.228374024962,3.78169256133947,-0.664572868010943));
#1509=CARTESIAN_POINT('',(13.228374024962,3.78169256133947,-11.3354271319891));
#1510=CARTESIAN_POINT('',(14.3013038621057,4.46446609406727,-1.11183771069588));
#1511=CARTESIAN_POINT('Origin',(19.8571428571429,8.00000000000001,5.29718171673807));
#1512=CARTESIAN_POINT('',(23.,10.,-3.23844043654182));
#1513=CARTESIAN_POINT('',(14.3013038621057,4.46446609406727,-10.8881622893041));
#1514=CARTESIAN_POINT('Origin',(29.6976158056174,-13.,-82.6006751278392));
#1515=CARTESIAN_POINT('Ctrl Pts',(29.6976158243459,6.99999999999998,-8.24819277058756));
#1516=CARTESIAN_POINT('Ctrl Pts',(29.4458257182397,7.00000000023577,-8.48849212746055));
#1517=CARTESIAN_POINT('Ctrl Pts',(29.1527887277585,6.99519079277177,-8.68101053455228));
#1518=CARTESIAN_POINT('Ctrl Pts',(28.4757071126976,6.96578541197509,-8.95714285163135));
#1519=CARTESIAN_POINT('Ctrl Pts',(28.1363329838749,6.94119346445932,-9.0083219502276));
#1520=CARTESIAN_POINT('Ctrl Pts',(27.4888119205097,6.88077785161775,-9.00989818301158));
#1521=CARTESIAN_POINT('Ctrl Pts',(27.1435665722198,6.83894897904863,-8.94039756835987));
#1522=CARTESIAN_POINT('Ctrl Pts',(26.4744339035199,6.74165326179018,-8.66215169482601));
#1523=CARTESIAN_POINT('Ctrl Pts',(26.1633846172615,6.68706072946562,-8.44854234378928));
#1524=CARTESIAN_POINT('Ctrl Pts',(25.624203914852,6.582826114694,-7.89916699115271));
#1525=CARTESIAN_POINT('Ctrl Pts',(25.4065279275437,6.53483717121701,-7.56189885650007));
#1526=CARTESIAN_POINT('Ctrl Pts',(25.105918389796,6.46639530388385,-6.81430644640025));
#1527=CARTESIAN_POINT('Ctrl Pts',(25.028508789357,6.44735076565354,-6.40920734569473));
#1528=CARTESIAN_POINT('Ctrl Pts',(25.0281166558161,6.4472566142736,-5.59372708724888));
#1529=CARTESIAN_POINT('Ctrl Pts',(25.1052166867207,6.46622759653385,-5.18835436123704));
#1530=CARTESIAN_POINT('Ctrl Pts',(25.4051627443166,6.5345340845635,-4.44059408873831));
#1531=CARTESIAN_POINT('Ctrl Pts',(25.6224693542562,6.5824617871216,-4.10316383979605));
#1532=CARTESIAN_POINT('Ctrl Pts',(26.1615229583053,6.68672805917553,-3.55283037890349));
#1533=CARTESIAN_POINT('Ctrl Pts',(26.4720134683013,6.74123709433648,-3.33942741449507));
#1534=CARTESIAN_POINT('Ctrl Pts',(27.1377300564059,6.83815967690371,-3.06149270968184));
#1535=CARTESIAN_POINT('Ctrl Pts',(27.4826728898424,6.88008475854551,-2.99099426975445));
#1536=CARTESIAN_POINT('Ctrl Pts',(28.1744573214,6.94486563840194,-2.99090707971547));
#1537=CARTESIAN_POINT('Ctrl Pts',(28.5122414693557,6.96737304064041,-3.05774888496521));
#1538=CARTESIAN_POINT('Ctrl Pts',(29.1518602973992,6.995149501969,-3.3186105417314));
#1539=CARTESIAN_POINT('Ctrl Pts',(29.4448955413079,6.99999999996244,-3.51062628698914));
#1540=CARTESIAN_POINT('Ctrl Pts',(29.6976158026463,6.99999999999998,-3.75180762540841));
#1541=CARTESIAN_POINT('Origin',(29.6976158056174,-13.,-1.5));
#1542=CARTESIAN_POINT('Origin',(29.6976158056174,-13.,-10.5));
#1543=CARTESIAN_POINT('Origin',(66.3023841943826,-13.,-82.6006751278392));
#1544=CARTESIAN_POINT('Ctrl Pts',(66.3023842083885,6.99999999967829,-3.75180760170955));
#1545=CARTESIAN_POINT('Ctrl Pts',(66.3694869583661,7.00000003020349,-3.68776828685161));
#1546=CARTESIAN_POINT('Ctrl Pts',(66.4396125168604,6.99966383152726,-3.62701519404835));
#1547=CARTESIAN_POINT('Ctrl Pts',(66.5130310588501,6.99889066669672,-3.56952674406666));
#1548=CARTESIAN_POINT('Ctrl Pts',(66.5881191665158,6.99809991980274,-3.51073098478333));
#1549=CARTESIAN_POINT('Ctrl Pts',(66.6654327584763,6.99686164294782,-3.45632844096177));
#1550=CARTESIAN_POINT('Ctrl Pts',(66.7446411821128,6.99510962102492,-3.40634919732005));
#1551=CARTESIAN_POINT('Ctrl Pts',(66.8238496057493,6.99335759910201,-3.35636995367834));
#1552=CARTESIAN_POINT('Ctrl Pts',(66.9050445269589,6.99109111148732,-3.31074378150011));
#1553=CARTESIAN_POINT('Ctrl Pts',(66.9881951759635,6.98823812389533,-3.26944251903039));
#1554=CARTESIAN_POINT('Ctrl Pts',(67.071345824968,6.98538513630333,-3.22814125656066));
#1555=CARTESIAN_POINT('Ctrl Pts',(67.1564990689706,6.98194278563857,-3.19115566852882));
#1556=CARTESIAN_POINT('Ctrl Pts',(67.2435634500972,6.977842266086,-3.1585923014151));
#1557=CARTESIAN_POINT('Ctrl Pts',(67.3306278312239,6.97374174653343,-3.12602893430138));
#1558=CARTESIAN_POINT('Ctrl Pts',(67.4201357365405,6.96894510321667,-3.09779898694886));
#1559=CARTESIAN_POINT('Ctrl Pts',(67.5099117824605,6.96351364675142,-3.07461237561149));
#1560=CARTESIAN_POINT('Ctrl Pts',(67.5996878283805,6.95808219028618,-3.05142576427412));
#1561=CARTESIAN_POINT('Ctrl Pts',(67.6903660351328,6.95198904771414,-3.03301926869706));
#1562=CARTESIAN_POINT('Ctrl Pts',(67.7816634060899,6.94521829947745,-3.01944150666739));
#1563=CARTESIAN_POINT('Ctrl Pts',(67.8273120915684,6.9418329253591,-3.01265262565255));
#1564=CARTESIAN_POINT('Ctrl Pts',(67.8731976837982,6.93827151623202,-3.00706462506837));
#1565=CARTESIAN_POINT('Ctrl Pts',(67.9192263795012,6.9345384031941,-3.00268930391222));
#1566=CARTESIAN_POINT('Ctrl Pts',(67.9652550752043,6.93080529015618,-2.99831398275606));
#1567=CARTESIAN_POINT('Ctrl Pts',(68.0115652853067,6.9268877230727,-2.99514976753976));
#1568=CARTESIAN_POINT('Ctrl Pts',(68.0576822317307,6.92282431785417,-2.99322702160638));
#1569=CARTESIAN_POINT('Ctrl Pts',(68.1499161245788,6.9146975074171,-2.98938152973964));
#1570=CARTESIAN_POINT('Ctrl Pts',(68.2415249898282,6.90598204057503,-2.99042893024291));
#1571=CARTESIAN_POINT('Ctrl Pts',(68.3326396672689,6.89668471667616,-2.99622040545493));
#1572=CARTESIAN_POINT('Ctrl Pts',(68.4237543447095,6.8873873927773,-3.00201188066695));
#1573=CARTESIAN_POINT('Ctrl Pts',(68.5143369369738,6.87751200237939,-3.01254592078665));
#1574=CARTESIAN_POINT('Ctrl Pts',(68.6043910725298,6.86707739787014,-3.02780652906515));
#1575=CARTESIAN_POINT('Ctrl Pts',(68.6944452080857,6.8566427933609,-3.04306713734365));
#1576=CARTESIAN_POINT('Ctrl Pts',(68.783902340187,6.84565733407844,-3.06303815764436));
#1577=CARTESIAN_POINT('Ctrl Pts',(68.8729582932834,6.83411578069614,-3.08788897610154));
#1578=CARTESIAN_POINT('Ctrl Pts',(68.9174862698316,6.82834500400499,-3.10031438533014));
#1579=CARTESIAN_POINT('Ctrl Pts',(68.9618803600837,6.82243775975703,-3.11396809529407));
#1580=CARTESIAN_POINT('Ctrl Pts',(69.0056509010258,6.81646661523577,-3.12868689809323));
#1581=CARTESIAN_POINT('Ctrl Pts',(69.0494214419679,6.81049547071452,-3.14340570089239));
#1582=CARTESIAN_POINT('Ctrl Pts',(69.0927514997845,6.80443705101541,-3.1592378988385));
#1583=CARTESIAN_POINT('Ctrl Pts',(69.1355409665994,6.79831363283354,-3.17613387862943));
#1584=CARTESIAN_POINT('Ctrl Pts',(69.221119900229,6.78606679646979,-3.20992583821128));
#1585=CARTESIAN_POINT('Ctrl Pts',(69.3048136641895,6.77352426830685,-3.24804112159662));
#1586=CARTESIAN_POINT('Ctrl Pts',(69.3865631222418,6.76076517599834,-3.29039424362289));
#1587=CARTESIAN_POINT('Ctrl Pts',(69.4683125802941,6.74800608368984,-3.33274736564915));
#1588=CARTESIAN_POINT('Ctrl Pts',(69.5481942420971,6.73501779153808,-3.37938407258314));
#1589=CARTESIAN_POINT('Ctrl Pts',(69.626055104413,6.72189675669704,-3.43026133387067));
#1590=CARTESIAN_POINT('Ctrl Pts',(69.6649855355709,6.71533623927653,-3.45569996451444));
#1591=CARTESIAN_POINT('Ctrl Pts',(69.7034648689864,6.708732449407,-3.48224807829734));
#1592=CARTESIAN_POINT('Ctrl Pts',(69.7414547682007,6.70210124804707,-3.5098949414861));
#1593=CARTESIAN_POINT('Ctrl Pts',(69.779444667415,6.69547004668715,-3.53754180467485));
#1594=CARTESIAN_POINT('Ctrl Pts',(69.8169025463455,6.68881799954215,-3.56626902601629));
#1595=CARTESIAN_POINT('Ctrl Pts',(69.8534692239268,6.68222027904745,-3.59579660660041));
#1596=CARTESIAN_POINT('Ctrl Pts',(69.9266025790894,6.66902483805807,-3.65485176776863));
#1597=CARTESIAN_POINT('Ctrl Pts',(69.9965887164981,6.65597851946722,-3.71735115558709));
#1598=CARTESIAN_POINT('Ctrl Pts',(70.063491723692,6.64316853649055,-3.78322963761339));
#1599=CARTESIAN_POINT('Ctrl Pts',(70.1303947308858,6.63035855351387,-3.84910811963969));
#1600=CARTESIAN_POINT('Ctrl Pts',(70.1942209390144,6.61778389868083,-3.91836334998455));
#1601=CARTESIAN_POINT('Ctrl Pts',(70.2549624136454,6.60553813137015,-3.9910235531156));
#1602=CARTESIAN_POINT('Ctrl Pts',(70.3157038882764,6.59329236405947,-4.06368375624665));
#1603=CARTESIAN_POINT('Ctrl Pts',(70.3732990139799,6.58138807108209,-4.13965994052687));
#1604=CARTESIAN_POINT('Ctrl Pts',(70.4278330183935,6.56989197723039,-4.21934874840281));
#1605=CARTESIAN_POINT('Ctrl Pts',(70.4551000206003,6.56414393030455,-4.25919315234078));
#1606=CARTESIAN_POINT('Ctrl Pts',(70.4814859105174,6.55852194262975,-4.29981942055352));
#1607=CARTESIAN_POINT('Ctrl Pts',(70.5067885402061,6.55308119189453,-4.34089125563494));
#1608=CARTESIAN_POINT('Ctrl Pts',(70.5320911698949,6.54764044115931,-4.38196309071636));
#1609=CARTESIAN_POINT('Ctrl Pts',(70.556406246378,6.54236080551828,-4.42361908915014));
#1610=CARTESIAN_POINT('Ctrl Pts',(70.5796988896086,6.53726129727509,-4.46577967637892));
#1611=CARTESIAN_POINT('Ctrl Pts',(70.6262841760699,6.5270622807887,-4.55010085083646));
#1612=CARTESIAN_POINT('Ctrl Pts',(70.6688959048939,6.51755987199622,-4.63659720589869));
#1613=CARTESIAN_POINT('Ctrl Pts',(70.7075308436359,6.50883602367326,-4.72521495339477));
#1614=CARTESIAN_POINT('Ctrl Pts',(70.746165782378,6.50011217535031,-4.81383270089085));
#1615=CARTESIAN_POINT('Ctrl Pts',(70.7808489953435,6.49216091120519,-4.90465258036357));
#1616=CARTESIAN_POINT('Ctrl Pts',(70.81144918887,6.48507975029837,-4.99753540671634));
#1617=CARTESIAN_POINT('Ctrl Pts',(70.8267492856333,6.48153916984497,-5.04397681989272));
#1618=CARTESIAN_POINT('Ctrl Pts',(70.8410402491197,6.47821312669345,-5.0910077868727));
#1619=CARTESIAN_POINT('Ctrl Pts',(70.8543005871252,6.47511379051432,-5.13861853123858));
#1620=CARTESIAN_POINT('Ctrl Pts',(70.8675609251306,6.47201445433519,-5.18622927560445));
#1621=CARTESIAN_POINT('Ctrl Pts',(70.8797438598726,6.46915273100202,-5.2342853927097));
#1622=CARTESIAN_POINT('Ctrl Pts',(70.8907468890274,6.4665592178585,-5.28236524729994));
#1623=CARTESIAN_POINT('Ctrl Pts',(70.9127529473369,6.46137219157146,-5.37852495648042));
#1624=CARTESIAN_POINT('Ctrl Pts',(70.9302275719035,6.45721573591204,-5.47527599411969));
#1625=CARTESIAN_POINT('Ctrl Pts',(70.9432428204735,6.45411090779112,-5.57257176194485));
#1626=CARTESIAN_POINT('Ctrl Pts',(70.9562580690434,6.45100607967021,-5.66986752977001));
#1627=CARTESIAN_POINT('Ctrl Pts',(70.9648232034969,6.44895062548352,-5.76771975293839));
#1628=CARTESIAN_POINT('Ctrl Pts',(70.9689084042325,6.44797037736546,-5.86613268813323));
#1629=CARTESIAN_POINT('Ctrl Pts',(70.9729936049682,6.44699012924739,-5.96454562332807));
#1630=CARTESIAN_POINT('Ctrl Pts',(70.9726029448001,6.44708417811437,-6.06346261743406));
#1631=CARTESIAN_POINT('Ctrl Pts',(70.9675634092771,6.44829305859298,-6.16307373276702));
#1632=CARTESIAN_POINT('Ctrl Pts',(70.9625238737542,6.44950193907158,-6.26268484809998));
#1633=CARTESIAN_POINT('Ctrl Pts',(70.9529107167299,6.45180737654355,-6.3612694646804));
#1634=CARTESIAN_POINT('Ctrl Pts',(70.9389088688814,6.45514427966966,-6.45866052580248));
#1635=CARTESIAN_POINT('Ctrl Pts',(70.924907021033,6.45848118279577,-6.55605158692455));
#1636=CARTESIAN_POINT('Ctrl Pts',(70.9065113678571,6.46285076366406,-6.65232373984165));
#1637=CARTESIAN_POINT('Ctrl Pts',(70.8837628850817,6.4682040592451,-6.7474831470348));
#1638=CARTESIAN_POINT('Ctrl Pts',(70.8610144023063,6.47355735482615,-6.84264255422795));
#1639=CARTESIAN_POINT('Ctrl Pts',(70.8339027476436,6.47989682854036,-6.93670196598652));
#1640=CARTESIAN_POINT('Ctrl Pts',(70.8023714959184,6.48717820224407,-7.02961058267337));
#1641=CARTESIAN_POINT('Ctrl Pts',(70.7866058700557,6.49081888909593,-7.0760648910168));
#1642=CARTESIAN_POINT('Ctrl Pts',(70.7696790137484,6.49470739113644,-7.12234335356975));
#1643=CARTESIAN_POINT('Ctrl Pts',(70.7517266167921,6.49880386095893,-7.16806352896478));
#1644=CARTESIAN_POINT('Ctrl Pts',(70.7337742198358,6.50290033078142,-7.2137837043598));
#1645=CARTESIAN_POINT('Ctrl Pts',(70.7148558626615,6.50719126344871,-7.25881706254226));
#1646=CARTESIAN_POINT('Ctrl Pts',(70.694992119862,6.51166306630512,-7.30315861505711));
#1647=CARTESIAN_POINT('Ctrl Pts',(70.655264634263,6.52060667201795,-7.39184172008679));
#1648=CARTESIAN_POINT('Ctrl Pts',(70.611684336933,6.53029127069571,-7.47803054524978));
#1649=CARTESIAN_POINT('Ctrl Pts',(70.5643842631672,6.5406078568114,-7.56160687726706));
#1650=CARTESIAN_POINT('Ctrl Pts',(70.5170841894015,6.5509244429271,-7.64518320928434));
#1651=CARTESIAN_POINT('Ctrl Pts',(70.4660127061022,6.56188438202677,-7.72624422217243));
#1652=CARTESIAN_POINT('Ctrl Pts',(70.4112279230759,6.57338507292946,-7.80466571449026));
#1653=CARTESIAN_POINT('Ctrl Pts',(70.3838355315627,6.5791354183808,-7.84387646064918));
#1654=CARTESIAN_POINT('Ctrl Pts',(70.355458718429,6.58503201221765,-7.88248847167722));
#1655=CARTESIAN_POINT('Ctrl Pts',(70.3261497305804,6.5910518071314,-7.92041752557701));
#1656=CARTESIAN_POINT('Ctrl Pts',(70.2968407427318,6.59707160204514,-7.9583465794768));
#1657=CARTESIAN_POINT('Ctrl Pts',(70.2665139024829,6.60323135340754,-7.99568326329421));
#1658=CARTESIAN_POINT('Ctrl Pts',(70.2355235379403,6.6094470830811,-8.03198954044752));
#1659=CARTESIAN_POINT('Ctrl Pts',(70.1735428088552,6.62187854242822,-8.10460209475416));
#1660=CARTESIAN_POINT('Ctrl Pts',(70.1087479996815,6.63456979923891,-8.17339432493863));
#1661=CARTESIAN_POINT('Ctrl Pts',(70.0411467908223,6.64743378274789,-8.23853667202935));
#1662=CARTESIAN_POINT('Ctrl Pts',(69.9735455819631,6.66029776625687,-8.30367901912008));
#1663=CARTESIAN_POINT('Ctrl Pts',(69.9031590662663,6.67333092218804,-8.36515329014905));
#1664=CARTESIAN_POINT('Ctrl Pts',(69.8299760560912,6.68644446458545,-8.42296621660363));
#1665=CARTESIAN_POINT('Ctrl Pts',(69.7567930459161,6.69955800698286,-8.4807791430582));
#1666=CARTESIAN_POINT('Ctrl Pts',(69.6808940985539,6.71273867342131,-8.53487768829696));
#1667=CARTESIAN_POINT('Ctrl Pts',(69.6019440476937,6.72594496530945,-8.58531869977677));
#1668=CARTESIAN_POINT('Ctrl Pts',(69.5624690222636,6.73254811125351,-8.61053920551668));
#1669=CARTESIAN_POINT('Ctrl Pts',(69.5223417600956,6.73913762703111,-8.63475822734877));
#1670=CARTESIAN_POINT('Ctrl Pts',(69.4819194081186,6.74564650308042,-8.65777652154759));
#1671=CARTESIAN_POINT('Ctrl Pts',(69.4414970561416,6.75215537912974,-8.68079481574641));
#1672=CARTESIAN_POINT('Ctrl Pts',(69.4006344541197,6.75860799293196,-8.70270633870233));
#1673=CARTESIAN_POINT('Ctrl Pts',(69.3594156278856,6.76498314733847,-8.72347843003854));
#1674=CARTESIAN_POINT('Ctrl Pts',(69.2769779754175,6.77773345615151,-8.76502261271095));
#1675=CARTESIAN_POINT('Ctrl Pts',(69.1929394790772,6.79020367927502,-8.80213039346154));
#1676=CARTESIAN_POINT('Ctrl Pts',(69.107361005352,6.80232574951547,-8.83480916512607));
#1677=CARTESIAN_POINT('Ctrl Pts',(69.0217825316268,6.81444781975592,-8.86748793679059));
#1678=CARTESIAN_POINT('Ctrl Pts',(68.9345874681588,6.82623167738566,-8.89575799988355));
#1679=CARTESIAN_POINT('Ctrl Pts',(68.8459129817426,6.83760220661435,-8.91950516339915));
#1680=CARTESIAN_POINT('Ctrl Pts',(68.8015757385345,6.8432874712287,-8.93137874515695));
#1681=CARTESIAN_POINT('Ctrl Pts',(68.7567972018399,6.84887717386209,-8.94212801425465));
#1682=CARTESIAN_POINT('Ctrl Pts',(68.7116051309643,6.85436109469997,-8.95172918923762));
#1683=CARTESIAN_POINT('Ctrl Pts',(68.6664130600887,6.85984501553786,-8.96133036422058));
#1684=CARTESIAN_POINT('Ctrl Pts',(68.6208741366168,6.86521368096676,-8.96975868329334));
#1685=CARTESIAN_POINT('Ctrl Pts',(68.5754233609863,6.87041250067762,-8.97693609244581));
#1686=CARTESIAN_POINT('Ctrl Pts',(68.4845218097251,6.88081014009934,-8.99129091075074));
#1687=CARTESIAN_POINT('Ctrl Pts',(68.3935028723269,6.8905909711505,-9.00079397532849));
#1688=CARTESIAN_POINT('Ctrl Pts',(68.3023841943826,6.89974874213238,-9.00552687376198));
#1689=CARTESIAN_POINT('Ctrl Pts',(68.2112655164383,6.90890651311426,-9.01025977219547));
#1690=CARTESIAN_POINT('Ctrl Pts',(68.1200414976491,6.91744275039897,-9.01022976883134));
#1691=CARTESIAN_POINT('Ctrl Pts',(68.0287116264876,6.92535554506271,-9.0054028871716));
#1692=CARTESIAN_POINT('Ctrl Pts',(67.9373817553262,6.93326833972644,-9.00057600551185));
#1693=CARTESIAN_POINT('Ctrl Pts',(67.8460610421388,6.94054919863436,-8.99097056666822));
#1694=CARTESIAN_POINT('Ctrl Pts',(67.7544025740728,6.94722142617967,-8.97635898715758));
#1695=CARTESIAN_POINT('Ctrl Pts',(67.6627441060068,6.95389365372498,-8.96174740764694));
#1696=CARTESIAN_POINT('Ctrl Pts',(67.5720455239467,6.95985780378818,-8.94229342084646));
#1697=CARTESIAN_POINT('Ctrl Pts',(67.4830264507464,6.96512168413926,-8.91829004489329));
#1698=CARTESIAN_POINT('Ctrl Pts',(67.3940073775462,6.97038556449035,-8.89428666894012));
#1699=CARTESIAN_POINT('Ctrl Pts',(67.3063686400633,6.97497085023478,-8.86568606808382));
#1700=CARTESIAN_POINT('Ctrl Pts',(67.2201689604819,6.97893068017193,-8.83253585348882));
#1701=CARTESIAN_POINT('Ctrl Pts',(67.1339692809006,6.98289051010908,-8.79938563889383));
#1702=CARTESIAN_POINT('Ctrl Pts',(67.0491178376424,6.98622729890757,-8.76163456838207));
#1703=CARTESIAN_POINT('Ctrl Pts',(66.9658520676676,6.98899223025309,-8.71933128343028));
#1704=CARTESIAN_POINT('Ctrl Pts',(66.8825862976927,6.99175716159861,-8.67702799847848));
#1705=CARTESIAN_POINT('Ctrl Pts',(66.800211689567,6.99396098980062,-8.62968358484478));
#1706=CARTESIAN_POINT('Ctrl Pts',(66.7210977949566,6.99561649263893,-8.57862869974401));
#1707=CARTESIAN_POINT('Ctrl Pts',(66.6419839003463,6.99727199547724,-8.52757381464323));
#1708=CARTESIAN_POINT('Ctrl Pts',(66.5656238687957,6.99840281217112,-8.47262467447523));
#1709=CARTESIAN_POINT('Ctrl Pts',(66.4920636395452,6.99910052247556,-8.41389473931554));
#1710=CARTESIAN_POINT('Ctrl Pts',(66.4266459472511,6.99972100175453,-8.36166574457383));
#1711=CARTESIAN_POINT('Ctrl Pts',(66.3634129696253,7.00000004844209,-8.30643636749313));
#1712=CARTESIAN_POINT('Ctrl Pts',(66.3023841850832,7.0000000021572,-8.24819270596796));
#1713=CARTESIAN_POINT('Origin',(66.3023841943826,-13.,-10.5));
#1714=CARTESIAN_POINT('Origin',(66.3023841943826,-13.,-1.5));
#1715=CARTESIAN_POINT('Origin',(6.00000000000001,-12.7279220613579,-6.));
#1716=CARTESIAN_POINT('',(10.5,-12.7279220613579,-6.));
#1717=CARTESIAN_POINT('Origin',(90.,-12.7279220613579,-6.));
#1718=CARTESIAN_POINT('',(94.5,-12.7279220613579,-6.));
#1719=CARTESIAN_POINT('Origin',(90.,10.,-6.));
#1720=CARTESIAN_POINT('',(90.6744002685497,3.,-0.0380217815074092));
#1721=CARTESIAN_POINT('',(90.6744002685497,3.,-11.9619782184926));
#1722=CARTESIAN_POINT('Origin',(6.,10.,-6.));
#1723=CARTESIAN_POINT('',(5.32559973145029,3.,-0.0380217815074092));
#1724=CARTESIAN_POINT('',(5.3255997314503,3.,-11.9619782184926));
#1725=CARTESIAN_POINT('Origin',(68.3023841943826,10.7,-5.99999999999998));
#1726=CARTESIAN_POINT('',(68.3023841943817,8.3618143288501,-4.39999999999998));
#1727=CARTESIAN_POINT('',(68.3023841943826,10.7,-4.39999999999998));
#1728=CARTESIAN_POINT('',(67.2389248772167,8.45523466055449,-4.80456941405776));
#1729=CARTESIAN_POINT('Ctrl Pts',(68.3023841943808,8.3618143288501,-4.39999999999998));
#1730=CARTESIAN_POINT('Ctrl Pts',(68.2207934255524,8.376178544072,-4.40000000000007));
#1731=CARTESIAN_POINT('Ctrl Pts',(68.1388530745833,8.38893423273257,-4.40623759127796));
#1732=CARTESIAN_POINT('Ctrl Pts',(67.9816781107626,8.41018277439592,-4.43060704391567));
#1733=CARTESIAN_POINT('Ctrl Pts',(67.9068794859282,8.41886660237672,-4.44774923326852));
#1734=CARTESIAN_POINT('Ctrl Pts',(67.7241395240387,8.43681273964049,-4.50377359748679));
#1735=CARTESIAN_POINT('Ctrl Pts',(67.6186830619875,8.44417053497966,-4.54890520171668));
#1736=CARTESIAN_POINT('Ctrl Pts',(67.4186587855746,8.45339692993496,-4.66126072951812));
#1737=CARTESIAN_POINT('Ctrl Pts',(67.3248514808518,8.4552356315396,-4.72812880281671));
#1738=CARTESIAN_POINT('Ctrl Pts',(67.2389248783086,8.45523466608368,-4.80456941520828));
#1739=CARTESIAN_POINT('',(67.2389249318197,8.45523473292369,-7.19543065997941));
#1740=CARTESIAN_POINT('Origin',(68.3023841943826,8.45523465440812,-5.99999999999998));
#1741=CARTESIAN_POINT('Ctrl Pts',(67.2389249459573,8.45523480410876,-7.19543064497219));
#1742=CARTESIAN_POINT('Ctrl Pts',(67.2956173644029,8.45523615806734,-7.24586441707363));
#1743=CARTESIAN_POINT('Ctrl Pts',(67.3558020081563,8.4544386725725,-7.29218261840287));
#1744=CARTESIAN_POINT('Ctrl Pts',(67.4827471205711,8.45066420006365,-7.37623822950233));
#1745=CARTESIAN_POINT('Ctrl Pts',(67.5494312417802,8.44769180429692,-7.41382792069138));
#1746=CARTESIAN_POINT('Ctrl Pts',(67.6643480561202,8.44047741573079,-7.46815341481598));
#1747=CARTESIAN_POINT('Ctrl Pts',(67.7110902725643,8.43703767073736,-7.48759127039508));
#1748=CARTESIAN_POINT('Ctrl Pts',(67.9543888347127,8.41617325448706,-7.5755061395813));
#1749=CARTESIAN_POINT('Ctrl Pts',(68.1603342430424,8.38866761369628,-7.60687959680406));
#1750=CARTESIAN_POINT('Ctrl Pts',(68.4709567861763,8.33068172821643,-7.59457836603872));
#1751=CARTESIAN_POINT('Ctrl Pts',(68.5750540842167,8.30845062926124,-7.58004086478706));
#1752=CARTESIAN_POINT('Ctrl Pts',(68.7807350448132,8.25931117644294,-7.53058231096471));
#1753=CARTESIAN_POINT('Ctrl Pts',(68.881865259754,8.23237885760942,-7.49517959332087));
#1754=CARTESIAN_POINT('Ctrl Pts',(69.0767323412811,8.17584128640953,-7.40432895667605));
#1755=CARTESIAN_POINT('Ctrl Pts',(69.1699709134755,8.14629549623968,-7.34870002997323));
#1756=CARTESIAN_POINT('Ctrl Pts',(69.3409501236206,8.08851222594904,-7.22162930953841));
#1757=CARTESIAN_POINT('Ctrl Pts',(69.4189729919703,8.06029747495424,-7.15079678561102));
#1758=CARTESIAN_POINT('Ctrl Pts',(69.5583160379577,8.00756211595222,-6.99656302840132));
#1759=CARTESIAN_POINT('Ctrl Pts',(69.6198223056271,7.98304819464688,-6.91380733924661));
#1760=CARTESIAN_POINT('Ctrl Pts',(69.7235461578321,7.94044509822456,-6.74151788343777));
#1761=CARTESIAN_POINT('Ctrl Pts',(69.7664566991672,7.92215709395677,-6.6528886475184));
#1762=CARTESIAN_POINT('Ctrl Pts',(69.8345313755642,7.89264920875883,-6.47080105309541));
#1763=CARTESIAN_POINT('Ctrl Pts',(69.8599890391595,7.8813348416392,-6.3783189777231));
#1764=CARTESIAN_POINT('Ctrl Pts',(69.8938457068568,7.86619595486326,-6.19034890474674));
#1765=CARTESIAN_POINT('Ctrl Pts',(69.9023534260836,7.86233836332896,-6.09566332422667));
#1766=CARTESIAN_POINT('Ctrl Pts',(69.9024180930751,7.86230750212743,-5.90604344227619));
#1767=CARTESIAN_POINT('Ctrl Pts',(69.8940831361902,7.86609044921942,-5.81196386633883));
#1768=CARTESIAN_POINT('Ctrl Pts',(69.8606042034652,7.88105809854473,-5.62410617278782));
#1769=CARTESIAN_POINT('Ctrl Pts',(69.8351260180246,7.89238849982426,-5.53108714735177));
#1770=CARTESIAN_POINT('Ctrl Pts',(69.7672213644837,7.92182554021662,-5.34885549774499));
#1771=CARTESIAN_POINT('Ctrl Pts',(69.7244803516198,7.94005171161155,-5.26027623887141));
#1772=CARTESIAN_POINT('Ctrl Pts',(69.6210211209548,7.98256601960486,-5.08793283267736));
#1773=CARTESIAN_POINT('Ctrl Pts',(69.5596554246201,8.00703495683013,-5.00514690759508));
#1774=CARTESIAN_POINT('Ctrl Pts',(69.4201102627388,8.05988710136704,-4.85023117713025));
#1775=CARTESIAN_POINT('Ctrl Pts',(69.3414950695281,8.08832835183057,-4.77875450195452));
#1776=CARTESIAN_POINT('Ctrl Pts',(69.1706175618652,8.14607746909828,-4.65180205485319));
#1777=CARTESIAN_POINT('Ctrl Pts',(69.0783845551886,8.17531324560919,-4.59666939298018));
#1778=CARTESIAN_POINT('Ctrl Pts',(68.8850559289317,8.23150023361313,-4.50608858125392));
#1779=CARTESIAN_POINT('Ctrl Pts',(68.7843039672836,8.25838911303684,-4.47055618645361));
#1780=CARTESIAN_POINT('Ctrl Pts',(68.5568998994181,8.31286558877885,-4.41527211388615));
#1781=CARTESIAN_POINT('Ctrl Pts',(68.43007444894,8.33933420855508,-4.39999999999983));
#1782=CARTESIAN_POINT('Ctrl Pts',(68.3023841943808,8.3618143288501,-4.39999999999998));
#1783=CARTESIAN_POINT('Origin',(27.6976158056174,10.7,-5.99999999999998));
#1784=CARTESIAN_POINT('',(27.6976158056185,8.36181507027829,-4.39999999999999));
#1785=CARTESIAN_POINT('',(27.6976158056174,10.7,-4.39999999999999));
#1786=CARTESIAN_POINT('',(28.7610750565297,8.45523475231868,-7.19543067569623));
#1787=CARTESIAN_POINT('Ctrl Pts',(27.6976158056195,8.36181507027829,-4.39999999999999));
#1788=CARTESIAN_POINT('Ctrl Pts',(27.5705415472431,8.33944168198327,-4.39999999999999));
#1789=CARTESIAN_POINT('Ctrl Pts',(27.4443189776118,8.31311729104214,-4.41512771212796));
#1790=CARTESIAN_POINT('Ctrl Pts',(27.21714621878,8.25877062301846,-4.47007670884583));
#1791=CARTESIAN_POINT('Ctrl Pts',(27.1160074529758,8.23179017475347,-4.50565462528453));
#1792=CARTESIAN_POINT('Ctrl Pts',(26.9219349015755,8.17542590599839,-4.59645517443463));
#1793=CARTESIAN_POINT('Ctrl Pts',(26.8292453752404,8.14603806094916,-4.65184824292338));
#1794=CARTESIAN_POINT('Ctrl Pts',(26.6577231529495,8.08805652244536,-4.7793905392841));
#1795=CARTESIAN_POINT('Ctrl Pts',(26.5788911871157,8.05952283365088,-4.85116961914987));
#1796=CARTESIAN_POINT('Ctrl Pts',(26.439951445099,8.00687259683742,-5.00574770244984));
#1797=CARTESIAN_POINT('Ctrl Pts',(26.3792351878471,7.98265915574311,-5.08768830757369));
#1798=CARTESIAN_POINT('Ctrl Pts',(26.2757895797441,7.94017304765911,-5.25965324639344));
#1799=CARTESIAN_POINT('Ctrl Pts',(26.2325868317959,7.9217473396705,-5.34913631963781));
#1800=CARTESIAN_POINT('Ctrl Pts',(26.1318083131003,7.8780478591565,-5.6202729890969));
#1801=CARTESIAN_POINT('Ctrl Pts',(26.097514576413,7.8622765840199,-5.80900820554914));
#1802=CARTESIAN_POINT('Ctrl Pts',(26.0977151074226,7.86236983119388,-6.19259320460887));
#1803=CARTESIAN_POINT('Ctrl Pts',(26.1321728579827,7.87821309989374,-6.38120695228768));
#1804=CARTESIAN_POINT('Ctrl Pts',(26.2156676200025,7.91440891005333,-6.60521104938118));
#1805=CARTESIAN_POINT('Ctrl Pts',(26.2350068201835,7.92271128972622,-6.65055363558967));
#1806=CARTESIAN_POINT('Ctrl Pts',(26.2785895622137,7.94116416959681,-6.7409133746682));
#1807=CARTESIAN_POINT('Ctrl Pts',(26.3027320801211,7.95125183685202,-6.78540257776201));
#1808=CARTESIAN_POINT('Ctrl Pts',(26.3555430009757,7.97291602954666,-6.87262927411792));
#1809=CARTESIAN_POINT('Ctrl Pts',(26.3841528708529,7.98447259828637,-6.91510165791832));
#1810=CARTESIAN_POINT('Ctrl Pts',(26.4773719872129,8.02131897078843,-7.04021397965236));
#1811=CARTESIAN_POINT('Ctrl Pts',(26.5480846334084,8.04822831810779,-7.11779159395897));
#1812=CARTESIAN_POINT('Ctrl Pts',(26.7043340087681,8.10422382702126,-7.25883545065944));
#1813=CARTESIAN_POINT('Ctrl Pts',(26.790015933649,8.13330107637553,-7.32193850970313));
#1814=CARTESIAN_POINT('Ctrl Pts',(26.9276258739616,8.17653424901858,-7.40357405205383));
#1815=CARTESIAN_POINT('Ctrl Pts',(26.9753483169844,8.19097200522685,-7.42871849741478));
#1816=CARTESIAN_POINT('Ctrl Pts',(27.0726329354062,8.21915761436855,-7.47385222773728));
#1817=CARTESIAN_POINT('Ctrl Pts',(27.1223017747886,8.23294557809568,-7.49395068816073));
#1818=CARTESIAN_POINT('Ctrl Pts',(27.3723189271236,8.29901896394247,-7.58073290609758));
#1819=CARTESIAN_POINT('Ctrl Pts',(27.58488873434,8.34473259428971,-7.61040985068524));
#1820=CARTESIAN_POINT('Ctrl Pts',(27.9753167859113,8.40686828896129,-7.58556458665561));
#1821=CARTESIAN_POINT('Ctrl Pts',(28.1489350638929,8.42654719373665,-7.5453295987132));
#1822=CARTESIAN_POINT('Ctrl Pts',(28.3947956719403,8.44472086682752,-7.44281888452452));
#1823=CARTESIAN_POINT('Ctrl Pts',(28.4733847837246,8.44887932198996,-7.40213329601562));
#1824=CARTESIAN_POINT('Ctrl Pts',(28.6233810015958,8.45413732747875,-7.30799247856532));
#1825=CARTESIAN_POINT('Ctrl Pts',(28.6945961344054,8.45523641634699,-7.25457052104911));
#1826=CARTESIAN_POINT('Ctrl Pts',(28.7610750396722,8.45523483939635,-7.19543065775625));
#1827=CARTESIAN_POINT('',(28.7610751308708,8.45523465758808,-4.80456942220125));
#1828=CARTESIAN_POINT('Origin',(27.6976158056174,8.45523465440809,-5.99999999999998));
#1829=CARTESIAN_POINT('Ctrl Pts',(28.7610751302663,8.45523466053586,-4.80456942283661));
#1830=CARTESIAN_POINT('Ctrl Pts',(28.6755228279463,8.45523516991102,-4.7284617881605));
#1831=CARTESIAN_POINT('Ctrl Pts',(28.5821086420054,8.4534169054041,-4.66180465227527));
#1832=CARTESIAN_POINT('Ctrl Pts',(28.3824745545834,8.4442383062599,-4.549443718328));
#1833=CARTESIAN_POINT('Ctrl Pts',(28.2770347058061,8.43690248635075,-4.50423015974231));
#1834=CARTESIAN_POINT('Ctrl Pts',(28.0946694016932,8.41903360780363,-4.44816030289308));
#1835=CARTESIAN_POINT('Ctrl Pts',(28.0201613168091,8.41040939255532,-4.43099497009118));
#1836=CARTESIAN_POINT('Ctrl Pts',(27.8625450713995,8.38915047586478,-4.40634505743757));
#1837=CARTESIAN_POINT('Ctrl Pts',(27.7799032953134,8.37630305535305,-4.39999999999999));
#1838=CARTESIAN_POINT('Ctrl Pts',(27.6976158056195,8.36181507027829,-4.39999999999999));
#1839=CARTESIAN_POINT('Origin',(58.3023841943826,10.7,-5.99999999999998));
#1840=CARTESIAN_POINT('',(58.3023841943826,8.49999999999999,-4.39999999999999));
#1841=CARTESIAN_POINT('',(58.3023841943826,10.7,-4.39999999999999));
#1842=CARTESIAN_POINT('Origin',(58.3023841943826,8.49999999999999,-5.99999999999998));
#1843=CARTESIAN_POINT('Origin',(37.6976158056174,10.7,-5.99999999999998));
#1844=CARTESIAN_POINT('',(37.6976158056174,8.49999999999999,-4.39999999999999));
#1845=CARTESIAN_POINT('',(37.6976158056174,10.7,-4.39999999999999));
#1846=CARTESIAN_POINT('Origin',(37.6976158056174,8.49999999999999,-5.99999999999998));
#1847=CARTESIAN_POINT('Origin',(83.1263979383977,6.99999999999999,-10.5));
#1848=CARTESIAN_POINT('Origin',(12.8736020616023,6.99999999999999,-1.5));
#1849=CARTESIAN_POINT('Ctrl Pts',(66.3023772256678,6.9999999996739,-3.75181426567107));
#1850=CARTESIAN_POINT('Ctrl Pts',(66.3694820935127,7.00000005352625,-3.68777250151183));
#1851=CARTESIAN_POINT('Ctrl Pts',(66.4396099702088,6.99966385834585,-3.6270171881366));
#1852=CARTESIAN_POINT('Ctrl Pts',(66.5881191665158,6.99809991980274,-3.51073098478333));
#1853=CARTESIAN_POINT('Ctrl Pts',(66.6654327584763,6.99686164294782,-3.45632844096177));
#1854=CARTESIAN_POINT('Ctrl Pts',(66.8238496057493,6.99335759910201,-3.35636995367834));
#1855=CARTESIAN_POINT('Ctrl Pts',(66.9050445269589,6.99109111148732,-3.31074378150011));
#1856=CARTESIAN_POINT('Ctrl Pts',(67.071345824968,6.98538513630333,-3.22814125656066));
#1857=CARTESIAN_POINT('Ctrl Pts',(67.1564990689706,6.98194278563857,-3.19115566852882));
#1858=CARTESIAN_POINT('Ctrl Pts',(67.3306278312239,6.97374174653343,-3.12602893430138));
#1859=CARTESIAN_POINT('Ctrl Pts',(67.4201357365405,6.96894510321667,-3.09779898694886));
#1860=CARTESIAN_POINT('Ctrl Pts',(67.5996878283805,6.95808219028618,-3.05142576427412));
#1861=CARTESIAN_POINT('Ctrl Pts',(67.6903660351328,6.95198904771414,-3.03301926869706));
#1862=CARTESIAN_POINT('Ctrl Pts',(67.8273120915684,6.9418329253591,-3.01265262565255));
#1863=CARTESIAN_POINT('Ctrl Pts',(67.8731976837982,6.93827151623202,-3.00706462506837));
#1864=CARTESIAN_POINT('Ctrl Pts',(67.9652550752043,6.93080529015618,-2.99831398275606));
#1865=CARTESIAN_POINT('Ctrl Pts',(68.0115652853067,6.9268877230727,-2.99514976753976));
#1866=CARTESIAN_POINT('Ctrl Pts',(68.1499161245788,6.9146975074171,-2.98938152973964));
#1867=CARTESIAN_POINT('Ctrl Pts',(68.2415249898282,6.90598204057503,-2.99042893024291));
#1868=CARTESIAN_POINT('Ctrl Pts',(68.4237543447095,6.8873873927773,-3.00201188066695));
#1869=CARTESIAN_POINT('Ctrl Pts',(68.5143369369738,6.87751200237939,-3.01254592078665));
#1870=CARTESIAN_POINT('Ctrl Pts',(68.6944452080857,6.8566427933609,-3.04306713734365));
#1871=CARTESIAN_POINT('Ctrl Pts',(68.783902340187,6.84565733407844,-3.06303815764436));
#1872=CARTESIAN_POINT('Ctrl Pts',(68.9174862698316,6.82834500400499,-3.10031438533014));
#1873=CARTESIAN_POINT('Ctrl Pts',(68.9618803600837,6.82243775975703,-3.11396809529407));
#1874=CARTESIAN_POINT('Ctrl Pts',(69.0494214419679,6.81049547071452,-3.14340570089239));
#1875=CARTESIAN_POINT('Ctrl Pts',(69.0927514997845,6.80443705101541,-3.1592378988385));
#1876=CARTESIAN_POINT('Ctrl Pts',(69.221119900229,6.78606679646979,-3.20992583821128));
#1877=CARTESIAN_POINT('Ctrl Pts',(69.3048136641895,6.77352426830685,-3.24804112159662));
#1878=CARTESIAN_POINT('Ctrl Pts',(69.4683125802941,6.74800608368984,-3.33274736564915));
#1879=CARTESIAN_POINT('Ctrl Pts',(69.5481942420971,6.73501779153808,-3.37938407258314));
#1880=CARTESIAN_POINT('Ctrl Pts',(69.6649855355709,6.71533623927653,-3.45569996451444));
#1881=CARTESIAN_POINT('Ctrl Pts',(69.7034648689864,6.708732449407,-3.48224807829734));
#1882=CARTESIAN_POINT('Ctrl Pts',(69.779444667415,6.69547004668715,-3.53754180467485));
#1883=CARTESIAN_POINT('Ctrl Pts',(69.8169025463455,6.68881799954215,-3.56626902601629));
#1884=CARTESIAN_POINT('Ctrl Pts',(69.9266025790894,6.66902483805807,-3.65485176776863));
#1885=CARTESIAN_POINT('Ctrl Pts',(69.9965887164981,6.65597851946722,-3.71735115558709));
#1886=CARTESIAN_POINT('Ctrl Pts',(70.1303947308858,6.63035855351387,-3.84910811963969));
#1887=CARTESIAN_POINT('Ctrl Pts',(70.1942209390144,6.61778389868083,-3.91836334998455));
#1888=CARTESIAN_POINT('Ctrl Pts',(70.3157038882764,6.59329236405947,-4.06368375624666));
#1889=CARTESIAN_POINT('Ctrl Pts',(70.3732990139799,6.58138807108209,-4.13965994052687));
#1890=CARTESIAN_POINT('Ctrl Pts',(70.4551000206003,6.56414393030455,-4.25919315234078));
#1891=CARTESIAN_POINT('Ctrl Pts',(70.4814859105174,6.55852194262975,-4.29981942055352));
#1892=CARTESIAN_POINT('Ctrl Pts',(70.5320911698949,6.54764044115931,-4.38196309071636));
#1893=CARTESIAN_POINT('Ctrl Pts',(70.556406246378,6.54236080551828,-4.42361908915014));
#1894=CARTESIAN_POINT('Ctrl Pts',(70.6262841760699,6.5270622807887,-4.55010085083646));
#1895=CARTESIAN_POINT('Ctrl Pts',(70.6688959048939,6.51755987199622,-4.63659720589869));
#1896=CARTESIAN_POINT('Ctrl Pts',(70.746165782378,6.50011217535031,-4.81383270089085));
#1897=CARTESIAN_POINT('Ctrl Pts',(70.7808489953435,6.49216091120519,-4.90465258036357));
#1898=CARTESIAN_POINT('Ctrl Pts',(70.8267492856333,6.48153916984497,-5.04397681989272));
#1899=CARTESIAN_POINT('Ctrl Pts',(70.8410402491197,6.47821312669345,-5.0910077868727));
#1900=CARTESIAN_POINT('Ctrl Pts',(70.8675609251306,6.47201445433519,-5.18622927560445));
#1901=CARTESIAN_POINT('Ctrl Pts',(70.8797438598726,6.46915273100202,-5.2342853927097));
#1902=CARTESIAN_POINT('Ctrl Pts',(70.9127529473369,6.46137219157146,-5.37852495648042));
#1903=CARTESIAN_POINT('Ctrl Pts',(70.9302275719035,6.45721573591204,-5.47527599411969));
#1904=CARTESIAN_POINT('Ctrl Pts',(70.9562580690434,6.45100607967021,-5.66986752977002));
#1905=CARTESIAN_POINT('Ctrl Pts',(70.9648232034969,6.44895062548352,-5.76771975293839));
#1906=CARTESIAN_POINT('Ctrl Pts',(70.9729936049682,6.44699012924739,-5.96454562332807));
#1907=CARTESIAN_POINT('Ctrl Pts',(70.9726029448001,6.44708417811437,-6.06346261743406));
#1908=CARTESIAN_POINT('Ctrl Pts',(70.9625238737542,6.44950193907158,-6.26268484809998));
#1909=CARTESIAN_POINT('Ctrl Pts',(70.9529107167299,6.45180737654355,-6.3612694646804));
#1910=CARTESIAN_POINT('Ctrl Pts',(70.924907021033,6.45848118279577,-6.55605158692455));
#1911=CARTESIAN_POINT('Ctrl Pts',(70.9065113678571,6.46285076366406,-6.65232373984165));
#1912=CARTESIAN_POINT('Ctrl Pts',(70.8610144023063,6.47355735482615,-6.84264255422795));
#1913=CARTESIAN_POINT('Ctrl Pts',(70.8339027476436,6.47989682854036,-6.93670196598652));
#1914=CARTESIAN_POINT('Ctrl Pts',(70.7866058700557,6.49081888909593,-7.0760648910168));
#1915=CARTESIAN_POINT('Ctrl Pts',(70.7696790137484,6.49470739113644,-7.12234335356975));
#1916=CARTESIAN_POINT('Ctrl Pts',(70.7337742198358,6.50290033078142,-7.2137837043598));
#1917=CARTESIAN_POINT('Ctrl Pts',(70.7148558626615,6.50719126344871,-7.25881706254226));
#1918=CARTESIAN_POINT('Ctrl Pts',(70.655264634263,6.52060667201795,-7.39184172008679));
#1919=CARTESIAN_POINT('Ctrl Pts',(70.611684336933,6.53029127069571,-7.47803054524978));
#1920=CARTESIAN_POINT('Ctrl Pts',(70.5170841894015,6.5509244429271,-7.64518320928434));
#1921=CARTESIAN_POINT('Ctrl Pts',(70.4660127061022,6.56188438202677,-7.72624422217243));
#1922=CARTESIAN_POINT('Ctrl Pts',(70.3838355315627,6.5791354183808,-7.84387646064918));
#1923=CARTESIAN_POINT('Ctrl Pts',(70.355458718429,6.58503201221765,-7.88248847167722));
#1924=CARTESIAN_POINT('Ctrl Pts',(70.2968407427318,6.59707160204514,-7.9583465794768));
#1925=CARTESIAN_POINT('Ctrl Pts',(70.2665139024829,6.60323135340754,-7.99568326329421));
#1926=CARTESIAN_POINT('Ctrl Pts',(70.1735428088552,6.62187854242822,-8.10460209475416));
#1927=CARTESIAN_POINT('Ctrl Pts',(70.1087479996815,6.63456979923891,-8.17339432493863));
#1928=CARTESIAN_POINT('Ctrl Pts',(69.9735455819631,6.66029776625687,-8.30367901912008));
#1929=CARTESIAN_POINT('Ctrl Pts',(69.9031590662663,6.67333092218804,-8.36515329014905));
#1930=CARTESIAN_POINT('Ctrl Pts',(69.7567930459161,6.69955800698286,-8.4807791430582));
#1931=CARTESIAN_POINT('Ctrl Pts',(69.6808940985539,6.71273867342131,-8.53487768829695));
#1932=CARTESIAN_POINT('Ctrl Pts',(69.5624690222636,6.73254811125351,-8.61053920551668));
#1933=CARTESIAN_POINT('Ctrl Pts',(69.5223417600956,6.73913762703111,-8.63475822734877));
#1934=CARTESIAN_POINT('Ctrl Pts',(69.4414970561416,6.75215537912974,-8.68079481574641));
#1935=CARTESIAN_POINT('Ctrl Pts',(69.4006344541197,6.75860799293196,-8.70270633870233));
#1936=CARTESIAN_POINT('Ctrl Pts',(69.2769779754175,6.77773345615151,-8.76502261271095));
#1937=CARTESIAN_POINT('Ctrl Pts',(69.1929394790772,6.79020367927502,-8.80213039346154));
#1938=CARTESIAN_POINT('Ctrl Pts',(69.0217825316268,6.81444781975592,-8.86748793679059));
#1939=CARTESIAN_POINT('Ctrl Pts',(68.9345874681588,6.82623167738566,-8.89575799988355));
#1940=CARTESIAN_POINT('Ctrl Pts',(68.8015757385345,6.8432874712287,-8.93137874515695));
#1941=CARTESIAN_POINT('Ctrl Pts',(68.7567972018399,6.84887717386209,-8.94212801425465));
#1942=CARTESIAN_POINT('Ctrl Pts',(68.6664130600887,6.85984501553786,-8.96133036422058));
#1943=CARTESIAN_POINT('Ctrl Pts',(68.6208741366168,6.86521368096676,-8.96975868329334));
#1944=CARTESIAN_POINT('Ctrl Pts',(68.4845218097251,6.88081014009934,-8.99129091075074));
#1945=CARTESIAN_POINT('Ctrl Pts',(68.3935028723269,6.8905909711505,-9.00079397532849));
#1946=CARTESIAN_POINT('Ctrl Pts',(68.3023841943826,6.89974874213238,-9.00552687376198));
#1947=CARTESIAN_POINT('Ctrl Pts',(68.2112655164383,6.90890651311426,-9.01025977219547));
#1948=CARTESIAN_POINT('Ctrl Pts',(68.1200414976491,6.91744275039897,-9.01022976883134));
#1949=CARTESIAN_POINT('Ctrl Pts',(67.9373817553262,6.93326833972644,-9.00057600551185));
#1950=CARTESIAN_POINT('Ctrl Pts',(67.8460610421388,6.94054919863436,-8.99097056666822));
#1951=CARTESIAN_POINT('Ctrl Pts',(67.6627441060068,6.95389365372498,-8.96174740764694));
#1952=CARTESIAN_POINT('Ctrl Pts',(67.5720455239467,6.95985780378818,-8.94229342084646));
#1953=CARTESIAN_POINT('Ctrl Pts',(67.3940073775462,6.97038556449035,-8.89428666894012));
#1954=CARTESIAN_POINT('Ctrl Pts',(67.3063686400633,6.97497085023478,-8.86568606808382));
#1955=CARTESIAN_POINT('Ctrl Pts',(67.1339692809006,6.98289051010908,-8.79938563889383));
#1956=CARTESIAN_POINT('Ctrl Pts',(67.0491178376424,6.98622729890757,-8.76163456838207));
#1957=CARTESIAN_POINT('Ctrl Pts',(66.8825862976927,6.99175716159861,-8.67702799847848));
#1958=CARTESIAN_POINT('Ctrl Pts',(66.800211689567,6.99396098980062,-8.62968358484478));
#1959=CARTESIAN_POINT('Ctrl Pts',(66.6419839003463,6.99727199547724,-8.52757381464323));
#1960=CARTESIAN_POINT('Ctrl Pts',(66.5656238687957,6.99840281217112,-8.47262467447523));
#1961=CARTESIAN_POINT('Ctrl Pts',(66.4185034102946,6.99979823278,-8.35516480415586));
#1962=CARTESIAN_POINT('Ctrl Pts',(66.347705605647,7.00006422456099,-8.29264108754195));
#1963=CARTESIAN_POINT('Ctrl Pts',(66.2116902350237,6.99991004207919,-8.15996655891853));
#1964=CARTESIAN_POINT('Ctrl Pts',(66.1464104205718,6.99948890803482,-8.08974360797401));
#1965=CARTESIAN_POINT('Ctrl Pts',(66.0218595106689,6.99812938476577,-7.94165049281154));
#1966=CARTESIAN_POINT('Ctrl Pts',(65.9635967482099,6.99720465197715,-7.86500341255807));
#1967=CARTESIAN_POINT('Ctrl Pts',(65.8545765945924,6.99506045308615,-7.70638223812768));
#1968=CARTESIAN_POINT('Ctrl Pts',(65.8038627668417,6.99384105006408,-7.62445831970562));
#1969=CARTESIAN_POINT('Ctrl Pts',(65.7099912847721,6.99128000651139,-7.45540610077639));
#1970=CARTESIAN_POINT('Ctrl Pts',(65.6668350962968,6.98993795085854,-7.36826617901098));
#1971=CARTESIAN_POINT('Ctrl Pts',(65.6079017713325,6.98794842469123,-7.23359081778415));
#1972=CARTESIAN_POINT('Ctrl Pts',(65.5891888511264,6.98728755068763,-7.18791225182633));
#1973=CARTESIAN_POINT('Ctrl Pts',(65.5539743819051,6.98599990942416,-7.09580463979806));
#1974=CARTESIAN_POINT('Ctrl Pts',(65.5374997894878,6.98537440411559,-7.04947230121072));
#1975=CARTESIAN_POINT('Ctrl Pts',(65.4914624920114,6.98357687329303,-6.90973354212609));
#1976=CARTESIAN_POINT('Ctrl Pts',(65.4651509986946,6.98248036640107,-6.81532395710755));
#1977=CARTESIAN_POINT('Ctrl Pts',(65.4212972563441,6.9805947895229,-6.6243838745445));
#1978=CARTESIAN_POINT('Ctrl Pts',(65.4037276077461,6.97980455814481,-6.5277579801701));
#1979=CARTESIAN_POINT('Ctrl Pts',(65.38399822266,6.97890413174753,-6.38123530701537));
#1980=CARTESIAN_POINT('Ctrl Pts',(65.3785247735136,6.97865117331252,-6.33204990682976));
#1981=CARTESIAN_POINT('Ctrl Pts',(65.3698311018611,6.97824726212821,-6.23323176502399));
#1982=CARTESIAN_POINT('Ctrl Pts',(65.3666053360745,6.97809605702814,-6.18339425999638));
#1983=CARTESIAN_POINT('Ctrl Pts',(65.3604302634739,6.97780618581718,-6.03432271656519));
#1984=CARTESIAN_POINT('Ctrl Pts',(65.3609181243138,6.97782936637039,-5.9355966147084));
#1985=CARTESIAN_POINT('Ctrl Pts',(65.3708420560184,6.97829457291006,-5.73899477122389));
#1986=CARTESIAN_POINT('Ctrl Pts',(65.3802782214981,6.97873657542209,-5.64119079055373));
#1987=CARTESIAN_POINT('Ctrl Pts',(65.40809890882,6.98000117736777,-5.4465765184502));
#1988=CARTESIAN_POINT('Ctrl Pts',(65.426469000353,6.98082330923246,-5.34983863799698));
#1989=CARTESIAN_POINT('Ctrl Pts',(65.4609739291772,6.98229622894205,-5.2052812594335));
#1990=CARTESIAN_POINT('Ctrl Pts',(65.4736446335665,6.98282709877043,-5.15721438353229));
#1991=CARTESIAN_POINT('Ctrl Pts',(65.501016393386,6.98394347365588,-5.06241187810898));
#1992=CARTESIAN_POINT('Ctrl Pts',(65.515762337827,6.98453090482139,-5.01547620840762));
#1993=CARTESIAN_POINT('Ctrl Pts',(65.5630424090617,6.98635452877017,-4.87640334823018));
#1994=CARTESIAN_POINT('Ctrl Pts',(65.5986838720989,6.98765578474308,-4.78569062853435));
#1995=CARTESIAN_POINT('Ctrl Pts',(65.6780583930283,6.99029246944991,-4.60843388836925));
#1996=CARTESIAN_POINT('Ctrl Pts',(65.721836513876,6.99162929988452,-4.52180320320495));
#1997=CARTESIAN_POINT('Ctrl Pts',(65.7935796152923,6.99354135647671,-4.39513209302006));
#1998=CARTESIAN_POINT('Ctrl Pts',(65.8185515061415,6.99416370896578,-4.35339895023886));
#1999=CARTESIAN_POINT('Ctrl Pts',(65.8706121184557,6.99535576696479,-4.27096747740877));
#2000=CARTESIAN_POINT('Ctrl Pts',(65.8976453680448,6.99592368984717,-4.23037404670747));
#2001=CARTESIAN_POINT('Ctrl Pts',(65.9810321025883,6.99749520787715,-4.11151284687168));
#2002=CARTESIAN_POINT('Ctrl Pts',(66.0399056395872,6.99837392397852,-4.03570534048833));
#2003=CARTESIAN_POINT('Ctrl Pts',(66.164050095759,6.99961789082209,-3.8908705607266));
#2004=CARTESIAN_POINT('Ctrl Pts',(66.2293228392136,6.99998385951593,-3.82182999894008));
#2005=CARTESIAN_POINT('Ctrl Pts',(66.3023772256678,6.9999999996739,-3.75181426567107));
#2006=CARTESIAN_POINT('Ctrl Pts',(67.2389266295072,8.45524357671538,-4.80457940513996));
#2007=CARTESIAN_POINT('Ctrl Pts',(67.2772043603331,8.45524363448615,-4.77052668314355));
#2008=CARTESIAN_POINT('Ctrl Pts',(67.3172064656016,8.45488297701189,-4.73822145508907));
#2009=CARTESIAN_POINT('Ctrl Pts',(67.401918577016,8.45320524289281,-4.67638896488929));
#2010=CARTESIAN_POINT('Ctrl Pts',(67.4460195335837,8.45187686631587,-4.64746167462778));
#2011=CARTESIAN_POINT('Ctrl Pts',(67.5363831336148,8.4481178606051,-4.59431106856209));
#2012=CARTESIAN_POINT('Ctrl Pts',(67.5826980648325,8.4456864584131,-4.57005041026505));
#2013=CARTESIAN_POINT('Ctrl Pts',(67.6775590864753,8.43956530404242,-4.52612843442942));
#2014=CARTESIAN_POINT('Ctrl Pts',(67.7261319107421,8.43587248044239,-4.50646220624538));
#2015=CARTESIAN_POINT('Ctrl Pts',(67.8254578479499,8.42707471586395,-4.47183257659548));
#2016=CARTESIAN_POINT('Ctrl Pts',(67.8765146433417,8.42192905832692,-4.45682195716583));
#2017=CARTESIAN_POINT('Ctrl Pts',(67.9789341377877,8.41027573618479,-4.43216407210764));
#2018=CARTESIAN_POINT('Ctrl Pts',(68.0306584925479,8.40373924328185,-4.42237684520673));
#2019=CARTESIAN_POINT('Ctrl Pts',(68.1087747969826,8.3928441393361,-4.41154735537829));
#2020=CARTESIAN_POINT('Ctrl Pts',(68.1349487006752,8.38902359432087,-4.40857606573752));
#2021=CARTESIAN_POINT('Ctrl Pts',(68.1874597652498,8.38101410936812,-4.40392311474756));
#2022=CARTESIAN_POINT('Ctrl Pts',(68.2138758780256,8.37681149156782,-4.40224061673218));
#2023=CARTESIAN_POINT('Ctrl Pts',(68.2927934939202,8.36373428926025,-4.39917349013445));
#2024=CARTESIAN_POINT('Ctrl Pts',(68.3450487117313,8.35438466606056,-4.39973042104723));
#2025=CARTESIAN_POINT('Ctrl Pts',(68.4489953614796,8.33443703117521,-4.40588938615137));
#2026=CARTESIAN_POINT('Ctrl Pts',(68.5006651761433,8.32384308585372,-4.41149061754223));
#2027=CARTESIAN_POINT('Ctrl Pts',(68.6034019244915,8.30145538771735,-4.42771956619769));
#2028=CARTESIAN_POINT('Ctrl Pts',(68.6544297579879,8.28967060248124,-4.4383386928135));
#2029=CARTESIAN_POINT('Ctrl Pts',(68.7306282494806,8.27109858955053,-4.45815946188702));
#2030=CARTESIAN_POINT('Ctrl Pts',(68.7559513756793,8.26476152133981,-4.46541950532498));
#2031=CARTESIAN_POINT('Ctrl Pts',(68.8058862623131,8.25195028532663,-4.48107226899868));
#2032=CARTESIAN_POINT('Ctrl Pts',(68.8306024467452,8.24545104180907,-4.48949067286977));
#2033=CARTESIAN_POINT('Ctrl Pts',(68.9038259137783,8.22574412751799,-4.51644280841079));
#2034=CARTESIAN_POINT('Ctrl Pts',(68.9515662263951,8.2122889776761,-4.5367097258843));
#2035=CARTESIAN_POINT('Ctrl Pts',(69.0448287228677,8.18491403434714,-4.58175030554066));
#2036=CARTESIAN_POINT('Ctrl Pts',(69.0903945491294,8.17098068575355,-4.60654829225345));
#2037=CARTESIAN_POINT('Ctrl Pts',(69.1570142421033,8.14986706087328,-4.64712749685667));
#2038=CARTESIAN_POINT('Ctrl Pts',(69.1789634928007,8.14278276486175,-4.66124384031379));
#2039=CARTESIAN_POINT('Ctrl Pts',(69.2223036313899,8.12855536082329,-4.69064499621847));
#2040=CARTESIAN_POINT('Ctrl Pts',(69.2436702274832,8.12141929623355,-4.70592002955021));
#2041=CARTESIAN_POINT('Ctrl Pts',(69.3062449476108,8.10018594119522,-4.753021846902));
#2042=CARTESIAN_POINT('Ctrl Pts',(69.3461662024402,8.08619034403631,-4.78625444607323));
#2043=CARTESIAN_POINT('Ctrl Pts',(69.4224913747563,8.05870621353851,-4.85631315427382));
#2044=CARTESIAN_POINT('Ctrl Pts',(69.4588989036417,8.04521659942125,-4.89313801593592));
#2045=CARTESIAN_POINT('Ctrl Pts',(69.5281947949994,8.0189430073774,-4.97040876979154));
#2046=CARTESIAN_POINT('Ctrl Pts',(69.5610480110083,8.00617253210527,-5.01080734274779));
#2047=CARTESIAN_POINT('Ctrl Pts',(69.6077086634057,7.98767367007229,-5.07436635435001));
#2048=CARTESIAN_POINT('Ctrl Pts',(69.6227596131247,7.98164261432485,-5.09596842973537));
#2049=CARTESIAN_POINT('Ctrl Pts',(69.6516256933219,7.96996935109811,-5.13964642019307));
#2050=CARTESIAN_POINT('Ctrl Pts',(69.6654954166743,7.96430555766443,-5.16179603072815));
#2051=CARTESIAN_POINT('Ctrl Pts',(69.7053549480219,7.94789387894204,-5.22904977248416));
#2052=CARTESIAN_POINT('Ctrl Pts',(69.7296613856658,7.9377000541819,-5.27504220213014));
#2053=CARTESIAN_POINT('Ctrl Pts',(69.7737374067704,7.91898282511152,-5.36928306382801));
#2054=CARTESIAN_POINT('Ctrl Pts',(69.7935212873081,7.91045300966984,-5.41757442720651));
#2055=CARTESIAN_POINT('Ctrl Pts',(69.8197035750404,7.89905840725452,-5.49165685861193));
#2056=CARTESIAN_POINT('Ctrl Pts',(69.8278553778916,7.89549035395988,-5.51666448392229));
#2057=CARTESIAN_POINT('Ctrl Pts',(69.8429832118368,7.88884065269477,-5.56729630093203));
#2058=CARTESIAN_POINT('Ctrl Pts',(69.8499325600954,7.88577070413805,-5.59284902604258));
#2059=CARTESIAN_POINT('Ctrl Pts',(69.8687614916764,7.87742403570162,-5.66954506702348));
#2060=CARTESIAN_POINT('Ctrl Pts',(69.8787293076705,7.8729651472751,-5.72099018614247));
#2061=CARTESIAN_POINT('Ctrl Pts',(69.8935775354493,7.86630366291487,-5.82445971971383));
#2062=CARTESIAN_POINT('Ctrl Pts',(69.8984632303563,7.86409864940324,-5.87649036870795));
#2063=CARTESIAN_POINT('Ctrl Pts',(69.9031237630168,7.86199550318922,-5.98114795792979));
#2064=CARTESIAN_POINT('Ctrl Pts',(69.9029009239705,7.86209639525667,-6.03374477416137));
#2065=CARTESIAN_POINT('Ctrl Pts',(69.897151654493,7.86469007776921,-6.13967657235257));
#2066=CARTESIAN_POINT('Ctrl Pts',(69.8916681501104,7.86716326389462,-6.19209665454833));
#2067=CARTESIAN_POINT('Ctrl Pts',(69.8756943771117,7.87432267083132,-6.29566752811805));
#2068=CARTESIAN_POINT('Ctrl Pts',(69.8652011911003,7.87901019192385,-6.34685801142263));
#2069=CARTESIAN_POINT('Ctrl Pts',(69.839248966519,7.89049581798748,-6.44805562461012));
#2070=CARTESIAN_POINT('Ctrl Pts',(69.8237840285453,7.89729656561887,-6.49806953413501));
#2071=CARTESIAN_POINT('Ctrl Pts',(69.7968051042438,7.90901333910224,-6.57217253561625));
#2072=CARTESIAN_POINT('Ctrl Pts',(69.7871497443564,7.91318477702225,-6.59678003417348));
#2073=CARTESIAN_POINT('Ctrl Pts',(69.7666690537465,7.92197385280708,-6.64540131882416));
#2074=CARTESIAN_POINT('Ctrl Pts',(69.7558777087013,7.92657700308169,-6.66934676202015));
#2075=CARTESIAN_POINT('Ctrl Pts',(69.721885882552,7.94096854601712,-6.74007953686098));
#2076=CARTESIAN_POINT('Ctrl Pts',(69.697026957363,7.95135781719015,-6.78590844459271));
#2077=CARTESIAN_POINT('Ctrl Pts',(69.6430654624725,7.97349230399013,-6.8747879949008));
#2078=CARTESIAN_POINT('Ctrl Pts',(69.6139334404116,7.98524971213789,-6.9178903074721));
#2079=CARTESIAN_POINT('Ctrl Pts',(69.5670582155846,8.00375597148559,-6.98043852061819));
#2080=CARTESIAN_POINT('Ctrl Pts',(69.5508716102064,8.01008161433746,-7.00096956148561));
#2081=CARTESIAN_POINT('Ctrl Pts',(69.5174349435777,8.02299723095331,-7.04130535001332));
#2082=CARTESIAN_POINT('Ctrl Pts',(69.500136010354,8.02960517924604,-7.06115826523183));
#2083=CARTESIAN_POINT('Ctrl Pts',(69.4471037548599,8.0496091783693,-7.11907332638845));
#2084=CARTESIAN_POINT('Ctrl Pts',(69.4101437198558,8.06322387867816,-7.15565199845919));
#2085=CARTESIAN_POINT('Ctrl Pts',(69.333022015894,8.09082386863341,-7.22492786132013));
#2086=CARTESIAN_POINT('Ctrl Pts',(69.2928723786434,8.10480534538808,-7.25761537842472));
#2087=CARTESIAN_POINT('Ctrl Pts',(69.2093827703816,8.13294077001671,-7.31909674259816));
#2088=CARTESIAN_POINT('Ctrl Pts',(69.1660887505814,8.1470804904644,-7.34786238866779));
#2089=CARTESIAN_POINT('Ctrl Pts',(69.0985371207396,8.1683313061551,-7.38809364471641));
#2090=CARTESIAN_POINT('Ctrl Pts',(69.0756478641267,8.17540028945844,-7.40097154757117));
#2091=CARTESIAN_POINT('Ctrl Pts',(69.0295327026496,8.18936524156321,-7.42545043516752));
#2092=CARTESIAN_POINT('Ctrl Pts',(69.0062239959742,8.19628736160523,-7.43710137904075));
#2093=CARTESIAN_POINT('Ctrl Pts',(68.9356882873355,8.21680443519993,-7.47023661168915));
#2094=CARTESIAN_POINT('Ctrl Pts',(68.8877513336475,8.23018201892953,-7.48996781301473));
#2095=CARTESIAN_POINT('Ctrl Pts',(68.7901205689425,8.25619021589495,-7.52472017005014));
#2096=CARTESIAN_POINT('Ctrl Pts',(68.7403830569312,8.26883149268729,-7.5397521200968));
#2097=CARTESIAN_POINT('Ctrl Pts',(68.6645109578655,8.28712830324414,-7.55869262480448));
#2098=CARTESIAN_POINT('Ctrl Pts',(68.6389685370219,8.29312472482309,-7.56440829921225));
#2099=CARTESIAN_POINT('Ctrl Pts',(68.5874119218323,8.3048906105564,-7.57461870321412));
#2100=CARTESIAN_POINT('Ctrl Pts',(68.5614357637535,8.31064991178022,-7.57910026630164));
#2101=CARTESIAN_POINT('Ctrl Pts',(68.4836581325152,8.3273812032595,-7.59054952859318));
#2102=CARTESIAN_POINT('Ctrl Pts',(68.4317394193382,8.33787370889094,-7.59560256266398));
#2103=CARTESIAN_POINT('Ctrl Pts',(68.3797638125103,8.34769781924236,-7.59811917157849));
#2104=CARTESIAN_POINT('Ctrl Pts',(68.3277882056823,8.35752192959378,-7.600635780493));
#2105=CARTESIAN_POINT('Ctrl Pts',(68.2757525106785,8.36667928210356,-7.60061982690034));
#2106=CARTESIAN_POINT('Ctrl Pts',(68.1715603607873,8.38365637579117,-7.59548666227202));
#2107=CARTESIAN_POINT('Ctrl Pts',(68.1194695096955,8.39146700585773,-7.59037919306181));
#2108=CARTESIAN_POINT('Ctrl Pts',(68.0149024855389,8.40578243257616,-7.57484045637871));
#2109=CARTESIAN_POINT('Ctrl Pts',(67.9631665083754,8.41218054719301,-7.5644962503292));
#2110=CARTESIAN_POINT('Ctrl Pts',(67.8616105935284,8.42347433070241,-7.53896977400419));
#2111=CARTESIAN_POINT('Ctrl Pts',(67.8116200025161,8.42839325182839,-7.52376206817801));
#2112=CARTESIAN_POINT('Ctrl Pts',(67.7132805455402,8.4368891634106,-7.48850835346549));
#2113=CARTESIAN_POINT('Ctrl Pts',(67.6648798734257,8.44046874423308,-7.46843509773383));
#2114=CARTESIAN_POINT('Ctrl Pts',(67.5698875179697,8.44640097178131,-7.42344751749861));
#2115=CARTESIAN_POINT('Ctrl Pts',(67.5228996737392,8.44876515532571,-7.39827322417537));
#2116=CARTESIAN_POINT('Ctrl Pts',(67.4326439155642,8.45231707698935,-7.34397872334108));
#2117=CARTESIAN_POINT('Ctrl Pts',(67.3890868856853,8.45353017436987,-7.31476079315504));
#2118=CARTESIAN_POINT('Ctrl Pts',(67.3051669333739,8.45502712882266,-7.252304232781));
#2119=CARTESIAN_POINT('Ctrl Pts',(67.2647826900781,8.45531247474519,-7.21905869734018));
#2120=CARTESIAN_POINT('Ctrl Pts',(67.1871972642801,8.45514707361008,-7.14851209547018));
#2121=CARTESIAN_POINT('Ctrl Pts',(67.1499605742132,8.45469529693505,-7.11117267083622));
#2122=CARTESIAN_POINT('Ctrl Pts',(67.0789146671648,8.45323685179073,-7.03242759336293));
#2123=CARTESIAN_POINT('Ctrl Pts',(67.0456806200664,8.45224483342959,-6.99167228704258));
#2124=CARTESIAN_POINT('Ctrl Pts',(66.9834937142744,8.44994461795533,-6.90732915835695));
#2125=CARTESIAN_POINT('Ctrl Pts',(66.9545657048763,8.44863648851254,-6.8637680157908));
#2126=CARTESIAN_POINT('Ctrl Pts',(66.9010198528634,8.44588909785074,-6.77387842124604));
#2127=CARTESIAN_POINT('Ctrl Pts',(66.8764028463968,8.44444939130467,-6.72754378994508));
#2128=CARTESIAN_POINT('Ctrl Pts',(66.8427862993059,8.44231510287826,-6.65593329175828));
#2129=CARTESIAN_POINT('Ctrl Pts',(66.8321121389131,8.44160614224231,-6.63164477428904));
#2130=CARTESIAN_POINT('Ctrl Pts',(66.8120252209694,8.44022480939493,-6.58266868895887));
#2131=CARTESIAN_POINT('Ctrl Pts',(66.8026278399145,8.43955379095748,-6.5580325430717));
#2132=CARTESIAN_POINT('Ctrl Pts',(66.7763674010216,8.43762546787493,-6.48372970054975));
#2133=CARTESIAN_POINT('Ctrl Pts',(66.7613588883662,8.43644917675296,-6.43352959452228));
#2134=CARTESIAN_POINT('Ctrl Pts',(66.7363439855823,8.43442640119264,-6.33200163639795));
#2135=CARTESIAN_POINT('Ctrl Pts',(66.7263219662976,8.43357867085781,-6.28062305928601));
#2136=CARTESIAN_POINT('Ctrl Pts',(66.7150679974571,8.43261272747385,-6.20271302789991));
#2137=CARTESIAN_POINT('Ctrl Pts',(66.7119458511836,8.43234136323199,-6.17655983270752));
#2138=CARTESIAN_POINT('Ctrl Pts',(66.7069868365234,8.43190806258983,-6.12401557888433));
#2139=CARTESIAN_POINT('Ctrl Pts',(66.7051468061583,8.43174585547724,-6.09751564207189));
#2140=CARTESIAN_POINT('Ctrl Pts',(66.7016244422162,8.43143489260538,-6.01825030807049));
#2141=CARTESIAN_POINT('Ctrl Pts',(66.7019027261396,8.43145975982613,-5.96575499436072));
#2142=CARTESIAN_POINT('Ctrl Pts',(66.7075635015608,8.43195881580728,-5.86121652624741));
#2143=CARTESIAN_POINT('Ctrl Pts',(66.7129460470277,8.4324329793851,-5.80921152908231));
#2144=CARTESIAN_POINT('Ctrl Pts',(66.7288154290107,8.43378959652379,-5.70572990592914));
#2145=CARTESIAN_POINT('Ctrl Pts',(66.7392940342368,8.43467154849421,-5.65429178281348));
#2146=CARTESIAN_POINT('Ctrl Pts',(66.7589762185571,8.43625164105117,-5.57742675122932));
#2147=CARTESIAN_POINT('Ctrl Pts',(66.7662037987243,8.43682113812492,-5.55186830536678));
#2148=CARTESIAN_POINT('Ctrl Pts',(66.7818171050058,8.4380187428795,-5.5014592730073));
#2149=CARTESIAN_POINT('Ctrl Pts',(66.790228436555,8.43864891681647,-5.47650231979339));
#2150=CARTESIAN_POINT('Ctrl Pts',(66.8171977742262,8.44060523161732,-5.4025535535874));
#2151=CARTESIAN_POINT('Ctrl Pts',(66.83752825653,8.44200116980992,-5.35431916989226));
#2152=CARTESIAN_POINT('Ctrl Pts',(66.8828048012016,8.44482970544106,-5.26006701156612));
#2153=CARTESIAN_POINT('Ctrl Pts',(66.9077765682158,8.44626380657045,-5.21400315501662));
#2154=CARTESIAN_POINT('Ctrl Pts',(66.9487000244941,8.4483149885669,-5.14664873157408));
#2155=CARTESIAN_POINT('Ctrl Pts',(66.9629444056634,8.44898262477892,-5.12445810132762));
#2156=CARTESIAN_POINT('Ctrl Pts',(66.9926406433402,8.45026141951526,-5.08062707848048));
#2157=CARTESIAN_POINT('Ctrl Pts',(67.0080608577639,8.45087066570393,-5.05904246368103));
#2158=CARTESIAN_POINT('Ctrl Pts',(67.0556260357011,8.45255653081001,-4.99584077884995));
#2159=CARTESIAN_POINT('Ctrl Pts',(67.0892084787372,8.45349918420941,-4.95553189645426));
#2160=CARTESIAN_POINT('Ctrl Pts',(67.1600225378285,8.45483366479096,-4.87851936322052));
#2161=CARTESIAN_POINT('Ctrl Pts',(67.197255194481,8.45522626216435,-4.84180864658396));
#2162=CARTESIAN_POINT('Ctrl Pts',(67.2389266295072,8.45524357671538,-4.80457940513996));
#2163=CARTESIAN_POINT('',(67.2389248704869,8.45523465406302,-4.80456940658831));
#2164=CARTESIAN_POINT('',(66.3023842583468,7.00000013461018,-8.24819259871528));
#2165=CARTESIAN_POINT('Origin',(68.3023841943826,6.99999999999999,-5.99999999999998));
#2166=CARTESIAN_POINT('Origin',(58.3023841943826,6.99999999999999,-5.99999999999998));
#2167=CARTESIAN_POINT('',(58.3023841943826,6.99999999999999,-2.89999999999998));
#2168=CARTESIAN_POINT('Origin',(37.6976158056174,6.99999999999999,-5.99999999999998));
#2169=CARTESIAN_POINT('',(37.6976158056174,6.99999999999999,-2.89999999999998));
#2170=CARTESIAN_POINT('Ctrl Pts',(29.6976266663698,6.99999400810458,-8.24819043825407));
#2171=CARTESIAN_POINT('Ctrl Pts',(29.6370942816264,6.99999411167139,-8.30596064019844));
#2172=CARTESIAN_POINT('Ctrl Pts',(29.5740966249878,6.99971959617113,-8.36104635066342));
#2173=CARTESIAN_POINT('Ctrl Pts',(29.471368097715,6.99874898896602,-8.44311712161723));
#2174=CARTESIAN_POINT('Ctrl Pts',(29.4333284872341,6.99828478989992,-8.47195621121911));
#2175=CARTESIAN_POINT('Ctrl Pts',(29.3564115358605,6.99712008535139,-8.52725299594272));
#2176=CARTESIAN_POINT('Ctrl Pts',(29.3174330611705,6.99641995136375,-8.55381117304408));
#2177=CARTESIAN_POINT('Ctrl Pts',(29.1201823431073,6.99227595047986,-8.68089800161287));
#2178=CARTESIAN_POINT('Ctrl Pts',(28.9546138757741,6.98693465549288,-8.76515740187095));
#2179=CARTESIAN_POINT('Ctrl Pts',(28.7380759811549,6.97701113160483,-8.84864137173029));
#2180=CARTESIAN_POINT('Ctrl Pts',(28.6942794801714,6.97486007272054,-8.86421362399924));
#2181=CARTESIAN_POINT('Ctrl Pts',(28.6056806136402,6.97021299163858,-8.8931432684689));
#2182=CARTESIAN_POINT('Ctrl Pts',(28.5608826595984,6.9677145322399,-8.90647749704248));
#2183=CARTESIAN_POINT('Ctrl Pts',(28.4264828564712,6.95975958996865,-8.94265353577267));
#2184=CARTESIAN_POINT('Ctrl Pts',(28.3364347515685,6.95382611428673,-8.96187074872224));
#2185=CARTESIAN_POINT('Ctrl Pts',(28.1554386693817,6.94065395906233,-8.99075091353562));
#2186=CARTESIAN_POINT('Ctrl Pts',(28.0644964527793,6.9334165012031,-9.00041821714447));
#2187=CARTESIAN_POINT('Ctrl Pts',(27.8817266351738,6.91759823175489,-9.01020527533436));
#2188=CARTESIAN_POINT('Ctrl Pts',(27.7899887184969,6.90902649331923,-9.01033023080862));
#2189=CARTESIAN_POINT('Ctrl Pts',(27.6976161249743,6.89974276623667,-9.00553268233751));
#2190=CARTESIAN_POINT('Ctrl Pts',(27.6052435314517,6.8904590391541,-9.0007351338664));
#2191=CARTESIAN_POINT('Ctrl Pts',(27.5136748469708,6.8806047127545,-8.99106475163086));
#2192=CARTESIAN_POINT('Ctrl Pts',(27.332919648661,6.85991560210065,-8.96241407989018));
#2193=CARTESIAN_POINT('Ctrl Pts',(27.2435728460614,6.84906457245637,-8.94342437467282));
#2194=CARTESIAN_POINT('Ctrl Pts',(27.0669599062039,6.82643044831386,-8.8962284780201));
#2195=CARTESIAN_POINT('Ctrl Pts',(26.9796385910284,6.81463844524628,-8.86799261785675));
#2196=CARTESIAN_POINT('Ctrl Pts',(26.8072696858779,6.79023236792767,-8.80225974894147));
#2197=CARTESIAN_POINT('Ctrl Pts',(26.7216631027832,6.77752577130873,-8.76442466660887));
#2198=CARTESIAN_POINT('Ctrl Pts',(26.5563679409527,6.75194370200117,-8.68096170011781));
#2199=CARTESIAN_POINT('Ctrl Pts',(26.4759916084291,6.73897577351083,-8.63511709589643));
#2200=CARTESIAN_POINT('Ctrl Pts',(26.3200384752371,6.71288928741948,-8.5354805590784));
#2201=CARTESIAN_POINT('Ctrl Pts',(26.2443954414595,6.69976123795326,-8.48166568633342));
#2202=CARTESIAN_POINT('Ctrl Pts',(26.0978141042362,6.67350400642405,-8.36598669161932));
#2203=CARTESIAN_POINT('Ctrl Pts',(26.0267927935002,6.66035874308098,-8.30404419372192));
#2204=CARTESIAN_POINT('Ctrl Pts',(25.8899015529039,6.63430547103538,-8.17206763486967));
#2205=CARTESIAN_POINT('Ctrl Pts',(25.8251053232222,6.62160486917528,-8.10309352164214));
#2206=CARTESIAN_POINT('Ctrl Pts',(25.7022577395828,6.59695984935341,-7.9590371385509));
#2207=CARTESIAN_POINT('Ctrl Pts',(25.6442602849146,6.58502527787555,-7.88400573886513));
#2208=CARTESIAN_POINT('Ctrl Pts',(25.5350910683829,6.56211387037812,-7.72792763055755));
#2209=CARTESIAN_POINT('Ctrl Pts',(25.4839126671264,6.55113489136504,-7.64685007480039));
#2210=CARTESIAN_POINT('Ctrl Pts',(25.3885837823938,6.53034657776867,-7.478616786571));
#2211=CARTESIAN_POINT('Ctrl Pts',(25.3442833543445,6.52050130203857,-7.39096224172542));
#2212=CARTESIAN_POINT('Ctrl Pts',(25.2649258559262,6.50263329340808,-7.21357600231628));
#2213=CARTESIAN_POINT('Ctrl Pts',(25.2294030755935,6.4945098333917,-7.12308404162478));
#2214=CARTESIAN_POINT('Ctrl Pts',(25.1668157572042,6.48005885841249,-6.93899654459596));
#2215=CARTESIAN_POINT('Ctrl Pts',(25.1397027720963,6.47372052074902,-6.8453103295732));
#2216=CARTESIAN_POINT('Ctrl Pts',(25.0939671649234,6.46295926984688,-6.65468723870971));
#2217=CARTESIAN_POINT('Ctrl Pts',(25.0753096493665,6.45852801644773,-6.55751441857846));
#2218=CARTESIAN_POINT('Ctrl Pts',(25.0469695970569,6.45177404686354,-6.36054327499689));
#2219=CARTESIAN_POINT('Ctrl Pts',(25.0374802948045,6.44949811138869,-6.26230564606997));
#2220=CARTESIAN_POINT('Ctrl Pts',(25.0274751851152,6.4470981801529,-6.06563833799724));
#2221=CARTESIAN_POINT('Ctrl Pts',(25.0269761938449,6.44697809235611,-5.96732312552298));
#2222=CARTESIAN_POINT('Ctrl Pts',(25.0349605227528,6.44889395533604,-5.77072948379006));
#2223=CARTESIAN_POINT('Ctrl Pts',(25.0434453422604,6.45093033266284,-5.67247666562397));
#2224=CARTESIAN_POINT('Ctrl Pts',(25.0630820132954,6.45561500997064,-5.52504889273351));
#2225=CARTESIAN_POINT('Ctrl Pts',(25.0708115467075,6.45745557081451,-5.47580103001383));
#2226=CARTESIAN_POINT('Ctrl Pts',(25.0884400840545,6.4616390197922,-5.37831217019155));
#2227=CARTESIAN_POINT('Ctrl Pts',(25.0983474881845,6.46398392054613,-5.32995183658595));
#2228=CARTESIAN_POINT('Ctrl Pts',(25.1312516818591,6.47173944724252,-5.18631384845821));
#2229=CARTESIAN_POINT('Ctrl Pts',(25.1574667666729,6.47788056302391,-5.09211250921276));
#2230=CARTESIAN_POINT('Ctrl Pts',(25.2182652824324,6.49195218695438,-4.90709232812199));
#2231=CARTESIAN_POINT('Ctrl Pts',(25.2528866664336,6.49989139212474,-4.8161646950443));
#2232=CARTESIAN_POINT('Ctrl Pts',(25.3110911187185,6.51303683697041,-4.68240709179901));
#2233=CARTESIAN_POINT('Ctrl Pts',(25.3315741280405,6.51763235122946,-4.63820573971241));
#2234=CARTESIAN_POINT('Ctrl Pts',(25.3747180000524,6.52723348807483,-4.55059682941531));
#2235=CARTESIAN_POINT('Ctrl Pts',(25.3973120229269,6.53222387449877,-4.50734242712767));
#2236=CARTESIAN_POINT('Ctrl Pts',(25.4676230127226,6.54761515053798,-4.38019387153594));
#2237=CARTESIAN_POINT('Ctrl Pts',(25.5180427418063,6.55847644349653,-4.29845883256536));
#2238=CARTESIAN_POINT('Ctrl Pts',(25.625779636594,6.58118936313054,-4.14096941248501));
#2239=CARTESIAN_POINT('Ctrl Pts',(25.6830996925755,6.59304219954183,-4.06519776514938));
#2240=CARTESIAN_POINT('Ctrl Pts',(25.8046702793701,6.61755874558131,-3.9195932797401));
#2241=CARTESIAN_POINT('Ctrl Pts',(25.8689329211474,6.63022520987015,-3.84974704763415));
#2242=CARTESIAN_POINT('Ctrl Pts',(26.0045758624817,6.65619538357,-3.7162135045477));
#2243=CARTESIAN_POINT('Ctrl Pts',(26.0748544951071,6.6692868181588,-3.65360568827799));
#2244=CARTESIAN_POINT('Ctrl Pts',(26.2202403018911,6.69550958061265,-3.53633346501982));
#2245=CARTESIAN_POINT('Ctrl Pts',(26.295336784,6.7086391324164,-3.48168145780787));
#2246=CARTESIAN_POINT('Ctrl Pts',(26.4503278592003,6.73476815844929,-3.38028359859147));
#2247=CARTESIAN_POINT('Ctrl Pts',(26.5302515414969,6.74777157462603,-3.33353213065513));
#2248=CARTESIAN_POINT('Ctrl Pts',(26.6949112921778,6.77348033849938,-3.24813100634754));
#2249=CARTESIAN_POINT('Ctrl Pts',(26.7800743406524,6.786240513941,-3.20937116898047));
#2250=CARTESIAN_POINT('Ctrl Pts',(26.9520543010054,6.81083449444595,-3.14161834815351));
#2251=CARTESIAN_POINT('Ctrl Pts',(27.0394790057801,6.82276639224475,-3.11228070876207));
#2252=CARTESIAN_POINT('Ctrl Pts',(27.2168078589442,6.84573894867771,-3.06287115409622));
#2253=CARTESIAN_POINT('Ctrl Pts',(27.3069050641986,6.85680484411459,-3.04274265036164));
#2254=CARTESIAN_POINT('Ctrl Pts',(27.4893224764108,6.87791822268122,-3.01201239653199));
#2255=CARTESIAN_POINT('Ctrl Pts',(27.5804210947601,6.88782680240872,-3.00159445303499));
#2256=CARTESIAN_POINT('Ctrl Pts',(27.7628510287666,6.90640228650912,-2.99029824842654));
#2257=CARTESIAN_POINT('Ctrl Pts',(27.85410699773,6.91506049265031,-2.98943324923284));
#2258=CARTESIAN_POINT('Ctrl Pts',(28.0367007937432,6.93111936781524,-2.99727037320228));
#2259=CARTESIAN_POINT('Ctrl Pts',(28.1280387575166,6.93851918715115,-3.00597847549386));
#2260=CARTESIAN_POINT('Ctrl Pts',(28.2651058712332,6.94867886616498,-3.02640535967116));
#2261=CARTESIAN_POINT('Ctrl Pts',(28.3109230150776,6.95191523356425,-3.03447953083517));
#2262=CARTESIAN_POINT('Ctrl Pts',(28.401854789261,6.95802674806135,-3.05299885354992));
#2263=CARTESIAN_POINT('Ctrl Pts',(28.446921857955,6.9609013542442,-3.06341410958835));
#2264=CARTESIAN_POINT('Ctrl Pts',(28.6704463115263,6.97439732580321,-3.12136507637007));
#2265=CARTESIAN_POINT('Ctrl Pts',(28.8434194673343,6.9824389299528,-3.18596357087472));
#2266=CARTESIAN_POINT('Ctrl Pts',(29.0521958400921,6.98962173642192,-3.2894575705169));
#2267=CARTESIAN_POINT('Ctrl Pts',(29.0936024320129,6.99091294866032,-3.31134702972511));
#2268=CARTESIAN_POINT('Ctrl Pts',(29.1755920899309,6.99322224720676,-3.35740683438719));
#2269=CARTESIAN_POINT('Ctrl Pts',(29.2163005038584,6.99424163081207,-3.38167372513712));
#2270=CARTESIAN_POINT('Ctrl Pts',(29.3360575993282,6.99688444081329,-3.45730924227029));
#2271=CARTESIAN_POINT('Ctrl Pts',(29.4129394765912,6.99810513041854,-3.51154869256897));
#2272=CARTESIAN_POINT('Ctrl Pts',(29.5611616938097,6.99966583767402,-3.62761779503708));
#2273=CARTESIAN_POINT('Ctrl Pts',(29.6324658266038,7.00000511864778,-3.68941971622666));
#2274=CARTESIAN_POINT('Ctrl Pts',(29.7694506685909,6.99998231204725,-3.82056934485377));
#2275=CARTESIAN_POINT('Ctrl Pts',(29.8350628374327,6.99962045743677,-3.88983882684602));
#2276=CARTESIAN_POINT('Ctrl Pts',(29.9293394301613,6.99867631367137,-3.99980982672895));
#2277=CARTESIAN_POINT('Ctrl Pts',(29.9599600951965,6.99829528416962,-4.03736543295264));
#2278=CARTESIAN_POINT('Ctrl Pts',(30.0190833555816,6.99743215283904,-4.1136020497794));
#2279=CARTESIAN_POINT('Ctrl Pts',(30.0477024388684,6.99694895862082,-4.1524175092297));
#2280=CARTESIAN_POINT('Ctrl Pts',(30.1305932950152,6.99538311535479,-4.27070650940119));
#2281=CARTESIAN_POINT('Ctrl Pts',(30.1820437812805,6.99418325291033,-4.35218055088307));
#2282=CARTESIAN_POINT('Ctrl Pts',(30.27732204676,6.99164771952909,-4.52020777613742));
#2283=CARTESIAN_POINT('Ctrl Pts',(30.3211897112061,6.99031042950924,-4.60686210407497));
#2284=CARTESIAN_POINT('Ctrl Pts',(30.4010852594754,6.98765878831875,-4.78504133505887));
#2285=CARTESIAN_POINT('Ctrl Pts',(30.4373710222187,6.98633379617112,-4.87741967776156));
#2286=CARTESIAN_POINT('Ctrl Pts',(30.5005397022781,6.98389529890427,-5.06359559224099));
#2287=CARTESIAN_POINT('Ctrl Pts',(30.5276892285378,6.98277421162845,-5.15782700727145));
#2288=CARTESIAN_POINT('Ctrl Pts',(30.5732038735745,6.98083168615008,-5.348379402172));
#2289=CARTESIAN_POINT('Ctrl Pts',(30.5915875917718,6.98000951617211,-5.44472567025299));
#2290=CARTESIAN_POINT('Ctrl Pts',(30.6195495108662,6.978738813011,-5.63957190946169));
#2291=CARTESIAN_POINT('Ctrl Pts',(30.6291301381736,6.97829015185673,-5.73809432750682));
#2292=CARTESIAN_POINT('Ctrl Pts',(30.6391604126942,6.97781992852081,-5.9372834669813));
#2293=CARTESIAN_POINT('Ctrl Pts',(30.6395293101231,6.97780234087817,-6.03626975915013));
#2294=CARTESIAN_POINT('Ctrl Pts',(30.6313026239197,6.97818852475378,-6.23318449772852));
#2295=CARTESIAN_POINT('Ctrl Pts',(30.6227047765068,6.97859234809653,-6.33109290595662));
#2296=CARTESIAN_POINT('Ctrl Pts',(30.5965925023191,6.97978431410466,-6.52581840590154));
#2297=CARTESIAN_POINT('Ctrl Pts',(30.5790666938404,6.98057298089749,-6.62264536087366));
#2298=CARTESIAN_POINT('Ctrl Pts',(30.5349368835273,6.98247120734871,-6.81514352756384));
#2299=CARTESIAN_POINT('Ctrl Pts',(30.508143072684,6.98358741424433,-6.91115086473708));
#2300=CARTESIAN_POINT('Ctrl Pts',(30.4466284854464,6.98598736946978,-7.09746113555199));
#2301=CARTESIAN_POINT('Ctrl Pts',(30.4117257183824,6.98727924867265,-7.18866744493281));
#2302=CARTESIAN_POINT('Ctrl Pts',(30.3338891657564,6.98990840248274,-7.36670858869111));
#2303=CARTESIAN_POINT('Ctrl Pts',(30.2909219519793,6.99124716381971,-7.45365653730422));
#2304=CARTESIAN_POINT('Ctrl Pts',(30.2203950980422,6.99317436572897,-7.58084109212876));
#2305=CARTESIAN_POINT('Ctrl Pts',(30.1958371482147,6.99380383405926,-7.62274585388491));
#2306=CARTESIAN_POINT('Ctrl Pts',(30.1447098900903,6.99501255382778,-7.70538253364424));
#2307=CARTESIAN_POINT('Ctrl Pts',(30.1180307373736,6.99559388611393,-7.7462718724061));
#2308=CARTESIAN_POINT('Ctrl Pts',(30.0353793139039,6.99721767913299,-7.86645477298567));
#2309=CARTESIAN_POINT('Ctrl Pts',(29.9771205102622,6.99813546663262,-7.94289108004838));
#2310=CARTESIAN_POINT('Ctrl Pts',(29.8541382283115,6.99947604847986,-8.0890812680387));
#2311=CARTESIAN_POINT('Ctrl Pts',(29.7894716921962,6.99989816423982,-8.15875508875487));
#2312=CARTESIAN_POINT('Ctrl Pts',(29.7136746839606,6.99998912889419,-8.23278572244877));
#2313=CARTESIAN_POINT('Ctrl Pts',(29.7056724520715,6.99999399433879,-8.24051179372748));
#2314=CARTESIAN_POINT('Ctrl Pts',(29.6976266663698,6.99999400810458,-8.24819043825407));
#2315=CARTESIAN_POINT('Ctrl Pts',(28.7610752153521,8.45524074931023,-7.19542284238213));
#2316=CARTESIAN_POINT('Ctrl Pts',(28.726546548435,8.4552408604128,-7.22614080018424));
#2317=CARTESIAN_POINT('Ctrl Pts',(28.6906116499201,8.4549463705172,-7.25543134223879));
#2318=CARTESIAN_POINT('Ctrl Pts',(28.6320136099431,8.45390513964233,-7.29907056097271));
#2319=CARTESIAN_POINT('Ctrl Pts',(28.6103151910633,8.45340716435719,-7.31440507440051));
#2320=CARTESIAN_POINT('Ctrl Pts',(28.5664404981118,8.45215771315834,-7.34380785027025));
#2321=CARTESIAN_POINT('Ctrl Pts',(28.5442065356495,8.45140663576983,-7.35792954166831));
#2322=CARTESIAN_POINT('Ctrl Pts',(28.4316914849222,8.44696110760855,-7.42550499932642));
#2323=CARTESIAN_POINT('Ctrl Pts',(28.3372485105445,8.44123116739969,-7.47030797067324));
#2324=CARTESIAN_POINT('Ctrl Pts',(28.2137317372998,8.43058558450238,-7.51469862498446));
#2325=CARTESIAN_POINT('Ctrl Pts',(28.1887494934876,8.42827800950019,-7.5229788070133));
#2326=CARTESIAN_POINT('Ctrl Pts',(28.1382112441749,8.42329279583695,-7.53836147088031));
#2327=CARTESIAN_POINT('Ctrl Pts',(28.1126577550749,8.42061254263881,-7.54545163599789));
#2328=CARTESIAN_POINT('Ctrl Pts',(28.0359938989351,8.41207878000355,-7.56468740104157));
#2329=CARTESIAN_POINT('Ctrl Pts',(27.984628980237,8.40571357063426,-7.57490570592254));
#2330=CARTESIAN_POINT('Ctrl Pts',(27.8813858408613,8.39158297832518,-7.59026206013546));
#2331=CARTESIAN_POINT('Ctrl Pts',(27.8295109061564,8.38381890595914,-7.59540242340844));
#2332=CARTESIAN_POINT('Ctrl Pts',(27.7252559989526,8.36684966191374,-7.60060646338664));
#2333=CARTESIAN_POINT('Ctrl Pts',(27.6729271838507,8.35765422356909,-7.6006729055464));
#2334=CARTESIAN_POINT('Ctrl Pts',(27.6202363386545,8.34769499060541,-7.59812192101592));
#2335=CARTESIAN_POINT('Ctrl Pts',(27.5675454934583,8.33773575764173,-7.59557093648545));
#2336=CARTESIAN_POINT('Ctrl Pts',(27.5153132111834,8.32716440720763,-7.59042893622475));
#2337=CARTESIAN_POINT('Ctrl Pts',(27.4122074759266,8.30496990806045,-7.57519460960154));
#2338=CARTESIAN_POINT('Ctrl Pts',(27.361242591586,8.29332933190227,-7.56509727665207));
#2339=CARTESIAN_POINT('Ctrl Pts',(27.2604996686183,8.26904829549773,-7.54000195911919));
#2340=CARTESIAN_POINT('Ctrl Pts',(27.2106901555656,8.25639827846462,-7.52498819887061));
#2341=CARTESIAN_POINT('Ctrl Pts',(27.1123680997718,8.23021635740182,-7.49003627859573));
#2342=CARTESIAN_POINT('Ctrl Pts',(27.0635366980551,8.21658519882743,-7.46991835578308));
#2343=CARTESIAN_POINT('Ctrl Pts',(26.9692496216844,8.18914171782527,-7.42553886955613));
#2344=CARTESIAN_POINT('Ctrl Pts',(26.9234016408571,8.17523021226159,-7.40116207025164));
#2345=CARTESIAN_POINT('Ctrl Pts',(26.8344434110882,8.14724561190889,-7.34818266511892));
#2346=CARTESIAN_POINT('Ctrl Pts',(26.7912953816637,8.13316233459556,-7.31956786138705));
#2347=CARTESIAN_POINT('Ctrl Pts',(26.7076829783093,8.10499456496359,-7.25805825334414));
#2348=CARTESIAN_POINT('Ctrl Pts',(26.6671712556524,8.09089282125143,-7.22512177445734));
#2349=CARTESIAN_POINT('Ctrl Pts',(26.5890862426402,8.0629438516762,-7.1549463167096));
#2350=CARTESIAN_POINT('Ctrl Pts',(26.5521254085066,8.04931912406551,-7.11827094033394));
#2351=CARTESIAN_POINT('Ctrl Pts',(26.4820511281854,8.02288087446747,-7.04167231772323));
#2352=CARTESIAN_POINT('Ctrl Pts',(26.4489684270368,8.0100779154169,-7.00177612051769));
#2353=CARTESIAN_POINT('Ctrl Pts',(26.3866965120737,7.98549941986497,-6.9187852258437));
#2354=CARTESIAN_POINT('Ctrl Pts',(26.35750351105,7.97372158444475,-6.87567412614592));
#2355=CARTESIAN_POINT('Ctrl Pts',(26.3031263487503,7.95142066410715,-6.78621999795381));
#2356=CARTESIAN_POINT('Ctrl Pts',(26.2778566566772,7.94085902290154,-6.73961173770232));
#2357=CARTESIAN_POINT('Ctrl Pts',(26.2325898355571,7.92169089580174,-6.64529074111222));
#2358=CARTESIAN_POINT('Ctrl Pts',(26.2123270579664,7.91297635367937,-6.5971737511345));
#2359=CARTESIAN_POINT('Ctrl Pts',(26.1766262231301,7.8974738916723,-6.49928951712638));
#2360=CARTESIAN_POINT('Ctrl Pts',(26.1611605309086,7.89067436160951,-6.44947405685926));
#2361=CARTESIAN_POINT('Ctrl Pts',(26.135072189056,7.87913009670735,-6.34811467322871));
#2362=CARTESIAN_POINT('Ctrl Pts',(26.1244296356051,7.87437641485831,-6.29644529199519));
#2363=CARTESIAN_POINT('Ctrl Pts',(26.1082640040876,7.86713101051534,-6.19171047935347));
#2364=CARTESIAN_POINT('Ctrl Pts',(26.1028511501564,7.86468947260688,-6.13947491087428));
#2365=CARTESIAN_POINT('Ctrl Pts',(26.0971440711868,7.86211491671313,-6.0349016556768));
#2366=CARTESIAN_POINT('Ctrl Pts',(26.0968594383668,7.861986091045,-5.98262483395672));
#2367=CARTESIAN_POINT('Ctrl Pts',(26.1014138307735,7.86404135673471,-5.87809074911781));
#2368=CARTESIAN_POINT('Ctrl Pts',(26.1062537112407,7.86622590567874,-5.82584710412189));
#2369=CARTESIAN_POINT('Ctrl Pts',(26.1174547910677,7.87125145115876,-5.7474558235861));
#2370=CARTESIAN_POINT('Ctrl Pts',(26.1218638439356,7.87322593555081,-5.72126942094965));
#2371=CARTESIAN_POINT('Ctrl Pts',(26.1319194513087,7.87771378214464,-5.66943199297397));
#2372=CARTESIAN_POINT('Ctrl Pts',(26.1375707974173,7.88022930340685,-5.64371751325983));
#2373=CARTESIAN_POINT('Ctrl Pts',(26.1563398901777,7.88854914052492,-5.56734136236791));
#2374=CARTESIAN_POINT('Ctrl Pts',(26.1712934053098,7.89513709837295,-5.51725199683758));
#2375=CARTESIAN_POINT('Ctrl Pts',(26.2059738777327,7.91023260685413,-5.41887182982759));
#2376=CARTESIAN_POINT('Ctrl Pts',(26.225722484047,7.91874948731436,-5.37052318121287));
#2377=CARTESIAN_POINT('Ctrl Pts',(26.258923260057,7.93285142574355,-5.29940069459655));
#2378=CARTESIAN_POINT('Ctrl Pts',(26.2706071051416,7.93778132045748,-5.27589765632277));
#2379=CARTESIAN_POINT('Ctrl Pts',(26.2952170786711,7.94808105866749,-5.22931366113107));
#2380=CARTESIAN_POINT('Ctrl Pts',(26.3081050805778,7.95343455737816,-5.20631414132245));
#2381=CARTESIAN_POINT('Ctrl Pts',(26.3482116245052,7.96994573897107,-5.13870586171512));
#2382=CARTESIAN_POINT('Ctrl Pts',(26.3769718664587,7.98159732522328,-5.0952451606441));
#2383=CARTESIAN_POINT('Ctrl Pts',(26.4384267615634,8.00596289046667,-5.01150383384372));
#2384=CARTESIAN_POINT('Ctrl Pts',(26.4711230633701,8.0186781672144,-4.97121402721152));
#2385=CARTESIAN_POINT('Ctrl Pts',(26.5404689237077,8.04497859497463,-4.89379223729163));
#2386=CARTESIAN_POINT('Ctrl Pts',(26.5771253905329,8.05856670108385,-4.85665313203835));
#2387=CARTESIAN_POINT('Ctrl Pts',(26.6544983531339,8.08642652588161,-4.7856497842299));
#2388=CARTESIAN_POINT('Ctrl Pts',(26.6945864399935,8.10047052413253,-4.75235953781211));
#2389=CARTESIAN_POINT('Ctrl Pts',(26.7775168931398,8.12860131663765,-4.69000276764226));
#2390=CARTESIAN_POINT('Ctrl Pts',(26.8203531605118,8.14268620560226,-4.66094283717753));
#2391=CARTESIAN_POINT('Ctrl Pts',(26.908762616594,8.170716441203,-4.60702688992988));
#2392=CARTESIAN_POINT('Ctrl Pts',(26.9543523982833,8.1846660166178,-4.58216788699601));
#2393=CARTESIAN_POINT('Ctrl Pts',(27.0482770257145,8.21224541078732,-4.53675783053426));
#2394=CARTESIAN_POINT('Ctrl Pts',(27.0968554279791,8.22593404670128,-4.51614819080222));
#2395=CARTESIAN_POINT('Ctrl Pts',(27.1949556232815,8.25231754323265,-4.48012220819547));
#2396=CARTESIAN_POINT('Ctrl Pts',(27.244824111453,8.26511763406572,-4.46452260253586));
#2397=CARTESIAN_POINT('Ctrl Pts',(27.3459754031373,8.28976172789312,-4.4382502239718));
#2398=CARTESIAN_POINT('Ctrl Pts',(27.3973683294823,8.3016328039857,-4.42754736146539));
#2399=CARTESIAN_POINT('Ctrl Pts',(27.5014222188604,8.32428244177935,-4.41120726555825));
#2400=CARTESIAN_POINT('Ctrl Pts',(27.5533863676914,8.33491199314184,-4.40566776702813));
#2401=CARTESIAN_POINT('Ctrl Pts',(27.6574473997052,8.35483907328119,-4.39966127363211));
#2402=CARTESIAN_POINT('Ctrl Pts',(27.7095013039127,8.36412727092575,-4.39920133048079));
#2403=CARTESIAN_POINT('Ctrl Pts',(27.8136558055079,8.38135462772737,-4.40336853840577));
#2404=CARTESIAN_POINT('Ctrl Pts',(27.8657564809023,8.38929287537417,-4.40799886874486));
#2405=CARTESIAN_POINT('Ctrl Pts',(27.943941814829,8.4001917965977,-4.41886038809277));
#2406=CARTESIAN_POINT('Ctrl Pts',(27.9700766665403,8.4036636497233,-4.42315364033648));
#2407=CARTESIAN_POINT('Ctrl Pts',(28.0219456447119,8.41021985243135,-4.43300085835758));
#2408=CARTESIAN_POINT('Ctrl Pts',(28.0476526412249,8.41330362174024,-4.4385389278924));
#2409=CARTESIAN_POINT('Ctrl Pts',(28.1751546624925,8.42778159202826,-4.46935300318864));
#2410=CARTESIAN_POINT('Ctrl Pts',(28.2738213928708,8.43640832226595,-4.50370174635939));
#2411=CARTESIAN_POINT('Ctrl Pts',(28.3929108664022,8.44411376667226,-4.55873226736897));
#2412=CARTESIAN_POINT('Ctrl Pts',(28.4165298668359,8.44549893055988,-4.57037147689285));
#2413=CARTESIAN_POINT('Ctrl Pts',(28.4632981149539,8.44797625911583,-4.59486270400204));
#2414=CARTESIAN_POINT('Ctrl Pts',(28.4865188631732,8.44906981547686,-4.60776605730461));
#2415=CARTESIAN_POINT('Ctrl Pts',(28.5548302782609,8.4519049225678,-4.6479834798763));
#2416=CARTESIAN_POINT('Ctrl Pts',(28.5986849643638,8.45321443242817,-4.67682404282072));
#2417=CARTESIAN_POINT('Ctrl Pts',(28.6832333526307,8.45488870042503,-4.73854108156579));
#2418=CARTESIAN_POINT('Ctrl Pts',(28.7239064016361,8.45525266828276,-4.77140281206547));
#2419=CARTESIAN_POINT('Ctrl Pts',(28.8020448064206,8.45522820222018,-4.84113856894921));
#2420=CARTESIAN_POINT('Ctrl Pts',(28.8394710656577,8.45484001821468,-4.87797100077726));
#2421=CARTESIAN_POINT('Ctrl Pts',(28.8932479832896,8.4538271763218,-4.93644551566848));
#2422=CARTESIAN_POINT('Ctrl Pts',(28.9107145137799,8.45341842221471,-4.95641483355853));
#2423=CARTESIAN_POINT('Ctrl Pts',(28.9444393930087,8.45249248741251,-4.99695187687594));
#2424=CARTESIAN_POINT('Ctrl Pts',(28.9607641883799,8.4519741348432,-5.01759109234194));
#2425=CARTESIAN_POINT('Ctrl Pts',(29.0080464947771,8.4502943571275,-5.08048850992842));
#2426=CARTESIAN_POINT('Ctrl Pts',(29.0373946975688,8.44900718986133,-5.12381043167841));
#2427=CARTESIAN_POINT('Ctrl Pts',(29.0917429857985,8.44628716509023,-5.21315499066179));
#2428=CARTESIAN_POINT('Ctrl Pts',(29.1167658224162,8.44485257069464,-5.25923140892304));
#2429=CARTESIAN_POINT('Ctrl Pts',(29.1623395559988,8.44200798983518,-5.35397406026358));
#2430=CARTESIAN_POINT('Ctrl Pts',(29.1830375512948,8.44058658813444,-5.40309408988746));
#2431=CARTESIAN_POINT('Ctrl Pts',(29.2190700043922,8.43797066005344,-5.50208879120937));
#2432=CARTESIAN_POINT('Ctrl Pts',(29.2345565402808,8.43676799982346,-5.55219414884968));
#2433=CARTESIAN_POINT('Ctrl Pts',(29.260518841701,8.43468413160905,-5.65351594155435));
#2434=CARTESIAN_POINT('Ctrl Pts',(29.2710052166384,8.43380213860418,-5.70474582300542));
#2435=CARTESIAN_POINT('Ctrl Pts',(29.2869551547569,8.43243897608359,-5.80835076729776));
#2436=CARTESIAN_POINT('Ctrl Pts',(29.2924201019999,8.43195766928545,-5.86073776574833));
#2437=CARTESIAN_POINT('Ctrl Pts',(29.2981415354028,8.43145323139039,-5.96665194599034));
#2438=CARTESIAN_POINT('Ctrl Pts',(29.2983519605579,8.43143436402939,-6.0192855986894));
#2439=CARTESIAN_POINT('Ctrl Pts',(29.2936593235675,8.43184864755476,-6.12399041928884));
#2440=CARTESIAN_POINT('Ctrl Pts',(29.2887549701251,8.43228185403645,-6.17605093233683));
#2441=CARTESIAN_POINT('Ctrl Pts',(29.2738600998545,8.43356055030308,-6.27959167634109));
#2442=CARTESIAN_POINT('Ctrl Pts',(29.2638630907217,8.4344066023517,-6.33107715182156));
#2443=CARTESIAN_POINT('Ctrl Pts',(29.2386907217752,8.43644294823792,-6.43343356333659));
#2444=CARTESIAN_POINT('Ctrl Pts',(29.223407091811,8.43764037297925,-6.4844832261435));
#2445=CARTESIAN_POINT('Ctrl Pts',(29.1883181604353,8.44021495460928,-6.58354936832527));
#2446=CARTESIAN_POINT('Ctrl Pts',(29.1684090485938,8.44160083398965,-6.63204619657063));
#2447=CARTESIAN_POINT('Ctrl Pts',(29.1240097999753,8.44442129123286,-6.7267154232155));
#2448=CARTESIAN_POINT('Ctrl Pts',(29.0995005952071,8.44585746400259,-6.7729479674413));
#2449=CARTESIAN_POINT('Ctrl Pts',(29.0592709188335,8.44792489366881,-6.84057538878941));
#2450=CARTESIAN_POINT('Ctrl Pts',(29.0452626607196,8.44860016359961,-6.86285726871992));
#2451=CARTESIAN_POINT('Ctrl Pts',(29.0160988325693,8.4498968326697,-6.90679739626582));
#2452=CARTESIAN_POINT('Ctrl Pts',(29.0008806054719,8.45052046406427,-6.92853934869708));
#2453=CARTESIAN_POINT('Ctrl Pts',(28.9537348754084,8.4522624080937,-6.99244380366338));
#2454=CARTESIAN_POINT('Ctrl Pts',(28.9205030965113,8.45324697597672,-7.03308702760663));
#2455=CARTESIAN_POINT('Ctrl Pts',(28.8503519820589,8.45468510172143,-7.11082025121777));
#2456=CARTESIAN_POINT('Ctrl Pts',(28.8134651272679,8.45513793161979,-7.1478676807335));
#2457=CARTESIAN_POINT('Ctrl Pts',(28.7702292682846,8.45523551507698,-7.18723174395881));
#2458=CARTESIAN_POINT('Ctrl Pts',(28.7656646637235,8.45524073454281,-7.19133990220525));
#2459=CARTESIAN_POINT('Ctrl Pts',(28.7610752153521,8.45524074931023,-7.19542284238213));
#2460=CARTESIAN_POINT('',(28.7610751501068,8.45523466955173,-7.19543077962337));
#2461=CARTESIAN_POINT('',(29.6976157960706,7.00000000615505,-3.75180762736604));
#2462=CARTESIAN_POINT('Origin',(27.6976158056174,6.99999999999999,-5.99999999999998));
#2463=CARTESIAN_POINT('Origin',(0.,0.,5.));
#2464=CARTESIAN_POINT('',(18.0830459735946,0.,5.));
#2465=CARTESIAN_POINT('',(79.,0.,5.));
#2466=CARTESIAN_POINT('',(68.2526531743633,4.46446609406728,5.));
#2467=CARTESIAN_POINT('Origin',(76.7966569196809,8.00000000000003,5.));
#2468=CARTESIAN_POINT('',(54.875431039608,10.,5.));
#2469=CARTESIAN_POINT('',(27.7473468256367,4.46446609406727,5.));
#2470=CARTESIAN_POINT('',(27.7473468256367,4.46446609406728,5.));
#2471=CARTESIAN_POINT('Origin',(19.2033430803191,8.00000000000001,5.));
#2472=CARTESIAN_POINT('Origin',(12.,2.49999999999995,0.));
#2473=CARTESIAN_POINT('',(27.7473468256367,4.46446609406727,5.));
#2474=CARTESIAN_POINT('Origin',(6.00000000000001,-12.0830459735946,0.));
#2475=CARTESIAN_POINT('',(16.0140312520886,0.,4.55183238731302));
#2476=CARTESIAN_POINT('',(6.83261422916479,3.,0.378461013256721));
#2477=CARTESIAN_POINT('Origin',(84.,2.49999999999995,0.));
#2478=CARTESIAN_POINT('',(81.6986961378943,4.46446609406728,-1.11183771069589));
#2479=CARTESIAN_POINT('Origin',(90.,-12.0830459735946,0.));
#2480=CARTESIAN_POINT('',(89.1673857708352,3.00000000000003,0.378461013256727));
#2481=CARTESIAN_POINT('Origin',(0.,0.,-17.));
#2482=CARTESIAN_POINT('',(18.0830459735946,0.,-17.));
#2483=CARTESIAN_POINT('',(27.7473468256367,4.46446609406728,-17.));
#2484=CARTESIAN_POINT('Origin',(19.2033430803191,8.00000000000001,-17.));
#2485=CARTESIAN_POINT('',(41.124568960392,10.,-17.));
#2486=CARTESIAN_POINT('',(68.2526531743633,4.46446609406729,-17.));
#2487=CARTESIAN_POINT('',(68.2526531743633,4.46446609406729,-17.));
#2488=CARTESIAN_POINT('Origin',(76.7966569196808,8.00000000000003,-17.));
#2489=CARTESIAN_POINT('',(78.9999999999999,0.,-17.));
#2490=CARTESIAN_POINT('Origin',(73.,2.49999999999995,-17.));
#2491=CARTESIAN_POINT('',(68.2526531743633,4.46446609406728,-17.));
#2492=CARTESIAN_POINT('Origin',(23.,2.49999999999995,-17.));
#2493=CARTESIAN_POINT('',(14.3013038621057,4.46446609406727,-10.8881622893041));
#2494=CARTESIAN_POINT('Origin',(78.9999999999999,-12.0830459735946,-17.));
#2495=CARTESIAN_POINT('',(89.1673857708352,3.00000000000003,-12.3784610132567));
#2496=CARTESIAN_POINT('Origin',(17.,-12.0830459735946,-17.));
#2497=CARTESIAN_POINT('',(6.8326142291648,3.,-12.3784610132567));
#2498=CARTESIAN_POINT('',(16.0140312520887,0.,-16.551832387313));
#2499=CARTESIAN_POINT('Origin',(-1.61726513040503,8.,-52.6426918409482));
#2500=CARTESIAN_POINT('Origin',(85.4560034360037,8.00000000000003,-13.0639334016714));
#2501=CARTESIAN_POINT('Origin',(85.4560034360037,8.00000000000003,-82.6006751278392));
#2502=CARTESIAN_POINT('Origin',(85.4560034360037,8.00000000000003,1.06393340167144));
#2503=CARTESIAN_POINT('Origin',(56.0955722946793,8.00000000000002,14.4095839204553));
#2504=CARTESIAN_POINT('Origin',(-19.7668051713916,7.99999999999999,-12.7137037507776));
#2505=CARTESIAN_POINT('Origin',(10.5439965639962,8.00000000000001,1.06393340167141));
#2506=CARTESIAN_POINT('Origin',(10.5439965639962,8.00000000000001,-82.6006751278392));
#2507=CARTESIAN_POINT('Origin',(10.5439965639962,8.00000000000001,-13.0639334016714));
#2508=CARTESIAN_POINT('Origin',(37.9460322536927,8.00000000000002,-25.5194041697152));
#2509=CARTESIAN_POINT('Origin',(91.2364004923411,10.,4.93029340056975));
#2510=CARTESIAN_POINT('Origin',(91.2364004923411,10.,-16.9302934005697));
#2511=CARTESIAN_POINT('Origin',(4.76359950765888,10.,-16.9302934005697));
#2512=CARTESIAN_POINT('Origin',(18.0830459735946,6.53522590990883E-15,-12.));
#2513=CARTESIAN_POINT('Origin',(18.0830459735946,-12.0830459735946,0.));
#2514=CARTESIAN_POINT('Origin',(4.76359950765886,10.,4.93029340056975));
#2515=UNCERTAINTY_MEASURE_WITH_UNIT(LENGTH_MEASURE(0.01),#2519,
'DISTANCE_ACCURACY_VALUE',
'Maximum model space distance between geometric entities at asserted c
onnectivities');
#2516=UNCERTAINTY_MEASURE_WITH_UNIT(LENGTH_MEASURE(0.01),#2519,
'DISTANCE_ACCURACY_VALUE',
'Maximum model space distance between geometric entities at asserted c
onnectivities');
#2517=(
GEOMETRIC_REPRESENTATION_CONTEXT(3)
GLOBAL_UNCERTAINTY_ASSIGNED_CONTEXT((#2515))
GLOBAL_UNIT_ASSIGNED_CONTEXT((#2519,#2521,#2522))
REPRESENTATION_CONTEXT('','3D')
);
#2518=(
GEOMETRIC_REPRESENTATION_CONTEXT(3)
GLOBAL_UNCERTAINTY_ASSIGNED_CONTEXT((#2516))
GLOBAL_UNIT_ASSIGNED_CONTEXT((#2519,#2521,#2522))
REPRESENTATION_CONTEXT('','3D')
);
#2519=(
LENGTH_UNIT()
NAMED_UNIT(*)
SI_UNIT(.MILLI.,.METRE.)
);
#2520=(
LENGTH_UNIT()
NAMED_UNIT(*)
SI_UNIT($,.METRE.)
);
#2521=(
NAMED_UNIT(*)
PLANE_ANGLE_UNIT()
SI_UNIT($,.RADIAN.)
);
#2522=(
NAMED_UNIT(*)
SI_UNIT($,.STERADIAN.)
SOLID_ANGLE_UNIT()
);
#2523=SHAPE_DEFINITION_REPRESENTATION(#2524,#2525);
#2524=PRODUCT_DEFINITION_SHAPE('',$,#2527);
#2525=SHAPE_REPRESENTATION('',(#972),#2517);
#2526=PRODUCT_DEFINITION_CONTEXT('part definition',#2531,'design');
#2527=PRODUCT_DEFINITION('2026-05-07-11-27-44-897',
'auto esirattaste hoidik',#2528,#2526);
#2528=PRODUCT_DEFINITION_FORMATION('',$,#2533);
#2529=PRODUCT_RELATED_PRODUCT_CATEGORY('auto esirattaste hoidik',
'auto esirattaste hoidik',(#2533));
#2530=APPLICATION_PROTOCOL_DEFINITION('international standard',
'automotive_design',2009,#2531);
#2531=APPLICATION_CONTEXT(
'Core Data for Automotive Mechanical Design Process');
#2532=PRODUCT_CONTEXT('part definition',#2531,'mechanical');
#2533=PRODUCT('2026-05-07-11-27-44-897','auto esirattaste hoidik',$,(#2532));
#2534=PRESENTATION_STYLE_ASSIGNMENT((#2535));
#2535=SURFACE_STYLE_USAGE(.BOTH.,#2536);
#2536=SURFACE_SIDE_STYLE('',(#2537));
#2537=SURFACE_STYLE_FILL_AREA(#2538);
#2538=FILL_AREA_STYLE('Steel - Satin',(#2539));
#2539=FILL_AREA_STYLE_COLOUR('Steel - Satin',#2540);
#2540=COLOUR_RGB('Steel - Satin',0.627450980392157,0.627450980392157,0.627450980392157);
ENDSEC;
END-ISO-10303-21;
