ISO-10303-21;
HEADER;
/* Generated by software containing ST-Developer
 * from STEP Tools, Inc. (www.steptools.com) 
 */

FILE_DESCRIPTION(
/* description */ (''),
/* implementation_level */ '2;1');

FILE_NAME(
/* name */ 'esiratta kinnitus.step',
/* time_stamp */ '2026-05-07T11:25:18+03:00',
/* author */ (''),
/* organization */ (''),
/* preprocessor_version */ 'ST-DEVELOPER v20.1',
/* originating_system */ 'Autodesk Translation Framework v15.8.0.0',
/* authorisation */ '');

FILE_SCHEMA (('AUTOMOTIVE_DESIGN { 1 0 10303 214 3 1 1 }'));
ENDSEC;

DATA;
#10=MECHANICAL_DESIGN_GEOMETRIC_PRESENTATION_REPRESENTATION('',(#13),#2961);
#11=SHAPE_REPRESENTATION_RELATIONSHIP('SRR','None',#2968,#12);
#12=ADVANCED_BREP_SHAPE_REPRESENTATION('',(#14),#2960);
#13=STYLED_ITEM('',(#2977),#14);
#14=MANIFOLD_SOLID_BREP('Body1',#1713);
#15=CONICAL_SURFACE('',#1791,4.5,0.785398163397448);
#16=FACE_BOUND('',#280,.T.);
#17=FACE_BOUND('',#281,.T.);
#18=FACE_BOUND('',#282,.T.);
#19=FACE_BOUND('',#284,.T.);
#20=FACE_BOUND('',#285,.T.);
#21=FACE_BOUND('',#286,.T.);
#22=FACE_BOUND('',#291,.T.);
#23=FACE_BOUND('',#293,.T.);
#24=FACE_BOUND('',#295,.T.);
#25=FACE_BOUND('',#302,.T.);
#26=FACE_BOUND('',#303,.T.);
#27=FACE_BOUND('',#304,.T.);
#28=FACE_BOUND('',#305,.T.);
#29=FACE_BOUND('',#307,.T.);
#30=FACE_BOUND('',#308,.T.);
#31=FACE_BOUND('',#309,.T.);
#32=FACE_BOUND('',#310,.T.);
#33=FACE_BOUND('',#316,.T.);
#34=ELLIPSE('',#1740,6.981232219729,1.5);
#35=ELLIPSE('',#1806,6.981232219729,1.5);
#36=B_SPLINE_CURVE_WITH_KNOTS('',3,(#2484,#2485,#2486,#2487,#2488,#2489,
#2490,#2491,#2492,#2493),.UNSPECIFIED.,.F.,.F.,(4,2,2,2,4),(0.755559449161477,
0.815220617081837,0.874881785002196,0.962996609057689,1.05111143311318),
 .UNSPECIFIED.);
#37=B_SPLINE_CURVE_WITH_KNOTS('',3,(#2508,#2509,#2510,#2511,#2512,#2513,
#2514,#2515,#2516,#2517),.UNSPECIFIED.,.F.,.F.,(4,2,2,2,4),(0.755559449161477,
0.815220617081837,0.874881785002196,0.962996609057689,1.05111143311318),
 .UNSPECIFIED.);
#38=B_SPLINE_CURVE_WITH_KNOTS('',3,(#2703,#2704,#2705,#2706,#2707,#2708,
#2709,#2710,#2711,#2712),.UNSPECIFIED.,.F.,.F.,(4,2,2,2,4),(-0.295551983951704,
-0.235890816031345,-0.176229648110986,-0.088114824055493,0.),
 .UNSPECIFIED.);
#39=B_SPLINE_CURVE_WITH_KNOTS('',3,(#2722,#2723,#2724,#2725,#2726,#2727,
#2728,#2729,#2730,#2731),.UNSPECIFIED.,.F.,.F.,(4,2,2,2,4),(-0.295551983951704,
-0.235890816031345,-0.176229648110986,-0.088114824055493,0.),
 .UNSPECIFIED.);
#40=CYLINDRICAL_SURFACE('',#1735,1.5);
#41=CYLINDRICAL_SURFACE('',#1739,1.5);
#42=CYLINDRICAL_SURFACE('',#1745,2.1);
#43=CYLINDRICAL_SURFACE('',#1748,4.5);
#44=CYLINDRICAL_SURFACE('',#1789,2.1);
#45=CYLINDRICAL_SURFACE('',#1792,6.5);
#46=CYLINDRICAL_SURFACE('',#1801,4.5);
#47=CYLINDRICAL_SURFACE('',#1802,1.6);
#48=CYLINDRICAL_SURFACE('',#1804,1.5);
#49=CYLINDRICAL_SURFACE('',#1809,1.5);
#50=CYLINDRICAL_SURFACE('',#1849,2.);
#51=CYLINDRICAL_SURFACE('',#1853,1.6);
#52=CYLINDRICAL_SURFACE('',#1854,1.6);
#53=CYLINDRICAL_SURFACE('',#1863,1.);
#54=CYLINDRICAL_SURFACE('',#1864,1.);
#55=CYLINDRICAL_SURFACE('',#1865,1.);
#56=CYLINDRICAL_SURFACE('',#1866,1.);
#57=CYLINDRICAL_SURFACE('',#1867,1.);
#58=CYLINDRICAL_SURFACE('',#1868,1.);
#59=CYLINDRICAL_SURFACE('',#1869,1.);
#60=CYLINDRICAL_SURFACE('',#1870,1.);
#61=CYLINDRICAL_SURFACE('',#1871,1.);
#62=CYLINDRICAL_SURFACE('',#1872,1.);
#63=CYLINDRICAL_SURFACE('',#1873,1.);
#64=CYLINDRICAL_SURFACE('',#1874,1.);
#65=CYLINDRICAL_SURFACE('',#1875,1.);
#66=CYLINDRICAL_SURFACE('',#1876,1.);
#67=CYLINDRICAL_SURFACE('',#1877,1.);
#68=CYLINDRICAL_SURFACE('',#1886,8.);
#69=CYLINDRICAL_SURFACE('',#1887,8.);
#70=CYLINDRICAL_SURFACE('',#1888,3.);
#71=CYLINDRICAL_SURFACE('',#1889,3.);
#72=CYLINDRICAL_SURFACE('',#1890,3.);
#73=CYLINDRICAL_SURFACE('',#1891,3.);
#74=CYLINDRICAL_SURFACE('',#1892,3.);
#75=CYLINDRICAL_SURFACE('',#1893,3.);
#76=CYLINDRICAL_SURFACE('',#1898,1.);
#77=CYLINDRICAL_SURFACE('',#1899,1.);
#78=CYLINDRICAL_SURFACE('',#1900,1.);
#79=CYLINDRICAL_SURFACE('',#1901,1.);
#80=CYLINDRICAL_SURFACE('',#1902,1.6);
#81=CYLINDRICAL_SURFACE('',#1903,1.6);
#82=CIRCLE('',#1730,1.5);
#83=CIRCLE('',#1731,1.5);
#84=CIRCLE('',#1737,2.);
#85=CIRCLE('',#1738,2.);
#86=CIRCLE('',#1741,1.5);
#87=CIRCLE('',#1743,7.50000000000002);
#88=CIRCLE('',#1746,2.1);
#89=CIRCLE('',#1747,2.1);
#90=CIRCLE('',#1749,4.5);
#91=CIRCLE('',#1750,4.5);
#92=CIRCLE('',#1752,7.50000000000002);
#93=CIRCLE('',#1754,7.50000000000002);
#94=CIRCLE('',#1757,7.50000000000002);
#95=CIRCLE('',#1759,3.);
#96=CIRCLE('',#1760,3.);
#97=CIRCLE('',#1761,3.);
#98=CIRCLE('',#1762,8.);
#99=CIRCLE('',#1763,1.);
#100=CIRCLE('',#1764,1.);
#101=CIRCLE('',#1765,1.);
#102=CIRCLE('',#1766,1.);
#103=CIRCLE('',#1767,1.);
#104=CIRCLE('',#1768,1.);
#105=CIRCLE('',#1769,1.);
#106=CIRCLE('',#1770,1.);
#107=CIRCLE('',#1771,1.6);
#108=CIRCLE('',#1772,1.6);
#109=CIRCLE('',#1774,3.);
#110=CIRCLE('',#1775,1.);
#111=CIRCLE('',#1776,1.);
#112=CIRCLE('',#1777,1.);
#113=CIRCLE('',#1778,1.);
#114=CIRCLE('',#1779,1.);
#115=CIRCLE('',#1780,1.);
#116=CIRCLE('',#1781,1.);
#117=CIRCLE('',#1782,1.);
#118=CIRCLE('',#1783,8.);
#119=CIRCLE('',#1784,3.);
#120=CIRCLE('',#1785,3.);
#121=CIRCLE('',#1786,1.6);
#122=CIRCLE('',#1787,2.1);
#123=CIRCLE('',#1788,1.6);
#124=CIRCLE('',#1790,2.1);
#125=CIRCLE('',#1793,6.5);
#126=CIRCLE('',#1794,6.5);
#127=CIRCLE('',#1796,4.5);
#128=CIRCLE('',#1799,4.5);
#129=CIRCLE('',#1800,1.6);
#130=CIRCLE('',#1803,1.6);
#131=CIRCLE('',#1805,1.5);
#132=CIRCLE('',#1808,2.);
#133=CIRCLE('',#1811,3.);
#134=CIRCLE('',#1812,1.);
#135=CIRCLE('',#1813,1.);
#136=CIRCLE('',#1814,1.);
#137=CIRCLE('',#1815,1.);
#138=CIRCLE('',#1816,1.);
#139=CIRCLE('',#1817,1.);
#140=CIRCLE('',#1818,1.);
#141=CIRCLE('',#1819,8.);
#142=CIRCLE('',#1820,3.);
#143=CIRCLE('',#1821,3.);
#144=CIRCLE('',#1822,1.6);
#145=CIRCLE('',#1823,1.);
#146=CIRCLE('',#1824,1.);
#147=CIRCLE('',#1825,1.);
#148=CIRCLE('',#1826,1.);
#149=CIRCLE('',#1827,1.6);
#150=CIRCLE('',#1829,3.);
#151=CIRCLE('',#1830,3.);
#152=CIRCLE('',#1831,3.);
#153=CIRCLE('',#1832,8.);
#154=CIRCLE('',#1833,1.);
#155=CIRCLE('',#1834,1.);
#156=CIRCLE('',#1835,1.);
#157=CIRCLE('',#1836,1.);
#158=CIRCLE('',#1837,1.);
#159=CIRCLE('',#1838,1.);
#160=CIRCLE('',#1839,1.);
#161=CIRCLE('',#1840,1.6);
#162=CIRCLE('',#1841,1.);
#163=CIRCLE('',#1842,1.);
#164=CIRCLE('',#1843,1.);
#165=CIRCLE('',#1844,1.);
#166=CIRCLE('',#1845,1.6);
#167=CIRCLE('',#1850,2.);
#168=(
BOUNDED_CURVE()
B_SPLINE_CURVE(2,(#2435,#2436,#2437),.UNSPECIFIED.,.F.,.F.)
B_SPLINE_CURVE_WITH_KNOTS((3,3),(-1.79346894284483,-1.1247221879202),
 .UNSPECIFIED.)
CURVE()
GEOMETRIC_REPRESENTATION_ITEM()
RATIONAL_B_SPLINE_CURVE((1.2962962962963,1.45833333333334,1.45833333333334))
REPRESENTATION_ITEM('')
);
#169=(
BOUNDED_CURVE()
B_SPLINE_CURVE(2,(#2439,#2440,#2441),.UNSPECIFIED.,.F.,.F.)
B_SPLINE_CURVE_WITH_KNOTS((3,3),(-1.1247221879202,-0.455975432995578),
 .UNSPECIFIED.)
CURVE()
GEOMETRIC_REPRESENTATION_ITEM()
RATIONAL_B_SPLINE_CURVE((1.45833333333334,1.45833333333333,1.2962962962963))
REPRESENTATION_ITEM('')
);
#170=(
BOUNDED_CURVE()
B_SPLINE_CURVE(2,(#2533,#2534,#2535),.UNSPECIFIED.,.F.,.F.)
B_SPLINE_CURVE_WITH_KNOTS((3,3),(-1.17528936814254,-0.12859016772099),
 .UNSPECIFIED.)
CURVE()
GEOMETRIC_REPRESENTATION_ITEM()
RATIONAL_B_SPLINE_CURVE((1.07408264671483,1.34260330839354,1.07408264671483))
REPRESENTATION_ITEM('')
);
#171=(
BOUNDED_CURVE()
B_SPLINE_CURVE(2,(#2616,#2617,#2618),.UNSPECIFIED.,.F.,.F.)
B_SPLINE_CURVE_WITH_KNOTS((3,3),(-5.32341020563564,-1.59445590903641),
 .UNSPECIFIED.)
CURVE()
GEOMETRIC_REPRESENTATION_ITEM()
RATIONAL_B_SPLINE_CURVE((2.56686291501016,3.85029437251523,2.56686291501015))
REPRESENTATION_ITEM('')
);
#172=(
BOUNDED_CURVE()
B_SPLINE_CURVE(2,(#2630,#2631,#2632),.UNSPECIFIED.,.F.,.F.)
B_SPLINE_CURVE_WITH_KNOTS((3,3),(1.59445590903641,5.32341020563566),
 .UNSPECIFIED.)
CURVE()
GEOMETRIC_REPRESENTATION_ITEM()
RATIONAL_B_SPLINE_CURVE((2.56686291501015,3.85029437251524,2.56686291501015))
REPRESENTATION_ITEM('')
);
#173=FACE_OUTER_BOUND('',#262,.T.);
#174=FACE_OUTER_BOUND('',#263,.T.);
#175=FACE_OUTER_BOUND('',#264,.T.);
#176=FACE_OUTER_BOUND('',#265,.T.);
#177=FACE_OUTER_BOUND('',#266,.T.);
#178=FACE_OUTER_BOUND('',#267,.T.);
#179=FACE_OUTER_BOUND('',#268,.T.);
#180=FACE_OUTER_BOUND('',#269,.T.);
#181=FACE_OUTER_BOUND('',#270,.T.);
#182=FACE_OUTER_BOUND('',#271,.T.);
#183=FACE_OUTER_BOUND('',#272,.T.);
#184=FACE_OUTER_BOUND('',#273,.T.);
#185=FACE_OUTER_BOUND('',#274,.T.);
#186=FACE_OUTER_BOUND('',#275,.T.);
#187=FACE_OUTER_BOUND('',#276,.T.);
#188=FACE_OUTER_BOUND('',#277,.T.);
#189=FACE_OUTER_BOUND('',#278,.T.);
#190=FACE_OUTER_BOUND('',#279,.T.);
#191=FACE_OUTER_BOUND('',#283,.T.);
#192=FACE_OUTER_BOUND('',#287,.T.);
#193=FACE_OUTER_BOUND('',#288,.T.);
#194=FACE_OUTER_BOUND('',#289,.T.);
#195=FACE_OUTER_BOUND('',#290,.T.);
#196=FACE_OUTER_BOUND('',#292,.T.);
#197=FACE_OUTER_BOUND('',#294,.T.);
#198=FACE_OUTER_BOUND('',#296,.T.);
#199=FACE_OUTER_BOUND('',#297,.T.);
#200=FACE_OUTER_BOUND('',#298,.T.);
#201=FACE_OUTER_BOUND('',#299,.T.);
#202=FACE_OUTER_BOUND('',#300,.T.);
#203=FACE_OUTER_BOUND('',#301,.T.);
#204=FACE_OUTER_BOUND('',#306,.T.);
#205=FACE_OUTER_BOUND('',#311,.T.);
#206=FACE_OUTER_BOUND('',#312,.T.);
#207=FACE_OUTER_BOUND('',#313,.T.);
#208=FACE_OUTER_BOUND('',#314,.T.);
#209=FACE_OUTER_BOUND('',#315,.T.);
#210=FACE_OUTER_BOUND('',#317,.T.);
#211=FACE_OUTER_BOUND('',#318,.T.);
#212=FACE_OUTER_BOUND('',#319,.T.);
#213=FACE_OUTER_BOUND('',#320,.T.);
#214=FACE_OUTER_BOUND('',#321,.T.);
#215=FACE_OUTER_BOUND('',#322,.T.);
#216=FACE_OUTER_BOUND('',#323,.T.);
#217=FACE_OUTER_BOUND('',#324,.T.);
#218=FACE_OUTER_BOUND('',#325,.T.);
#219=FACE_OUTER_BOUND('',#326,.T.);
#220=FACE_OUTER_BOUND('',#327,.T.);
#221=FACE_OUTER_BOUND('',#328,.T.);
#222=FACE_OUTER_BOUND('',#329,.T.);
#223=FACE_OUTER_BOUND('',#330,.T.);
#224=FACE_OUTER_BOUND('',#331,.T.);
#225=FACE_OUTER_BOUND('',#332,.T.);
#226=FACE_OUTER_BOUND('',#333,.T.);
#227=FACE_OUTER_BOUND('',#334,.T.);
#228=FACE_OUTER_BOUND('',#335,.T.);
#229=FACE_OUTER_BOUND('',#336,.T.);
#230=FACE_OUTER_BOUND('',#337,.T.);
#231=FACE_OUTER_BOUND('',#338,.T.);
#232=FACE_OUTER_BOUND('',#339,.T.);
#233=FACE_OUTER_BOUND('',#340,.T.);
#234=FACE_OUTER_BOUND('',#341,.T.);
#235=FACE_OUTER_BOUND('',#342,.T.);
#236=FACE_OUTER_BOUND('',#343,.T.);
#237=FACE_OUTER_BOUND('',#344,.T.);
#238=FACE_OUTER_BOUND('',#345,.T.);
#239=FACE_OUTER_BOUND('',#346,.T.);
#240=FACE_OUTER_BOUND('',#347,.T.);
#241=FACE_OUTER_BOUND('',#348,.T.);
#242=FACE_OUTER_BOUND('',#349,.T.);
#243=FACE_OUTER_BOUND('',#350,.T.);
#244=FACE_OUTER_BOUND('',#351,.T.);
#245=FACE_OUTER_BOUND('',#352,.T.);
#246=FACE_OUTER_BOUND('',#353,.T.);
#247=FACE_OUTER_BOUND('',#354,.T.);
#248=FACE_OUTER_BOUND('',#355,.T.);
#249=FACE_OUTER_BOUND('',#356,.T.);
#250=FACE_OUTER_BOUND('',#357,.T.);
#251=FACE_OUTER_BOUND('',#358,.T.);
#252=FACE_OUTER_BOUND('',#359,.T.);
#253=FACE_OUTER_BOUND('',#360,.T.);
#254=FACE_OUTER_BOUND('',#361,.T.);
#255=FACE_OUTER_BOUND('',#362,.T.);
#256=FACE_OUTER_BOUND('',#363,.T.);
#257=FACE_OUTER_BOUND('',#364,.T.);
#258=FACE_OUTER_BOUND('',#365,.T.);
#259=FACE_OUTER_BOUND('',#366,.T.);
#260=FACE_OUTER_BOUND('',#367,.T.);
#261=FACE_OUTER_BOUND('',#368,.T.);
#262=EDGE_LOOP('',(#1082,#1083,#1084,#1085));
#263=EDGE_LOOP('',(#1086,#1087,#1088,#1089));
#264=EDGE_LOOP('',(#1090,#1091,#1092,#1093,#1094,#1095,#1096,#1097,#1098));
#265=EDGE_LOOP('',(#1099,#1100,#1101,#1102));
#266=EDGE_LOOP('',(#1103,#1104,#1105,#1106));
#267=EDGE_LOOP('',(#1107,#1108,#1109,#1110));
#268=EDGE_LOOP('',(#1111,#1112,#1113,#1114));
#269=EDGE_LOOP('',(#1115,#1116,#1117,#1118,#1119));
#270=EDGE_LOOP('',(#1120,#1121,#1122,#1123,#1124));
#271=EDGE_LOOP('',(#1125,#1126,#1127));
#272=EDGE_LOOP('',(#1128,#1129));
#273=EDGE_LOOP('',(#1130,#1131,#1132,#1133));
#274=EDGE_LOOP('',(#1134,#1135,#1136,#1137));
#275=EDGE_LOOP('',(#1138,#1139,#1140));
#276=EDGE_LOOP('',(#1141,#1142,#1143));
#277=EDGE_LOOP('',(#1144,#1145,#1146,#1147));
#278=EDGE_LOOP('',(#1148,#1149,#1150));
#279=EDGE_LOOP('',(#1151,#1152,#1153,#1154,#1155,#1156,#1157,#1158,#1159,
#1160,#1161,#1162,#1163,#1164,#1165,#1166,#1167,#1168,#1169,#1170,#1171,
#1172,#1173,#1174,#1175,#1176,#1177,#1178));
#280=EDGE_LOOP('',(#1179));
#281=EDGE_LOOP('',(#1180));
#282=EDGE_LOOP('',(#1181));
#283=EDGE_LOOP('',(#1182,#1183,#1184,#1185,#1186,#1187,#1188,#1189,#1190,
#1191,#1192,#1193,#1194,#1195,#1196,#1197,#1198,#1199,#1200,#1201,#1202,
#1203,#1204,#1205,#1206,#1207,#1208,#1209));
#284=EDGE_LOOP('',(#1210));
#285=EDGE_LOOP('',(#1211));
#286=EDGE_LOOP('',(#1212));
#287=EDGE_LOOP('',(#1213,#1214,#1215,#1216));
#288=EDGE_LOOP('',(#1217,#1218,#1219,#1220,#1221,#1222,#1223,#1224,#1225,
#1226,#1227,#1228));
#289=EDGE_LOOP('',(#1229,#1230,#1231,#1232));
#290=EDGE_LOOP('',(#1233));
#291=EDGE_LOOP('',(#1234));
#292=EDGE_LOOP('',(#1235));
#293=EDGE_LOOP('',(#1236));
#294=EDGE_LOOP('',(#1237));
#295=EDGE_LOOP('',(#1238));
#296=EDGE_LOOP('',(#1239,#1240,#1241,#1242));
#297=EDGE_LOOP('',(#1243,#1244,#1245,#1246));
#298=EDGE_LOOP('',(#1247,#1248,#1249,#1250,#1251));
#299=EDGE_LOOP('',(#1252,#1253,#1254,#1255));
#300=EDGE_LOOP('',(#1256,#1257,#1258,#1259));
#301=EDGE_LOOP('',(#1260,#1261,#1262,#1263,#1264,#1265,#1266,#1267,#1268,
#1269,#1270,#1271,#1272,#1273,#1274,#1275,#1276,#1277,#1278,#1279,#1280,
#1281,#1282,#1283,#1284,#1285,#1286));
#302=EDGE_LOOP('',(#1287));
#303=EDGE_LOOP('',(#1288,#1289,#1290,#1291,#1292,#1293,#1294,#1295));
#304=EDGE_LOOP('',(#1296));
#305=EDGE_LOOP('',(#1297));
#306=EDGE_LOOP('',(#1298,#1299,#1300,#1301,#1302,#1303,#1304,#1305,#1306,
#1307,#1308,#1309,#1310,#1311,#1312,#1313,#1314,#1315,#1316,#1317,#1318,
#1319,#1320,#1321,#1322,#1323,#1324));
#307=EDGE_LOOP('',(#1325));
#308=EDGE_LOOP('',(#1326,#1327,#1328,#1329,#1330,#1331,#1332,#1333));
#309=EDGE_LOOP('',(#1334));
#310=EDGE_LOOP('',(#1335));
#311=EDGE_LOOP('',(#1336,#1337,#1338,#1339));
#312=EDGE_LOOP('',(#1340,#1341,#1342,#1343,#1344,#1345,#1346,#1347));
#313=EDGE_LOOP('',(#1348,#1349,#1350,#1351,#1352,#1353));
#314=EDGE_LOOP('',(#1354,#1355,#1356,#1357,#1358,#1359,#1360,#1361,#1362,
#1363));
#315=EDGE_LOOP('',(#1364));
#316=EDGE_LOOP('',(#1365));
#317=EDGE_LOOP('',(#1366,#1367,#1368,#1369,#1370,#1371));
#318=EDGE_LOOP('',(#1372,#1373,#1374,#1375));
#319=EDGE_LOOP('',(#1376,#1377,#1378,#1379));
#320=EDGE_LOOP('',(#1380,#1381,#1382,#1383));
#321=EDGE_LOOP('',(#1384,#1385,#1386,#1387));
#322=EDGE_LOOP('',(#1388,#1389,#1390,#1391));
#323=EDGE_LOOP('',(#1392,#1393,#1394,#1395));
#324=EDGE_LOOP('',(#1396,#1397,#1398,#1399));
#325=EDGE_LOOP('',(#1400,#1401,#1402,#1403));
#326=EDGE_LOOP('',(#1404,#1405,#1406,#1407));
#327=EDGE_LOOP('',(#1408,#1409,#1410,#1411));
#328=EDGE_LOOP('',(#1412,#1413,#1414,#1415));
#329=EDGE_LOOP('',(#1416,#1417,#1418,#1419));
#330=EDGE_LOOP('',(#1420,#1421,#1422,#1423));
#331=EDGE_LOOP('',(#1424,#1425,#1426,#1427));
#332=EDGE_LOOP('',(#1428,#1429,#1430,#1431));
#333=EDGE_LOOP('',(#1432,#1433,#1434,#1435));
#334=EDGE_LOOP('',(#1436,#1437,#1438,#1439));
#335=EDGE_LOOP('',(#1440,#1441,#1442,#1443));
#336=EDGE_LOOP('',(#1444,#1445,#1446,#1447));
#337=EDGE_LOOP('',(#1448,#1449,#1450,#1451));
#338=EDGE_LOOP('',(#1452,#1453,#1454,#1455));
#339=EDGE_LOOP('',(#1456,#1457,#1458,#1459));
#340=EDGE_LOOP('',(#1460,#1461,#1462,#1463));
#341=EDGE_LOOP('',(#1464,#1465,#1466,#1467));
#342=EDGE_LOOP('',(#1468,#1469,#1470,#1471));
#343=EDGE_LOOP('',(#1472,#1473,#1474,#1475));
#344=EDGE_LOOP('',(#1476,#1477,#1478,#1479));
#345=EDGE_LOOP('',(#1480,#1481,#1482,#1483));
#346=EDGE_LOOP('',(#1484,#1485,#1486,#1487));
#347=EDGE_LOOP('',(#1488,#1489,#1490,#1491,#1492));
#348=EDGE_LOOP('',(#1493,#1494,#1495,#1496,#1497));
#349=EDGE_LOOP('',(#1498,#1499,#1500,#1501));
#350=EDGE_LOOP('',(#1502,#1503,#1504,#1505));
#351=EDGE_LOOP('',(#1506,#1507,#1508,#1509));
#352=EDGE_LOOP('',(#1510,#1511,#1512,#1513));
#353=EDGE_LOOP('',(#1514,#1515,#1516,#1517));
#354=EDGE_LOOP('',(#1518,#1519,#1520,#1521));
#355=EDGE_LOOP('',(#1522,#1523,#1524,#1525));
#356=EDGE_LOOP('',(#1526,#1527,#1528,#1529));
#357=EDGE_LOOP('',(#1530,#1531,#1532,#1533));
#358=EDGE_LOOP('',(#1534,#1535,#1536,#1537));
#359=EDGE_LOOP('',(#1538,#1539,#1540,#1541));
#360=EDGE_LOOP('',(#1542,#1543,#1544,#1545));
#361=EDGE_LOOP('',(#1546,#1547,#1548,#1549));
#362=EDGE_LOOP('',(#1550,#1551,#1552,#1553));
#363=EDGE_LOOP('',(#1554,#1555,#1556,#1557));
#364=EDGE_LOOP('',(#1558,#1559,#1560,#1561));
#365=EDGE_LOOP('',(#1562,#1563,#1564,#1565));
#366=EDGE_LOOP('',(#1566,#1567,#1568,#1569));
#367=EDGE_LOOP('',(#1570,#1571,#1572,#1573));
#368=EDGE_LOOP('',(#1574,#1575,#1576,#1577));
#369=LINE('',#2415,#520);
#370=LINE('',#2417,#521);
#371=LINE('',#2419,#522);
#372=LINE('',#2420,#523);
#373=LINE('',#2424,#524);
#374=LINE('',#2426,#525);
#375=LINE('',#2428,#526);
#376=LINE('',#2429,#527);
#377=LINE('',#2433,#528);
#378=LINE('',#2443,#529);
#379=LINE('',#2445,#530);
#380=LINE('',#2449,#531);
#381=LINE('',#2452,#532);
#382=LINE('',#2456,#533);
#383=LINE('',#2458,#534);
#384=LINE('',#2460,#535);
#385=LINE('',#2461,#536);
#386=LINE('',#2465,#537);
#387=LINE('',#2467,#538);
#388=LINE('',#2469,#539);
#389=LINE('',#2470,#540);
#390=LINE('',#2474,#541);
#391=LINE('',#2476,#542);
#392=LINE('',#2478,#543);
#393=LINE('',#2479,#544);
#394=LINE('',#2482,#545);
#395=LINE('',#2494,#546);
#396=LINE('',#2498,#547);
#397=LINE('',#2504,#548);
#398=LINE('',#2505,#549);
#399=LINE('',#2519,#550);
#400=LINE('',#2526,#551);
#401=LINE('',#2528,#552);
#402=LINE('',#2532,#553);
#403=LINE('',#2540,#554);
#404=LINE('',#2546,#555);
#405=LINE('',#2552,#556);
#406=LINE('',#2553,#557);
#407=LINE('',#2558,#558);
#408=LINE('',#2559,#559);
#409=LINE('',#2563,#560);
#410=LINE('',#2565,#561);
#411=LINE('',#2567,#562);
#412=LINE('',#2568,#563);
#413=LINE('',#2572,#564);
#414=LINE('',#2573,#565);
#415=LINE('',#2577,#566);
#416=LINE('',#2581,#567);
#417=LINE('',#2585,#568);
#418=LINE('',#2589,#569);
#419=LINE('',#2594,#570);
#420=LINE('',#2599,#571);
#421=LINE('',#2603,#572);
#422=LINE('',#2607,#573);
#423=LINE('',#2612,#574);
#424=LINE('',#2615,#575);
#425=LINE('',#2626,#576);
#426=LINE('',#2629,#577);
#427=LINE('',#2634,#578);
#428=LINE('',#2638,#579);
#429=LINE('',#2643,#580);
#430=LINE('',#2647,#581);
#431=LINE('',#2651,#582);
#432=LINE('',#2656,#583);
#433=LINE('',#2661,#584);
#434=LINE('',#2665,#585);
#435=LINE('',#2675,#586);
#436=LINE('',#2678,#587);
#437=LINE('',#2683,#588);
#438=LINE('',#2695,#589);
#439=LINE('',#2699,#590);
#440=LINE('',#2702,#591);
#441=LINE('',#2718,#592);
#442=LINE('',#2721,#593);
#443=LINE('',#2735,#594);
#444=LINE('',#2738,#595);
#445=LINE('',#2740,#596);
#446=LINE('',#2742,#597);
#447=LINE('',#2747,#598);
#448=LINE('',#2751,#599);
#449=LINE('',#2755,#600);
#450=LINE('',#2760,#601);
#451=LINE('',#2765,#602);
#452=LINE('',#2769,#603);
#453=LINE('',#2775,#604);
#454=LINE('',#2779,#605);
#455=LINE('',#2783,#606);
#456=LINE('',#2787,#607);
#457=LINE('',#2793,#608);
#458=LINE('',#2797,#609);
#459=LINE('',#2801,#610);
#460=LINE('',#2805,#611);
#461=LINE('',#2810,#612);
#462=LINE('',#2815,#613);
#463=LINE('',#2819,#614);
#464=LINE('',#2823,#615);
#465=LINE('',#2828,#616);
#466=LINE('',#2829,#617);
#467=LINE('',#2834,#618);
#468=LINE('',#2838,#619);
#469=LINE('',#2842,#620);
#470=LINE('',#2846,#621);
#471=LINE('',#2851,#622);
#472=LINE('',#2853,#623);
#473=LINE('',#2854,#624);
#474=LINE('',#2855,#625);
#475=LINE('',#2856,#626);
#476=LINE('',#2858,#627);
#477=LINE('',#2861,#628);
#478=LINE('',#2866,#629);
#479=LINE('',#2868,#630);
#480=LINE('',#2870,#631);
#481=LINE('',#2871,#632);
#482=LINE('',#2873,#633);
#483=LINE('',#2874,#634);
#484=LINE('',#2876,#635);
#485=LINE('',#2877,#636);
#486=LINE('',#2879,#637);
#487=LINE('',#2880,#638);
#488=LINE('',#2882,#639);
#489=LINE('',#2883,#640);
#490=LINE('',#2885,#641);
#491=LINE('',#2886,#642);
#492=LINE('',#2888,#643);
#493=LINE('',#2889,#644);
#494=LINE('',#2891,#645);
#495=LINE('',#2892,#646);
#496=LINE('',#2909,#647);
#497=LINE('',#2910,#648);
#498=LINE('',#2912,#649);
#499=LINE('',#2913,#650);
#500=LINE('',#2915,#651);
#501=LINE('',#2916,#652);
#502=LINE('',#2918,#653);
#503=LINE('',#2919,#654);
#504=LINE('',#2921,#655);
#505=LINE('',#2923,#656);
#506=LINE('',#2925,#657);
#507=LINE('',#2926,#658);
#508=LINE('',#2928,#659);
#509=LINE('',#2929,#660);
#510=LINE('',#2939,#661);
#511=LINE('',#2940,#662);
#512=LINE('',#2942,#663);
#513=LINE('',#2943,#664);
#514=LINE('',#2945,#665);
#515=LINE('',#2946,#666);
#516=LINE('',#2948,#667);
#517=LINE('',#2949,#668);
#518=LINE('',#2955,#669);
#519=LINE('',#2957,#670);
#520=VECTOR('',#1908,5.04775479287158);
#521=VECTOR('',#1909,3.);
#522=VECTOR('',#1910,5.04775479287158);
#523=VECTOR('',#1911,3.);
#524=VECTOR('',#1914,5.04775479287158);
#525=VECTOR('',#1915,3.);
#526=VECTOR('',#1916,5.04775479287158);
#527=VECTOR('',#1917,3.);
#528=VECTOR('',#1920,2.50000000000004);
#529=VECTOR('',#1921,2.50000000000004);
#530=VECTOR('',#1922,3.);
#531=VECTOR('',#1925,0.999999999999999);
#532=VECTOR('',#1928,3.);
#533=VECTOR('',#1931,9.36433768455798);
#534=VECTOR('',#1932,3.);
#535=VECTOR('',#1933,9.36433768455798);
#536=VECTOR('',#1934,3.);
#537=VECTOR('',#1937,9.36433768455798);
#538=VECTOR('',#1938,3.);
#539=VECTOR('',#1939,9.36433768455798);
#540=VECTOR('',#1940,3.);
#541=VECTOR('',#1943,3.95012412218488);
#542=VECTOR('',#1944,3.);
#543=VECTOR('',#1945,3.95012412218488);
#544=VECTOR('',#1946,3.);
#545=VECTOR('',#1949,4.06350832689629);
#546=VECTOR('',#1950,6.);
#547=VECTOR('',#1953,4.06350832689629);
#548=VECTOR('',#1958,4.06350832689629);
#549=VECTOR('',#1959,0.999999999999999);
#550=VECTOR('',#1962,10.545454545456);
#551=VECTOR('',#1969,0.409830056250129);
#552=VECTOR('',#1970,0.499999999999967);
#553=VECTOR('',#1975,9.00000000000007);
#554=VECTOR('',#1980,2.1);
#555=VECTOR('',#1987,4.5);
#556=VECTOR('',#1994,0.499999999999967);
#557=VECTOR('',#1995,0.409830056250129);
#558=VECTOR('',#2000,0.499999999999957);
#559=VECTOR('',#2001,0.409830056250156);
#560=VECTOR('',#2004,3.95012412218488);
#561=VECTOR('',#2005,3.);
#562=VECTOR('',#2006,3.95012412218488);
#563=VECTOR('',#2007,3.);
#564=VECTOR('',#2010,0.409830056250156);
#565=VECTOR('',#2011,0.499999999999958);
#566=VECTOR('',#2016,17.9366663462158);
#567=VECTOR('',#2019,9.12637472947121);
#568=VECTOR('',#2022,0.767908047326831);
#569=VECTOR('',#2025,2.25596934910891);
#570=VECTOR('',#2030,4.8284271247462);
#571=VECTOR('',#2035,2.26279477853042);
#572=VECTOR('',#2038,7.72867536911596);
#573=VECTOR('',#2041,2.26279477853042);
#574=VECTOR('',#2046,7.18019609728144);
#575=VECTOR('',#2049,19.576274151653);
#576=VECTOR('',#2056,9.12637472947121);
#577=VECTOR('',#2059,17.9366663462158);
#578=VECTOR('',#2060,19.576274151653);
#579=VECTOR('',#2063,7.18019609728144);
#580=VECTOR('',#2068,2.26279477853042);
#581=VECTOR('',#2071,7.72867536911596);
#582=VECTOR('',#2074,2.26279477853042);
#583=VECTOR('',#2079,4.8284271247462);
#584=VECTOR('',#2084,2.25596934910891);
#585=VECTOR('',#2087,0.767908047326831);
#586=VECTOR('',#2098,2.1);
#587=VECTOR('',#2103,4.5);
#588=VECTOR('',#2108,6.5);
#589=VECTOR('',#2125,4.5);
#590=VECTOR('',#2130,1.6);
#591=VECTOR('',#2133,10.545454545456);
#592=VECTOR('',#2140,4.06350832689629);
#593=VECTOR('',#2145,6.);
#594=VECTOR('',#2148,9.12637472947121);
#595=VECTOR('',#2151,17.9366663462155);
#596=VECTOR('',#2152,15.8241263647181);
#597=VECTOR('',#2153,5.60000000000022);
#598=VECTOR('',#2158,2.26279477853042);
#599=VECTOR('',#2161,7.72867536911597);
#600=VECTOR('',#2164,2.26279477853043);
#601=VECTOR('',#2169,4.8284271247462);
#602=VECTOR('',#2174,2.25596934910891);
#603=VECTOR('',#2177,0.767908047326831);
#604=VECTOR('',#2182,2.03960780543711);
#605=VECTOR('',#2185,12.2376468326227);
#606=VECTOR('',#2188,2.03960780543711);
#607=VECTOR('',#2191,12.2376468326227);
#608=VECTOR('',#2198,17.9366663462155);
#609=VECTOR('',#2201,9.12637472947121);
#610=VECTOR('',#2204,0.767908047326831);
#611=VECTOR('',#2207,2.25596934910891);
#612=VECTOR('',#2212,4.8284271247462);
#613=VECTOR('',#2217,2.26279477853043);
#614=VECTOR('',#2220,7.72867536911597);
#615=VECTOR('',#2223,2.26279477853042);
#616=VECTOR('',#2228,5.60000000000022);
#617=VECTOR('',#2229,15.8241263647181);
#618=VECTOR('',#2232,2.03960780543711);
#619=VECTOR('',#2235,12.2376468326227);
#620=VECTOR('',#2238,2.03960780543711);
#621=VECTOR('',#2241,12.2376468326227);
#622=VECTOR('',#2248,3.23606797749916);
#623=VECTOR('',#2251,10.);
#624=VECTOR('',#2252,3.);
#625=VECTOR('',#2253,4.);
#626=VECTOR('',#2254,3.);
#627=VECTOR('',#2257,10.);
#628=VECTOR('',#2260,2.);
#629=VECTOR('',#2269,1.6);
#630=VECTOR('',#2272,1.6);
#631=VECTOR('',#2275,3.);
#632=VECTOR('',#2276,3.);
#633=VECTOR('',#2279,3.);
#634=VECTOR('',#2280,3.);
#635=VECTOR('',#2283,3.);
#636=VECTOR('',#2284,3.);
#637=VECTOR('',#2287,3.);
#638=VECTOR('',#2288,3.);
#639=VECTOR('',#2291,3.);
#640=VECTOR('',#2292,3.);
#641=VECTOR('',#2295,3.);
#642=VECTOR('',#2296,3.);
#643=VECTOR('',#2299,3.);
#644=VECTOR('',#2300,3.);
#645=VECTOR('',#2303,3.);
#646=VECTOR('',#2304,3.);
#647=VECTOR('',#2337,3.);
#648=VECTOR('',#2338,3.);
#649=VECTOR('',#2341,3.);
#650=VECTOR('',#2342,3.);
#651=VECTOR('',#2345,3.);
#652=VECTOR('',#2346,3.);
#653=VECTOR('',#2349,3.);
#654=VECTOR('',#2350,3.);
#655=VECTOR('',#2353,3.);
#656=VECTOR('',#2356,3.);
#657=VECTOR('',#2359,3.);
#658=VECTOR('',#2360,3.);
#659=VECTOR('',#2363,3.);
#660=VECTOR('',#2364,3.);
#661=VECTOR('',#2383,4.);
#662=VECTOR('',#2384,4.);
#663=VECTOR('',#2387,4.);
#664=VECTOR('',#2388,4.);
#665=VECTOR('',#2391,4.);
#666=VECTOR('',#2392,4.);
#667=VECTOR('',#2395,4.);
#668=VECTOR('',#2396,4.);
#669=VECTOR('',#2407,1.6);
#670=VECTOR('',#2410,1.6);
#671=VERTEX_POINT('',#2413);
#672=VERTEX_POINT('',#2414);
#673=VERTEX_POINT('',#2416);
#674=VERTEX_POINT('',#2418);
#675=VERTEX_POINT('',#2422);
#676=VERTEX_POINT('',#2423);
#677=VERTEX_POINT('',#2425);
#678=VERTEX_POINT('',#2427);
#679=VERTEX_POINT('',#2431);
#680=VERTEX_POINT('',#2432);
#681=VERTEX_POINT('',#2434);
#682=VERTEX_POINT('',#2438);
#683=VERTEX_POINT('',#2442);
#684=VERTEX_POINT('',#2444);
#685=VERTEX_POINT('',#2446);
#686=VERTEX_POINT('',#2448);
#687=VERTEX_POINT('',#2450);
#688=VERTEX_POINT('',#2454);
#689=VERTEX_POINT('',#2455);
#690=VERTEX_POINT('',#2457);
#691=VERTEX_POINT('',#2459);
#692=VERTEX_POINT('',#2463);
#693=VERTEX_POINT('',#2464);
#694=VERTEX_POINT('',#2466);
#695=VERTEX_POINT('',#2468);
#696=VERTEX_POINT('',#2472);
#697=VERTEX_POINT('',#2473);
#698=VERTEX_POINT('',#2475);
#699=VERTEX_POINT('',#2477);
#700=VERTEX_POINT('',#2481);
#701=VERTEX_POINT('',#2483);
#702=VERTEX_POINT('',#2496);
#703=VERTEX_POINT('',#2497);
#704=VERTEX_POINT('',#2499);
#705=VERTEX_POINT('',#2501);
#706=VERTEX_POINT('',#2503);
#707=VERTEX_POINT('',#2507);
#708=VERTEX_POINT('',#2518);
#709=VERTEX_POINT('',#2520);
#710=VERTEX_POINT('',#2524);
#711=VERTEX_POINT('',#2525);
#712=VERTEX_POINT('',#2527);
#713=VERTEX_POINT('',#2531);
#714=VERTEX_POINT('',#2537);
#715=VERTEX_POINT('',#2539);
#716=VERTEX_POINT('',#2543);
#717=VERTEX_POINT('',#2545);
#718=VERTEX_POINT('',#2549);
#719=VERTEX_POINT('',#2551);
#720=VERTEX_POINT('',#2555);
#721=VERTEX_POINT('',#2557);
#722=VERTEX_POINT('',#2561);
#723=VERTEX_POINT('',#2562);
#724=VERTEX_POINT('',#2564);
#725=VERTEX_POINT('',#2566);
#726=VERTEX_POINT('',#2570);
#727=VERTEX_POINT('',#2571);
#728=VERTEX_POINT('',#2576);
#729=VERTEX_POINT('',#2578);
#730=VERTEX_POINT('',#2580);
#731=VERTEX_POINT('',#2582);
#732=VERTEX_POINT('',#2584);
#733=VERTEX_POINT('',#2586);
#734=VERTEX_POINT('',#2588);
#735=VERTEX_POINT('',#2591);
#736=VERTEX_POINT('',#2593);
#737=VERTEX_POINT('',#2596);
#738=VERTEX_POINT('',#2598);
#739=VERTEX_POINT('',#2600);
#740=VERTEX_POINT('',#2602);
#741=VERTEX_POINT('',#2604);
#742=VERTEX_POINT('',#2606);
#743=VERTEX_POINT('',#2609);
#744=VERTEX_POINT('',#2611);
#745=VERTEX_POINT('',#2613);
#746=VERTEX_POINT('',#2619);
#747=VERTEX_POINT('',#2621);
#748=VERTEX_POINT('',#2624);
#749=VERTEX_POINT('',#2625);
#750=VERTEX_POINT('',#2627);
#751=VERTEX_POINT('',#2633);
#752=VERTEX_POINT('',#2635);
#753=VERTEX_POINT('',#2637);
#754=VERTEX_POINT('',#2640);
#755=VERTEX_POINT('',#2642);
#756=VERTEX_POINT('',#2644);
#757=VERTEX_POINT('',#2646);
#758=VERTEX_POINT('',#2648);
#759=VERTEX_POINT('',#2650);
#760=VERTEX_POINT('',#2653);
#761=VERTEX_POINT('',#2655);
#762=VERTEX_POINT('',#2658);
#763=VERTEX_POINT('',#2660);
#764=VERTEX_POINT('',#2662);
#765=VERTEX_POINT('',#2664);
#766=VERTEX_POINT('',#2667);
#767=VERTEX_POINT('',#2669);
#768=VERTEX_POINT('',#2671);
#769=VERTEX_POINT('',#2674);
#770=VERTEX_POINT('',#2680);
#771=VERTEX_POINT('',#2682);
#772=VERTEX_POINT('',#2686);
#773=VERTEX_POINT('',#2690);
#774=VERTEX_POINT('',#2692);
#775=VERTEX_POINT('',#2697);
#776=VERTEX_POINT('',#2701);
#777=VERTEX_POINT('',#2713);
#778=VERTEX_POINT('',#2717);
#779=VERTEX_POINT('',#2733);
#780=VERTEX_POINT('',#2734);
#781=VERTEX_POINT('',#2736);
#782=VERTEX_POINT('',#2739);
#783=VERTEX_POINT('',#2741);
#784=VERTEX_POINT('',#2744);
#785=VERTEX_POINT('',#2746);
#786=VERTEX_POINT('',#2748);
#787=VERTEX_POINT('',#2750);
#788=VERTEX_POINT('',#2752);
#789=VERTEX_POINT('',#2754);
#790=VERTEX_POINT('',#2757);
#791=VERTEX_POINT('',#2759);
#792=VERTEX_POINT('',#2762);
#793=VERTEX_POINT('',#2764);
#794=VERTEX_POINT('',#2766);
#795=VERTEX_POINT('',#2768);
#796=VERTEX_POINT('',#2771);
#797=VERTEX_POINT('',#2773);
#798=VERTEX_POINT('',#2774);
#799=VERTEX_POINT('',#2776);
#800=VERTEX_POINT('',#2778);
#801=VERTEX_POINT('',#2780);
#802=VERTEX_POINT('',#2782);
#803=VERTEX_POINT('',#2784);
#804=VERTEX_POINT('',#2786);
#805=VERTEX_POINT('',#2789);
#806=VERTEX_POINT('',#2792);
#807=VERTEX_POINT('',#2794);
#808=VERTEX_POINT('',#2796);
#809=VERTEX_POINT('',#2798);
#810=VERTEX_POINT('',#2800);
#811=VERTEX_POINT('',#2802);
#812=VERTEX_POINT('',#2804);
#813=VERTEX_POINT('',#2807);
#814=VERTEX_POINT('',#2809);
#815=VERTEX_POINT('',#2812);
#816=VERTEX_POINT('',#2814);
#817=VERTEX_POINT('',#2816);
#818=VERTEX_POINT('',#2818);
#819=VERTEX_POINT('',#2820);
#820=VERTEX_POINT('',#2822);
#821=VERTEX_POINT('',#2825);
#822=VERTEX_POINT('',#2827);
#823=VERTEX_POINT('',#2830);
#824=VERTEX_POINT('',#2832);
#825=VERTEX_POINT('',#2833);
#826=VERTEX_POINT('',#2835);
#827=VERTEX_POINT('',#2837);
#828=VERTEX_POINT('',#2839);
#829=VERTEX_POINT('',#2841);
#830=VERTEX_POINT('',#2843);
#831=VERTEX_POINT('',#2845);
#832=VERTEX_POINT('',#2848);
#833=VERTEX_POINT('',#2860);
#834=EDGE_CURVE('',#671,#672,#369,.T.);
#835=EDGE_CURVE('',#671,#673,#370,.T.);
#836=EDGE_CURVE('',#673,#674,#371,.T.);
#837=EDGE_CURVE('',#674,#672,#372,.F.);
#838=EDGE_CURVE('',#675,#676,#373,.T.);
#839=EDGE_CURVE('',#675,#677,#374,.T.);
#840=EDGE_CURVE('',#677,#678,#375,.T.);
#841=EDGE_CURVE('',#678,#676,#376,.F.);
#842=EDGE_CURVE('',#679,#680,#377,.T.);
#843=EDGE_CURVE('',#679,#681,#168,.T.);
#844=EDGE_CURVE('',#681,#682,#169,.T.);
#845=EDGE_CURVE('',#683,#682,#378,.T.);
#846=EDGE_CURVE('',#684,#683,#379,.T.);
#847=EDGE_CURVE('',#684,#685,#82,.T.);
#848=EDGE_CURVE('',#685,#686,#380,.T.);
#849=EDGE_CURVE('',#686,#687,#83,.T.);
#850=EDGE_CURVE('',#680,#687,#381,.T.);
#851=EDGE_CURVE('',#688,#689,#382,.T.);
#852=EDGE_CURVE('',#688,#690,#383,.T.);
#853=EDGE_CURVE('',#690,#691,#384,.T.);
#854=EDGE_CURVE('',#691,#689,#385,.F.);
#855=EDGE_CURVE('',#692,#693,#386,.T.);
#856=EDGE_CURVE('',#693,#694,#387,.F.);
#857=EDGE_CURVE('',#695,#694,#388,.T.);
#858=EDGE_CURVE('',#695,#692,#389,.T.);
#859=EDGE_CURVE('',#696,#697,#390,.T.);
#860=EDGE_CURVE('',#696,#698,#391,.F.);
#861=EDGE_CURVE('',#698,#699,#392,.T.);
#862=EDGE_CURVE('',#699,#697,#393,.F.);
#863=EDGE_CURVE('',#686,#700,#394,.T.);
#864=EDGE_CURVE('',#700,#701,#36,.T.);
#865=EDGE_CURVE('',#687,#701,#395,.T.);
#866=EDGE_CURVE('',#702,#703,#396,.T.);
#867=EDGE_CURVE('',#702,#704,#84,.T.);
#868=EDGE_CURVE('',#704,#705,#85,.T.);
#869=EDGE_CURVE('',#705,#706,#397,.T.);
#870=EDGE_CURVE('',#703,#706,#398,.T.);
#871=EDGE_CURVE('',#705,#707,#37,.T.);
#872=EDGE_CURVE('',#707,#708,#399,.T.);
#873=EDGE_CURVE('',#708,#709,#34,.T.);
#874=EDGE_CURVE('',#706,#709,#86,.T.);
#875=EDGE_CURVE('',#710,#711,#400,.T.);
#876=EDGE_CURVE('',#710,#712,#401,.T.);
#877=EDGE_CURVE('',#712,#711,#87,.T.);
#878=EDGE_CURVE('',#713,#712,#402,.T.);
#879=EDGE_CURVE('',#713,#712,#170,.T.);
#880=EDGE_CURVE('',#714,#714,#88,.F.);
#881=EDGE_CURVE('',#714,#715,#403,.T.);
#882=EDGE_CURVE('',#715,#715,#89,.T.);
#883=EDGE_CURVE('',#716,#716,#90,.F.);
#884=EDGE_CURVE('',#716,#717,#404,.T.);
#885=EDGE_CURVE('',#717,#717,#91,.T.);
#886=EDGE_CURVE('',#718,#713,#92,.T.);
#887=EDGE_CURVE('',#713,#719,#405,.T.);
#888=EDGE_CURVE('',#719,#718,#406,.T.);
#889=EDGE_CURVE('',#720,#679,#93,.T.);
#890=EDGE_CURVE('',#679,#721,#407,.T.);
#891=EDGE_CURVE('',#720,#721,#408,.T.);
#892=EDGE_CURVE('',#722,#723,#409,.T.);
#893=EDGE_CURVE('',#722,#724,#410,.F.);
#894=EDGE_CURVE('',#724,#725,#411,.T.);
#895=EDGE_CURVE('',#725,#723,#412,.F.);
#896=EDGE_CURVE('',#726,#727,#413,.T.);
#897=EDGE_CURVE('',#727,#682,#414,.T.);
#898=EDGE_CURVE('',#682,#726,#94,.T.);
#899=EDGE_CURVE('',#721,#728,#415,.T.);
#900=EDGE_CURVE('',#728,#729,#95,.F.);
#901=EDGE_CURVE('',#730,#729,#416,.T.);
#902=EDGE_CURVE('',#730,#731,#96,.F.);
#903=EDGE_CURVE('',#732,#731,#417,.T.);
#904=EDGE_CURVE('',#732,#733,#97,.F.);
#905=EDGE_CURVE('',#733,#734,#418,.F.);
#906=EDGE_CURVE('',#734,#671,#98,.T.);
#907=EDGE_CURVE('',#672,#735,#99,.F.);
#908=EDGE_CURVE('',#735,#736,#419,.F.);
#909=EDGE_CURVE('',#736,#722,#100,.F.);
#910=EDGE_CURVE('',#723,#737,#101,.F.);
#911=EDGE_CURVE('',#738,#737,#420,.T.);
#912=EDGE_CURVE('',#738,#739,#102,.T.);
#913=EDGE_CURVE('',#740,#739,#421,.T.);
#914=EDGE_CURVE('',#740,#741,#103,.T.);
#915=EDGE_CURVE('',#742,#741,#422,.T.);
#916=EDGE_CURVE('',#742,#695,#104,.F.);
#917=EDGE_CURVE('',#694,#743,#105,.F.);
#918=EDGE_CURVE('',#744,#743,#423,.T.);
#919=EDGE_CURVE('',#744,#745,#106,.F.);
#920=EDGE_CURVE('',#745,#710,#424,.T.);
#921=EDGE_CURVE('',#711,#720,#171,.T.);
#922=EDGE_CURVE('',#746,#746,#107,.F.);
#923=EDGE_CURVE('',#747,#747,#108,.T.);
#924=EDGE_CURVE('',#748,#749,#425,.T.);
#925=EDGE_CURVE('',#748,#750,#109,.T.);
#926=EDGE_CURVE('',#750,#727,#426,.T.);
#927=EDGE_CURVE('',#726,#718,#172,.T.);
#928=EDGE_CURVE('',#719,#751,#427,.T.);
#929=EDGE_CURVE('',#751,#752,#110,.T.);
#930=EDGE_CURVE('',#753,#752,#428,.T.);
#931=EDGE_CURVE('',#753,#691,#111,.T.);
#932=EDGE_CURVE('',#690,#754,#112,.T.);
#933=EDGE_CURVE('',#755,#754,#429,.T.);
#934=EDGE_CURVE('',#755,#756,#113,.F.);
#935=EDGE_CURVE('',#757,#756,#430,.T.);
#936=EDGE_CURVE('',#757,#758,#114,.F.);
#937=EDGE_CURVE('',#759,#758,#431,.T.);
#938=EDGE_CURVE('',#759,#699,#115,.T.);
#939=EDGE_CURVE('',#698,#760,#116,.T.);
#940=EDGE_CURVE('',#760,#761,#432,.F.);
#941=EDGE_CURVE('',#761,#678,#117,.T.);
#942=EDGE_CURVE('',#677,#762,#118,.F.);
#943=EDGE_CURVE('',#762,#763,#433,.F.);
#944=EDGE_CURVE('',#763,#764,#119,.T.);
#945=EDGE_CURVE('',#765,#764,#434,.T.);
#946=EDGE_CURVE('',#765,#749,#120,.T.);
#947=EDGE_CURVE('',#766,#766,#121,.T.);
#948=EDGE_CURVE('',#767,#767,#122,.T.);
#949=EDGE_CURVE('',#768,#768,#123,.T.);
#950=EDGE_CURVE('',#767,#769,#435,.T.);
#951=EDGE_CURVE('',#769,#769,#124,.F.);
#952=EDGE_CURVE('',#681,#716,#436,.T.);
#953=EDGE_CURVE('',#770,#770,#125,.T.);
#954=EDGE_CURVE('',#770,#771,#437,.T.);
#955=EDGE_CURVE('',#771,#771,#126,.T.);
#956=EDGE_CURVE('',#772,#772,#127,.T.);
#957=EDGE_CURVE('',#773,#773,#128,.T.);
#958=EDGE_CURVE('',#774,#774,#129,.T.);
#959=EDGE_CURVE('',#772,#773,#438,.T.);
#960=EDGE_CURVE('',#775,#775,#130,.T.);
#961=EDGE_CURVE('',#775,#774,#439,.T.);
#962=EDGE_CURVE('',#701,#776,#440,.T.);
#963=EDGE_CURVE('',#701,#702,#38,.F.);
#964=EDGE_CURVE('',#777,#703,#131,.T.);
#965=EDGE_CURVE('',#777,#776,#35,.T.);
#966=EDGE_CURVE('',#685,#778,#441,.T.);
#967=EDGE_CURVE('',#778,#700,#132,.T.);
#968=EDGE_CURVE('',#684,#707,#442,.T.);
#969=EDGE_CURVE('',#707,#778,#39,.F.);
#970=EDGE_CURVE('',#779,#780,#443,.T.);
#971=EDGE_CURVE('',#779,#781,#133,.F.);
#972=EDGE_CURVE('',#781,#680,#444,.T.);
#973=EDGE_CURVE('',#776,#782,#445,.F.);
#974=EDGE_CURVE('',#783,#782,#446,.T.);
#975=EDGE_CURVE('',#783,#693,#134,.F.);
#976=EDGE_CURVE('',#692,#784,#135,.F.);
#977=EDGE_CURVE('',#784,#785,#447,.T.);
#978=EDGE_CURVE('',#785,#786,#136,.T.);
#979=EDGE_CURVE('',#786,#787,#448,.T.);
#980=EDGE_CURVE('',#787,#788,#137,.T.);
#981=EDGE_CURVE('',#788,#789,#449,.T.);
#982=EDGE_CURVE('',#789,#725,#138,.F.);
#983=EDGE_CURVE('',#724,#790,#139,.F.);
#984=EDGE_CURVE('',#790,#791,#450,.F.);
#985=EDGE_CURVE('',#791,#674,#140,.F.);
#986=EDGE_CURVE('',#673,#792,#141,.T.);
#987=EDGE_CURVE('',#792,#793,#451,.F.);
#988=EDGE_CURVE('',#793,#794,#142,.F.);
#989=EDGE_CURVE('',#795,#794,#452,.T.);
#990=EDGE_CURVE('',#795,#780,#143,.F.);
#991=EDGE_CURVE('',#796,#796,#144,.T.);
#992=EDGE_CURVE('',#797,#798,#453,.T.);
#993=EDGE_CURVE('',#798,#799,#145,.T.);
#994=EDGE_CURVE('',#799,#800,#454,.T.);
#995=EDGE_CURVE('',#800,#801,#146,.T.);
#996=EDGE_CURVE('',#801,#802,#455,.T.);
#997=EDGE_CURVE('',#802,#803,#147,.T.);
#998=EDGE_CURVE('',#803,#804,#456,.T.);
#999=EDGE_CURVE('',#804,#797,#148,.T.);
#1000=EDGE_CURVE('',#805,#805,#149,.T.);
#1001=EDGE_CURVE('',#683,#806,#457,.T.);
#1002=EDGE_CURVE('',#806,#807,#150,.F.);
#1003=EDGE_CURVE('',#808,#807,#458,.T.);
#1004=EDGE_CURVE('',#808,#809,#151,.F.);
#1005=EDGE_CURVE('',#810,#809,#459,.T.);
#1006=EDGE_CURVE('',#810,#811,#152,.F.);
#1007=EDGE_CURVE('',#811,#812,#460,.F.);
#1008=EDGE_CURVE('',#812,#675,#153,.T.);
#1009=EDGE_CURVE('',#676,#813,#154,.F.);
#1010=EDGE_CURVE('',#813,#814,#461,.F.);
#1011=EDGE_CURVE('',#814,#696,#155,.F.);
#1012=EDGE_CURVE('',#697,#815,#156,.F.);
#1013=EDGE_CURVE('',#815,#816,#462,.T.);
#1014=EDGE_CURVE('',#816,#817,#157,.T.);
#1015=EDGE_CURVE('',#817,#818,#463,.T.);
#1016=EDGE_CURVE('',#818,#819,#158,.T.);
#1017=EDGE_CURVE('',#819,#820,#464,.T.);
#1018=EDGE_CURVE('',#820,#688,#159,.F.);
#1019=EDGE_CURVE('',#689,#821,#160,.F.);
#1020=EDGE_CURVE('',#822,#821,#465,.T.);
#1021=EDGE_CURVE('',#822,#708,#466,.F.);
#1022=EDGE_CURVE('',#823,#823,#161,.T.);
#1023=EDGE_CURVE('',#824,#825,#467,.T.);
#1024=EDGE_CURVE('',#825,#826,#162,.T.);
#1025=EDGE_CURVE('',#826,#827,#468,.T.);
#1026=EDGE_CURVE('',#827,#828,#163,.T.);
#1027=EDGE_CURVE('',#828,#829,#469,.T.);
#1028=EDGE_CURVE('',#829,#830,#164,.T.);
#1029=EDGE_CURVE('',#830,#831,#470,.T.);
#1030=EDGE_CURVE('',#831,#824,#165,.T.);
#1031=EDGE_CURVE('',#832,#832,#166,.T.);
#1032=EDGE_CURVE('',#709,#777,#471,.T.);
#1033=EDGE_CURVE('',#752,#744,#472,.T.);
#1034=EDGE_CURVE('',#743,#783,#473,.T.);
#1035=EDGE_CURVE('',#782,#822,#474,.F.);
#1036=EDGE_CURVE('',#821,#753,#475,.T.);
#1037=EDGE_CURVE('',#745,#751,#476,.F.);
#1038=EDGE_CURVE('',#704,#833,#477,.T.);
#1039=EDGE_CURVE('',#833,#833,#167,.T.);
#1040=EDGE_CURVE('',#766,#832,#478,.T.);
#1041=EDGE_CURVE('',#805,#747,#479,.T.);
#1042=EDGE_CURVE('',#815,#759,#480,.T.);
#1043=EDGE_CURVE('',#758,#816,#481,.F.);
#1044=EDGE_CURVE('',#817,#757,#482,.T.);
#1045=EDGE_CURVE('',#756,#818,#483,.F.);
#1046=EDGE_CURVE('',#819,#755,#484,.T.);
#1047=EDGE_CURVE('',#754,#820,#485,.F.);
#1048=EDGE_CURVE('',#784,#742,#486,.F.);
#1049=EDGE_CURVE('',#741,#785,#487,.T.);
#1050=EDGE_CURVE('',#786,#740,#488,.F.);
#1051=EDGE_CURVE('',#739,#787,#489,.T.);
#1052=EDGE_CURVE('',#788,#738,#490,.F.);
#1053=EDGE_CURVE('',#737,#789,#491,.T.);
#1054=EDGE_CURVE('',#813,#761,#492,.F.);
#1055=EDGE_CURVE('',#760,#814,#493,.F.);
#1056=EDGE_CURVE('',#735,#791,#494,.F.);
#1057=EDGE_CURVE('',#790,#736,#495,.F.);
#1058=EDGE_CURVE('',#807,#748,#496,.T.);
#1059=EDGE_CURVE('',#749,#808,#497,.F.);
#1060=EDGE_CURVE('',#729,#779,#498,.T.);
#1061=EDGE_CURVE('',#780,#730,#499,.F.);
#1062=EDGE_CURVE('',#809,#765,#500,.T.);
#1063=EDGE_CURVE('',#764,#810,#501,.F.);
#1064=EDGE_CURVE('',#731,#795,#502,.T.);
#1065=EDGE_CURVE('',#794,#732,#503,.F.);
#1066=EDGE_CURVE('',#781,#728,#504,.F.);
#1067=EDGE_CURVE('',#750,#806,#505,.F.);
#1068=EDGE_CURVE('',#733,#793,#506,.F.);
#1069=EDGE_CURVE('',#792,#734,#507,.T.);
#1070=EDGE_CURVE('',#811,#763,#508,.F.);
#1071=EDGE_CURVE('',#762,#812,#509,.T.);
#1072=EDGE_CURVE('',#828,#802,#510,.F.);
#1073=EDGE_CURVE('',#801,#829,#511,.T.);
#1074=EDGE_CURVE('',#803,#827,#512,.T.);
#1075=EDGE_CURVE('',#826,#804,#513,.F.);
#1076=EDGE_CURVE('',#824,#798,#514,.F.);
#1077=EDGE_CURVE('',#797,#825,#515,.T.);
#1078=EDGE_CURVE('',#830,#800,#516,.F.);
#1079=EDGE_CURVE('',#799,#831,#517,.T.);
#1080=EDGE_CURVE('',#823,#768,#518,.T.);
#1081=EDGE_CURVE('',#746,#796,#519,.T.);
#1082=ORIENTED_EDGE('',*,*,#834,.F.);
#1083=ORIENTED_EDGE('',*,*,#835,.T.);
#1084=ORIENTED_EDGE('',*,*,#836,.T.);
#1085=ORIENTED_EDGE('',*,*,#837,.T.);
#1086=ORIENTED_EDGE('',*,*,#838,.F.);
#1087=ORIENTED_EDGE('',*,*,#839,.T.);
#1088=ORIENTED_EDGE('',*,*,#840,.T.);
#1089=ORIENTED_EDGE('',*,*,#841,.T.);
#1090=ORIENTED_EDGE('',*,*,#842,.F.);
#1091=ORIENTED_EDGE('',*,*,#843,.T.);
#1092=ORIENTED_EDGE('',*,*,#844,.T.);
#1093=ORIENTED_EDGE('',*,*,#845,.F.);
#1094=ORIENTED_EDGE('',*,*,#846,.F.);
#1095=ORIENTED_EDGE('',*,*,#847,.T.);
#1096=ORIENTED_EDGE('',*,*,#848,.T.);
#1097=ORIENTED_EDGE('',*,*,#849,.T.);
#1098=ORIENTED_EDGE('',*,*,#850,.F.);
#1099=ORIENTED_EDGE('',*,*,#851,.F.);
#1100=ORIENTED_EDGE('',*,*,#852,.T.);
#1101=ORIENTED_EDGE('',*,*,#853,.T.);
#1102=ORIENTED_EDGE('',*,*,#854,.T.);
#1103=ORIENTED_EDGE('',*,*,#855,.T.);
#1104=ORIENTED_EDGE('',*,*,#856,.T.);
#1105=ORIENTED_EDGE('',*,*,#857,.F.);
#1106=ORIENTED_EDGE('',*,*,#858,.T.);
#1107=ORIENTED_EDGE('',*,*,#859,.F.);
#1108=ORIENTED_EDGE('',*,*,#860,.T.);
#1109=ORIENTED_EDGE('',*,*,#861,.T.);
#1110=ORIENTED_EDGE('',*,*,#862,.T.);
#1111=ORIENTED_EDGE('',*,*,#863,.T.);
#1112=ORIENTED_EDGE('',*,*,#864,.T.);
#1113=ORIENTED_EDGE('',*,*,#865,.F.);
#1114=ORIENTED_EDGE('',*,*,#849,.F.);
#1115=ORIENTED_EDGE('',*,*,#866,.F.);
#1116=ORIENTED_EDGE('',*,*,#867,.T.);
#1117=ORIENTED_EDGE('',*,*,#868,.T.);
#1118=ORIENTED_EDGE('',*,*,#869,.T.);
#1119=ORIENTED_EDGE('',*,*,#870,.F.);
#1120=ORIENTED_EDGE('',*,*,#869,.F.);
#1121=ORIENTED_EDGE('',*,*,#871,.T.);
#1122=ORIENTED_EDGE('',*,*,#872,.T.);
#1123=ORIENTED_EDGE('',*,*,#873,.T.);
#1124=ORIENTED_EDGE('',*,*,#874,.F.);
#1125=ORIENTED_EDGE('',*,*,#875,.F.);
#1126=ORIENTED_EDGE('',*,*,#876,.T.);
#1127=ORIENTED_EDGE('',*,*,#877,.T.);
#1128=ORIENTED_EDGE('',*,*,#878,.F.);
#1129=ORIENTED_EDGE('',*,*,#879,.T.);
#1130=ORIENTED_EDGE('',*,*,#880,.T.);
#1131=ORIENTED_EDGE('',*,*,#881,.T.);
#1132=ORIENTED_EDGE('',*,*,#882,.F.);
#1133=ORIENTED_EDGE('',*,*,#881,.F.);
#1134=ORIENTED_EDGE('',*,*,#883,.T.);
#1135=ORIENTED_EDGE('',*,*,#884,.T.);
#1136=ORIENTED_EDGE('',*,*,#885,.F.);
#1137=ORIENTED_EDGE('',*,*,#884,.F.);
#1138=ORIENTED_EDGE('',*,*,#886,.T.);
#1139=ORIENTED_EDGE('',*,*,#887,.T.);
#1140=ORIENTED_EDGE('',*,*,#888,.T.);
#1141=ORIENTED_EDGE('',*,*,#889,.T.);
#1142=ORIENTED_EDGE('',*,*,#890,.T.);
#1143=ORIENTED_EDGE('',*,*,#891,.F.);
#1144=ORIENTED_EDGE('',*,*,#892,.F.);
#1145=ORIENTED_EDGE('',*,*,#893,.T.);
#1146=ORIENTED_EDGE('',*,*,#894,.T.);
#1147=ORIENTED_EDGE('',*,*,#895,.T.);
#1148=ORIENTED_EDGE('',*,*,#896,.T.);
#1149=ORIENTED_EDGE('',*,*,#897,.T.);
#1150=ORIENTED_EDGE('',*,*,#898,.T.);
#1151=ORIENTED_EDGE('',*,*,#899,.T.);
#1152=ORIENTED_EDGE('',*,*,#900,.T.);
#1153=ORIENTED_EDGE('',*,*,#901,.F.);
#1154=ORIENTED_EDGE('',*,*,#902,.T.);
#1155=ORIENTED_EDGE('',*,*,#903,.F.);
#1156=ORIENTED_EDGE('',*,*,#904,.T.);
#1157=ORIENTED_EDGE('',*,*,#905,.T.);
#1158=ORIENTED_EDGE('',*,*,#906,.T.);
#1159=ORIENTED_EDGE('',*,*,#834,.T.);
#1160=ORIENTED_EDGE('',*,*,#907,.T.);
#1161=ORIENTED_EDGE('',*,*,#908,.T.);
#1162=ORIENTED_EDGE('',*,*,#909,.T.);
#1163=ORIENTED_EDGE('',*,*,#892,.T.);
#1164=ORIENTED_EDGE('',*,*,#910,.T.);
#1165=ORIENTED_EDGE('',*,*,#911,.F.);
#1166=ORIENTED_EDGE('',*,*,#912,.T.);
#1167=ORIENTED_EDGE('',*,*,#913,.F.);
#1168=ORIENTED_EDGE('',*,*,#914,.T.);
#1169=ORIENTED_EDGE('',*,*,#915,.F.);
#1170=ORIENTED_EDGE('',*,*,#916,.T.);
#1171=ORIENTED_EDGE('',*,*,#857,.T.);
#1172=ORIENTED_EDGE('',*,*,#917,.T.);
#1173=ORIENTED_EDGE('',*,*,#918,.F.);
#1174=ORIENTED_EDGE('',*,*,#919,.T.);
#1175=ORIENTED_EDGE('',*,*,#920,.T.);
#1176=ORIENTED_EDGE('',*,*,#875,.T.);
#1177=ORIENTED_EDGE('',*,*,#921,.T.);
#1178=ORIENTED_EDGE('',*,*,#891,.T.);
#1179=ORIENTED_EDGE('',*,*,#922,.F.);
#1180=ORIENTED_EDGE('',*,*,#923,.F.);
#1181=ORIENTED_EDGE('',*,*,#882,.T.);
#1182=ORIENTED_EDGE('',*,*,#924,.F.);
#1183=ORIENTED_EDGE('',*,*,#925,.T.);
#1184=ORIENTED_EDGE('',*,*,#926,.T.);
#1185=ORIENTED_EDGE('',*,*,#896,.F.);
#1186=ORIENTED_EDGE('',*,*,#927,.T.);
#1187=ORIENTED_EDGE('',*,*,#888,.F.);
#1188=ORIENTED_EDGE('',*,*,#928,.T.);
#1189=ORIENTED_EDGE('',*,*,#929,.T.);
#1190=ORIENTED_EDGE('',*,*,#930,.F.);
#1191=ORIENTED_EDGE('',*,*,#931,.T.);
#1192=ORIENTED_EDGE('',*,*,#853,.F.);
#1193=ORIENTED_EDGE('',*,*,#932,.T.);
#1194=ORIENTED_EDGE('',*,*,#933,.F.);
#1195=ORIENTED_EDGE('',*,*,#934,.T.);
#1196=ORIENTED_EDGE('',*,*,#935,.F.);
#1197=ORIENTED_EDGE('',*,*,#936,.T.);
#1198=ORIENTED_EDGE('',*,*,#937,.F.);
#1199=ORIENTED_EDGE('',*,*,#938,.T.);
#1200=ORIENTED_EDGE('',*,*,#861,.F.);
#1201=ORIENTED_EDGE('',*,*,#939,.T.);
#1202=ORIENTED_EDGE('',*,*,#940,.T.);
#1203=ORIENTED_EDGE('',*,*,#941,.T.);
#1204=ORIENTED_EDGE('',*,*,#840,.F.);
#1205=ORIENTED_EDGE('',*,*,#942,.T.);
#1206=ORIENTED_EDGE('',*,*,#943,.T.);
#1207=ORIENTED_EDGE('',*,*,#944,.T.);
#1208=ORIENTED_EDGE('',*,*,#945,.F.);
#1209=ORIENTED_EDGE('',*,*,#946,.T.);
#1210=ORIENTED_EDGE('',*,*,#947,.F.);
#1211=ORIENTED_EDGE('',*,*,#948,.T.);
#1212=ORIENTED_EDGE('',*,*,#949,.F.);
#1213=ORIENTED_EDGE('',*,*,#948,.F.);
#1214=ORIENTED_EDGE('',*,*,#950,.T.);
#1215=ORIENTED_EDGE('',*,*,#951,.T.);
#1216=ORIENTED_EDGE('',*,*,#950,.F.);
#1217=ORIENTED_EDGE('',*,*,#879,.F.);
#1218=ORIENTED_EDGE('',*,*,#886,.F.);
#1219=ORIENTED_EDGE('',*,*,#927,.F.);
#1220=ORIENTED_EDGE('',*,*,#898,.F.);
#1221=ORIENTED_EDGE('',*,*,#844,.F.);
#1222=ORIENTED_EDGE('',*,*,#952,.T.);
#1223=ORIENTED_EDGE('',*,*,#883,.F.);
#1224=ORIENTED_EDGE('',*,*,#952,.F.);
#1225=ORIENTED_EDGE('',*,*,#843,.F.);
#1226=ORIENTED_EDGE('',*,*,#889,.F.);
#1227=ORIENTED_EDGE('',*,*,#921,.F.);
#1228=ORIENTED_EDGE('',*,*,#877,.F.);
#1229=ORIENTED_EDGE('',*,*,#953,.T.);
#1230=ORIENTED_EDGE('',*,*,#954,.T.);
#1231=ORIENTED_EDGE('',*,*,#955,.F.);
#1232=ORIENTED_EDGE('',*,*,#954,.F.);
#1233=ORIENTED_EDGE('',*,*,#955,.T.);
#1234=ORIENTED_EDGE('',*,*,#956,.F.);
#1235=ORIENTED_EDGE('',*,*,#953,.F.);
#1236=ORIENTED_EDGE('',*,*,#885,.T.);
#1237=ORIENTED_EDGE('',*,*,#957,.T.);
#1238=ORIENTED_EDGE('',*,*,#958,.F.);
#1239=ORIENTED_EDGE('',*,*,#956,.T.);
#1240=ORIENTED_EDGE('',*,*,#959,.T.);
#1241=ORIENTED_EDGE('',*,*,#957,.F.);
#1242=ORIENTED_EDGE('',*,*,#959,.F.);
#1243=ORIENTED_EDGE('',*,*,#960,.F.);
#1244=ORIENTED_EDGE('',*,*,#961,.T.);
#1245=ORIENTED_EDGE('',*,*,#958,.T.);
#1246=ORIENTED_EDGE('',*,*,#961,.F.);
#1247=ORIENTED_EDGE('',*,*,#962,.F.);
#1248=ORIENTED_EDGE('',*,*,#963,.T.);
#1249=ORIENTED_EDGE('',*,*,#866,.T.);
#1250=ORIENTED_EDGE('',*,*,#964,.F.);
#1251=ORIENTED_EDGE('',*,*,#965,.T.);
#1252=ORIENTED_EDGE('',*,*,#966,.T.);
#1253=ORIENTED_EDGE('',*,*,#967,.T.);
#1254=ORIENTED_EDGE('',*,*,#863,.F.);
#1255=ORIENTED_EDGE('',*,*,#848,.F.);
#1256=ORIENTED_EDGE('',*,*,#968,.T.);
#1257=ORIENTED_EDGE('',*,*,#969,.T.);
#1258=ORIENTED_EDGE('',*,*,#966,.F.);
#1259=ORIENTED_EDGE('',*,*,#847,.F.);
#1260=ORIENTED_EDGE('',*,*,#970,.F.);
#1261=ORIENTED_EDGE('',*,*,#971,.T.);
#1262=ORIENTED_EDGE('',*,*,#972,.T.);
#1263=ORIENTED_EDGE('',*,*,#850,.T.);
#1264=ORIENTED_EDGE('',*,*,#865,.T.);
#1265=ORIENTED_EDGE('',*,*,#962,.T.);
#1266=ORIENTED_EDGE('',*,*,#973,.T.);
#1267=ORIENTED_EDGE('',*,*,#974,.F.);
#1268=ORIENTED_EDGE('',*,*,#975,.T.);
#1269=ORIENTED_EDGE('',*,*,#855,.F.);
#1270=ORIENTED_EDGE('',*,*,#976,.T.);
#1271=ORIENTED_EDGE('',*,*,#977,.T.);
#1272=ORIENTED_EDGE('',*,*,#978,.T.);
#1273=ORIENTED_EDGE('',*,*,#979,.T.);
#1274=ORIENTED_EDGE('',*,*,#980,.T.);
#1275=ORIENTED_EDGE('',*,*,#981,.T.);
#1276=ORIENTED_EDGE('',*,*,#982,.T.);
#1277=ORIENTED_EDGE('',*,*,#894,.F.);
#1278=ORIENTED_EDGE('',*,*,#983,.T.);
#1279=ORIENTED_EDGE('',*,*,#984,.T.);
#1280=ORIENTED_EDGE('',*,*,#985,.T.);
#1281=ORIENTED_EDGE('',*,*,#836,.F.);
#1282=ORIENTED_EDGE('',*,*,#986,.T.);
#1283=ORIENTED_EDGE('',*,*,#987,.T.);
#1284=ORIENTED_EDGE('',*,*,#988,.T.);
#1285=ORIENTED_EDGE('',*,*,#989,.F.);
#1286=ORIENTED_EDGE('',*,*,#990,.T.);
#1287=ORIENTED_EDGE('',*,*,#991,.T.);
#1288=ORIENTED_EDGE('',*,*,#992,.T.);
#1289=ORIENTED_EDGE('',*,*,#993,.T.);
#1290=ORIENTED_EDGE('',*,*,#994,.T.);
#1291=ORIENTED_EDGE('',*,*,#995,.T.);
#1292=ORIENTED_EDGE('',*,*,#996,.T.);
#1293=ORIENTED_EDGE('',*,*,#997,.T.);
#1294=ORIENTED_EDGE('',*,*,#998,.T.);
#1295=ORIENTED_EDGE('',*,*,#999,.T.);
#1296=ORIENTED_EDGE('',*,*,#1000,.T.);
#1297=ORIENTED_EDGE('',*,*,#880,.F.);
#1298=ORIENTED_EDGE('',*,*,#1001,.T.);
#1299=ORIENTED_EDGE('',*,*,#1002,.T.);
#1300=ORIENTED_EDGE('',*,*,#1003,.F.);
#1301=ORIENTED_EDGE('',*,*,#1004,.T.);
#1302=ORIENTED_EDGE('',*,*,#1005,.F.);
#1303=ORIENTED_EDGE('',*,*,#1006,.T.);
#1304=ORIENTED_EDGE('',*,*,#1007,.T.);
#1305=ORIENTED_EDGE('',*,*,#1008,.T.);
#1306=ORIENTED_EDGE('',*,*,#838,.T.);
#1307=ORIENTED_EDGE('',*,*,#1009,.T.);
#1308=ORIENTED_EDGE('',*,*,#1010,.T.);
#1309=ORIENTED_EDGE('',*,*,#1011,.T.);
#1310=ORIENTED_EDGE('',*,*,#859,.T.);
#1311=ORIENTED_EDGE('',*,*,#1012,.T.);
#1312=ORIENTED_EDGE('',*,*,#1013,.T.);
#1313=ORIENTED_EDGE('',*,*,#1014,.T.);
#1314=ORIENTED_EDGE('',*,*,#1015,.T.);
#1315=ORIENTED_EDGE('',*,*,#1016,.T.);
#1316=ORIENTED_EDGE('',*,*,#1017,.T.);
#1317=ORIENTED_EDGE('',*,*,#1018,.T.);
#1318=ORIENTED_EDGE('',*,*,#851,.T.);
#1319=ORIENTED_EDGE('',*,*,#1019,.T.);
#1320=ORIENTED_EDGE('',*,*,#1020,.F.);
#1321=ORIENTED_EDGE('',*,*,#1021,.T.);
#1322=ORIENTED_EDGE('',*,*,#872,.F.);
#1323=ORIENTED_EDGE('',*,*,#968,.F.);
#1324=ORIENTED_EDGE('',*,*,#846,.T.);
#1325=ORIENTED_EDGE('',*,*,#1022,.T.);
#1326=ORIENTED_EDGE('',*,*,#1023,.T.);
#1327=ORIENTED_EDGE('',*,*,#1024,.T.);
#1328=ORIENTED_EDGE('',*,*,#1025,.T.);
#1329=ORIENTED_EDGE('',*,*,#1026,.T.);
#1330=ORIENTED_EDGE('',*,*,#1027,.T.);
#1331=ORIENTED_EDGE('',*,*,#1028,.T.);
#1332=ORIENTED_EDGE('',*,*,#1029,.T.);
#1333=ORIENTED_EDGE('',*,*,#1030,.T.);
#1334=ORIENTED_EDGE('',*,*,#1031,.T.);
#1335=ORIENTED_EDGE('',*,*,#951,.F.);
#1336=ORIENTED_EDGE('',*,*,#874,.T.);
#1337=ORIENTED_EDGE('',*,*,#1032,.T.);
#1338=ORIENTED_EDGE('',*,*,#964,.T.);
#1339=ORIENTED_EDGE('',*,*,#870,.T.);
#1340=ORIENTED_EDGE('',*,*,#930,.T.);
#1341=ORIENTED_EDGE('',*,*,#1033,.T.);
#1342=ORIENTED_EDGE('',*,*,#918,.T.);
#1343=ORIENTED_EDGE('',*,*,#1034,.T.);
#1344=ORIENTED_EDGE('',*,*,#974,.T.);
#1345=ORIENTED_EDGE('',*,*,#1035,.T.);
#1346=ORIENTED_EDGE('',*,*,#1020,.T.);
#1347=ORIENTED_EDGE('',*,*,#1036,.T.);
#1348=ORIENTED_EDGE('',*,*,#920,.F.);
#1349=ORIENTED_EDGE('',*,*,#1037,.T.);
#1350=ORIENTED_EDGE('',*,*,#928,.F.);
#1351=ORIENTED_EDGE('',*,*,#887,.F.);
#1352=ORIENTED_EDGE('',*,*,#878,.T.);
#1353=ORIENTED_EDGE('',*,*,#876,.F.);
#1354=ORIENTED_EDGE('',*,*,#864,.F.);
#1355=ORIENTED_EDGE('',*,*,#967,.F.);
#1356=ORIENTED_EDGE('',*,*,#969,.F.);
#1357=ORIENTED_EDGE('',*,*,#871,.F.);
#1358=ORIENTED_EDGE('',*,*,#868,.F.);
#1359=ORIENTED_EDGE('',*,*,#1038,.T.);
#1360=ORIENTED_EDGE('',*,*,#1039,.T.);
#1361=ORIENTED_EDGE('',*,*,#1038,.F.);
#1362=ORIENTED_EDGE('',*,*,#867,.F.);
#1363=ORIENTED_EDGE('',*,*,#963,.F.);
#1364=ORIENTED_EDGE('',*,*,#1039,.F.);
#1365=ORIENTED_EDGE('',*,*,#960,.T.);
#1366=ORIENTED_EDGE('',*,*,#965,.F.);
#1367=ORIENTED_EDGE('',*,*,#1032,.F.);
#1368=ORIENTED_EDGE('',*,*,#873,.F.);
#1369=ORIENTED_EDGE('',*,*,#1021,.F.);
#1370=ORIENTED_EDGE('',*,*,#1035,.F.);
#1371=ORIENTED_EDGE('',*,*,#973,.F.);
#1372=ORIENTED_EDGE('',*,*,#947,.T.);
#1373=ORIENTED_EDGE('',*,*,#1040,.T.);
#1374=ORIENTED_EDGE('',*,*,#1031,.F.);
#1375=ORIENTED_EDGE('',*,*,#1040,.F.);
#1376=ORIENTED_EDGE('',*,*,#1000,.F.);
#1377=ORIENTED_EDGE('',*,*,#1041,.T.);
#1378=ORIENTED_EDGE('',*,*,#923,.T.);
#1379=ORIENTED_EDGE('',*,*,#1041,.F.);
#1380=ORIENTED_EDGE('',*,*,#1013,.F.);
#1381=ORIENTED_EDGE('',*,*,#1042,.T.);
#1382=ORIENTED_EDGE('',*,*,#937,.T.);
#1383=ORIENTED_EDGE('',*,*,#1043,.T.);
#1384=ORIENTED_EDGE('',*,*,#1015,.F.);
#1385=ORIENTED_EDGE('',*,*,#1044,.T.);
#1386=ORIENTED_EDGE('',*,*,#935,.T.);
#1387=ORIENTED_EDGE('',*,*,#1045,.T.);
#1388=ORIENTED_EDGE('',*,*,#1017,.F.);
#1389=ORIENTED_EDGE('',*,*,#1046,.T.);
#1390=ORIENTED_EDGE('',*,*,#933,.T.);
#1391=ORIENTED_EDGE('',*,*,#1047,.T.);
#1392=ORIENTED_EDGE('',*,*,#977,.F.);
#1393=ORIENTED_EDGE('',*,*,#1048,.T.);
#1394=ORIENTED_EDGE('',*,*,#915,.T.);
#1395=ORIENTED_EDGE('',*,*,#1049,.T.);
#1396=ORIENTED_EDGE('',*,*,#979,.F.);
#1397=ORIENTED_EDGE('',*,*,#1050,.T.);
#1398=ORIENTED_EDGE('',*,*,#913,.T.);
#1399=ORIENTED_EDGE('',*,*,#1051,.T.);
#1400=ORIENTED_EDGE('',*,*,#981,.F.);
#1401=ORIENTED_EDGE('',*,*,#1052,.T.);
#1402=ORIENTED_EDGE('',*,*,#911,.T.);
#1403=ORIENTED_EDGE('',*,*,#1053,.T.);
#1404=ORIENTED_EDGE('',*,*,#1010,.F.);
#1405=ORIENTED_EDGE('',*,*,#1054,.T.);
#1406=ORIENTED_EDGE('',*,*,#940,.F.);
#1407=ORIENTED_EDGE('',*,*,#1055,.T.);
#1408=ORIENTED_EDGE('',*,*,#908,.F.);
#1409=ORIENTED_EDGE('',*,*,#1056,.T.);
#1410=ORIENTED_EDGE('',*,*,#984,.F.);
#1411=ORIENTED_EDGE('',*,*,#1057,.T.);
#1412=ORIENTED_EDGE('',*,*,#929,.F.);
#1413=ORIENTED_EDGE('',*,*,#1037,.F.);
#1414=ORIENTED_EDGE('',*,*,#919,.F.);
#1415=ORIENTED_EDGE('',*,*,#1033,.F.);
#1416=ORIENTED_EDGE('',*,*,#941,.F.);
#1417=ORIENTED_EDGE('',*,*,#1054,.F.);
#1418=ORIENTED_EDGE('',*,*,#1009,.F.);
#1419=ORIENTED_EDGE('',*,*,#841,.F.);
#1420=ORIENTED_EDGE('',*,*,#1011,.F.);
#1421=ORIENTED_EDGE('',*,*,#1055,.F.);
#1422=ORIENTED_EDGE('',*,*,#939,.F.);
#1423=ORIENTED_EDGE('',*,*,#860,.F.);
#1424=ORIENTED_EDGE('',*,*,#1012,.F.);
#1425=ORIENTED_EDGE('',*,*,#862,.F.);
#1426=ORIENTED_EDGE('',*,*,#938,.F.);
#1427=ORIENTED_EDGE('',*,*,#1042,.F.);
#1428=ORIENTED_EDGE('',*,*,#1014,.F.);
#1429=ORIENTED_EDGE('',*,*,#1043,.F.);
#1430=ORIENTED_EDGE('',*,*,#936,.F.);
#1431=ORIENTED_EDGE('',*,*,#1044,.F.);
#1432=ORIENTED_EDGE('',*,*,#1016,.F.);
#1433=ORIENTED_EDGE('',*,*,#1045,.F.);
#1434=ORIENTED_EDGE('',*,*,#934,.F.);
#1435=ORIENTED_EDGE('',*,*,#1046,.F.);
#1436=ORIENTED_EDGE('',*,*,#1018,.F.);
#1437=ORIENTED_EDGE('',*,*,#1047,.F.);
#1438=ORIENTED_EDGE('',*,*,#932,.F.);
#1439=ORIENTED_EDGE('',*,*,#852,.F.);
#1440=ORIENTED_EDGE('',*,*,#1019,.F.);
#1441=ORIENTED_EDGE('',*,*,#854,.F.);
#1442=ORIENTED_EDGE('',*,*,#931,.F.);
#1443=ORIENTED_EDGE('',*,*,#1036,.F.);
#1444=ORIENTED_EDGE('',*,*,#917,.F.);
#1445=ORIENTED_EDGE('',*,*,#856,.F.);
#1446=ORIENTED_EDGE('',*,*,#975,.F.);
#1447=ORIENTED_EDGE('',*,*,#1034,.F.);
#1448=ORIENTED_EDGE('',*,*,#916,.F.);
#1449=ORIENTED_EDGE('',*,*,#1048,.F.);
#1450=ORIENTED_EDGE('',*,*,#976,.F.);
#1451=ORIENTED_EDGE('',*,*,#858,.F.);
#1452=ORIENTED_EDGE('',*,*,#914,.F.);
#1453=ORIENTED_EDGE('',*,*,#1050,.F.);
#1454=ORIENTED_EDGE('',*,*,#978,.F.);
#1455=ORIENTED_EDGE('',*,*,#1049,.F.);
#1456=ORIENTED_EDGE('',*,*,#912,.F.);
#1457=ORIENTED_EDGE('',*,*,#1052,.F.);
#1458=ORIENTED_EDGE('',*,*,#980,.F.);
#1459=ORIENTED_EDGE('',*,*,#1051,.F.);
#1460=ORIENTED_EDGE('',*,*,#985,.F.);
#1461=ORIENTED_EDGE('',*,*,#1056,.F.);
#1462=ORIENTED_EDGE('',*,*,#907,.F.);
#1463=ORIENTED_EDGE('',*,*,#837,.F.);
#1464=ORIENTED_EDGE('',*,*,#909,.F.);
#1465=ORIENTED_EDGE('',*,*,#1057,.F.);
#1466=ORIENTED_EDGE('',*,*,#983,.F.);
#1467=ORIENTED_EDGE('',*,*,#893,.F.);
#1468=ORIENTED_EDGE('',*,*,#910,.F.);
#1469=ORIENTED_EDGE('',*,*,#895,.F.);
#1470=ORIENTED_EDGE('',*,*,#982,.F.);
#1471=ORIENTED_EDGE('',*,*,#1053,.F.);
#1472=ORIENTED_EDGE('',*,*,#1003,.T.);
#1473=ORIENTED_EDGE('',*,*,#1058,.T.);
#1474=ORIENTED_EDGE('',*,*,#924,.T.);
#1475=ORIENTED_EDGE('',*,*,#1059,.T.);
#1476=ORIENTED_EDGE('',*,*,#901,.T.);
#1477=ORIENTED_EDGE('',*,*,#1060,.T.);
#1478=ORIENTED_EDGE('',*,*,#970,.T.);
#1479=ORIENTED_EDGE('',*,*,#1061,.T.);
#1480=ORIENTED_EDGE('',*,*,#1005,.T.);
#1481=ORIENTED_EDGE('',*,*,#1062,.T.);
#1482=ORIENTED_EDGE('',*,*,#945,.T.);
#1483=ORIENTED_EDGE('',*,*,#1063,.T.);
#1484=ORIENTED_EDGE('',*,*,#903,.T.);
#1485=ORIENTED_EDGE('',*,*,#1064,.T.);
#1486=ORIENTED_EDGE('',*,*,#989,.T.);
#1487=ORIENTED_EDGE('',*,*,#1065,.T.);
#1488=ORIENTED_EDGE('',*,*,#972,.F.);
#1489=ORIENTED_EDGE('',*,*,#1066,.T.);
#1490=ORIENTED_EDGE('',*,*,#899,.F.);
#1491=ORIENTED_EDGE('',*,*,#890,.F.);
#1492=ORIENTED_EDGE('',*,*,#842,.T.);
#1493=ORIENTED_EDGE('',*,*,#926,.F.);
#1494=ORIENTED_EDGE('',*,*,#1067,.T.);
#1495=ORIENTED_EDGE('',*,*,#1001,.F.);
#1496=ORIENTED_EDGE('',*,*,#845,.T.);
#1497=ORIENTED_EDGE('',*,*,#897,.F.);
#1498=ORIENTED_EDGE('',*,*,#905,.F.);
#1499=ORIENTED_EDGE('',*,*,#1068,.T.);
#1500=ORIENTED_EDGE('',*,*,#987,.F.);
#1501=ORIENTED_EDGE('',*,*,#1069,.T.);
#1502=ORIENTED_EDGE('',*,*,#1007,.F.);
#1503=ORIENTED_EDGE('',*,*,#1070,.T.);
#1504=ORIENTED_EDGE('',*,*,#943,.F.);
#1505=ORIENTED_EDGE('',*,*,#1071,.T.);
#1506=ORIENTED_EDGE('',*,*,#942,.F.);
#1507=ORIENTED_EDGE('',*,*,#839,.F.);
#1508=ORIENTED_EDGE('',*,*,#1008,.F.);
#1509=ORIENTED_EDGE('',*,*,#1071,.F.);
#1510=ORIENTED_EDGE('',*,*,#986,.F.);
#1511=ORIENTED_EDGE('',*,*,#835,.F.);
#1512=ORIENTED_EDGE('',*,*,#906,.F.);
#1513=ORIENTED_EDGE('',*,*,#1069,.F.);
#1514=ORIENTED_EDGE('',*,*,#900,.F.);
#1515=ORIENTED_EDGE('',*,*,#1066,.F.);
#1516=ORIENTED_EDGE('',*,*,#971,.F.);
#1517=ORIENTED_EDGE('',*,*,#1060,.F.);
#1518=ORIENTED_EDGE('',*,*,#1002,.F.);
#1519=ORIENTED_EDGE('',*,*,#1067,.F.);
#1520=ORIENTED_EDGE('',*,*,#925,.F.);
#1521=ORIENTED_EDGE('',*,*,#1058,.F.);
#1522=ORIENTED_EDGE('',*,*,#902,.F.);
#1523=ORIENTED_EDGE('',*,*,#1061,.F.);
#1524=ORIENTED_EDGE('',*,*,#990,.F.);
#1525=ORIENTED_EDGE('',*,*,#1064,.F.);
#1526=ORIENTED_EDGE('',*,*,#988,.F.);
#1527=ORIENTED_EDGE('',*,*,#1068,.F.);
#1528=ORIENTED_EDGE('',*,*,#904,.F.);
#1529=ORIENTED_EDGE('',*,*,#1065,.F.);
#1530=ORIENTED_EDGE('',*,*,#1004,.F.);
#1531=ORIENTED_EDGE('',*,*,#1059,.F.);
#1532=ORIENTED_EDGE('',*,*,#946,.F.);
#1533=ORIENTED_EDGE('',*,*,#1062,.F.);
#1534=ORIENTED_EDGE('',*,*,#944,.F.);
#1535=ORIENTED_EDGE('',*,*,#1070,.F.);
#1536=ORIENTED_EDGE('',*,*,#1006,.F.);
#1537=ORIENTED_EDGE('',*,*,#1063,.F.);
#1538=ORIENTED_EDGE('',*,*,#1027,.F.);
#1539=ORIENTED_EDGE('',*,*,#1072,.T.);
#1540=ORIENTED_EDGE('',*,*,#996,.F.);
#1541=ORIENTED_EDGE('',*,*,#1073,.T.);
#1542=ORIENTED_EDGE('',*,*,#998,.F.);
#1543=ORIENTED_EDGE('',*,*,#1074,.T.);
#1544=ORIENTED_EDGE('',*,*,#1025,.F.);
#1545=ORIENTED_EDGE('',*,*,#1075,.T.);
#1546=ORIENTED_EDGE('',*,*,#1023,.F.);
#1547=ORIENTED_EDGE('',*,*,#1076,.T.);
#1548=ORIENTED_EDGE('',*,*,#992,.F.);
#1549=ORIENTED_EDGE('',*,*,#1077,.T.);
#1550=ORIENTED_EDGE('',*,*,#1029,.F.);
#1551=ORIENTED_EDGE('',*,*,#1078,.T.);
#1552=ORIENTED_EDGE('',*,*,#994,.F.);
#1553=ORIENTED_EDGE('',*,*,#1079,.T.);
#1554=ORIENTED_EDGE('',*,*,#997,.F.);
#1555=ORIENTED_EDGE('',*,*,#1072,.F.);
#1556=ORIENTED_EDGE('',*,*,#1026,.F.);
#1557=ORIENTED_EDGE('',*,*,#1074,.F.);
#1558=ORIENTED_EDGE('',*,*,#995,.F.);
#1559=ORIENTED_EDGE('',*,*,#1078,.F.);
#1560=ORIENTED_EDGE('',*,*,#1028,.F.);
#1561=ORIENTED_EDGE('',*,*,#1073,.F.);
#1562=ORIENTED_EDGE('',*,*,#993,.F.);
#1563=ORIENTED_EDGE('',*,*,#1076,.F.);
#1564=ORIENTED_EDGE('',*,*,#1030,.F.);
#1565=ORIENTED_EDGE('',*,*,#1079,.F.);
#1566=ORIENTED_EDGE('',*,*,#999,.F.);
#1567=ORIENTED_EDGE('',*,*,#1075,.F.);
#1568=ORIENTED_EDGE('',*,*,#1024,.F.);
#1569=ORIENTED_EDGE('',*,*,#1077,.F.);
#1570=ORIENTED_EDGE('',*,*,#1022,.F.);
#1571=ORIENTED_EDGE('',*,*,#1080,.T.);
#1572=ORIENTED_EDGE('',*,*,#949,.T.);
#1573=ORIENTED_EDGE('',*,*,#1080,.F.);
#1574=ORIENTED_EDGE('',*,*,#922,.T.);
#1575=ORIENTED_EDGE('',*,*,#1081,.T.);
#1576=ORIENTED_EDGE('',*,*,#991,.F.);
#1577=ORIENTED_EDGE('',*,*,#1081,.F.);
#1578=PLANE('',#1727);
#1579=PLANE('',#1728);
#1580=PLANE('',#1729);
#1581=PLANE('',#1732);
#1582=PLANE('',#1733);
#1583=PLANE('',#1734);
#1584=PLANE('',#1736);
#1585=PLANE('',#1742);
#1586=PLANE('',#1744);
#1587=PLANE('',#1751);
#1588=PLANE('',#1753);
#1589=PLANE('',#1755);
#1590=PLANE('',#1756);
#1591=PLANE('',#1758);
#1592=PLANE('',#1773);
#1593=PLANE('',#1795);
#1594=PLANE('',#1797);
#1595=PLANE('',#1798);
#1596=PLANE('',#1807);
#1597=PLANE('',#1810);
#1598=PLANE('',#1828);
#1599=PLANE('',#1846);
#1600=PLANE('',#1847);
#1601=PLANE('',#1848);
#1602=PLANE('',#1851);
#1603=PLANE('',#1852);
#1604=PLANE('',#1855);
#1605=PLANE('',#1856);
#1606=PLANE('',#1857);
#1607=PLANE('',#1858);
#1608=PLANE('',#1859);
#1609=PLANE('',#1860);
#1610=PLANE('',#1861);
#1611=PLANE('',#1862);
#1612=PLANE('',#1878);
#1613=PLANE('',#1879);
#1614=PLANE('',#1880);
#1615=PLANE('',#1881);
#1616=PLANE('',#1882);
#1617=PLANE('',#1883);
#1618=PLANE('',#1884);
#1619=PLANE('',#1885);
#1620=PLANE('',#1894);
#1621=PLANE('',#1895);
#1622=PLANE('',#1896);
#1623=PLANE('',#1897);
#1624=ADVANCED_FACE('',(#173),#1578,.F.);
#1625=ADVANCED_FACE('',(#174),#1579,.F.);
#1626=ADVANCED_FACE('',(#175),#1580,.F.);
#1627=ADVANCED_FACE('',(#176),#1581,.F.);
#1628=ADVANCED_FACE('',(#177),#1582,.F.);
#1629=ADVANCED_FACE('',(#178),#1583,.F.);
#1630=ADVANCED_FACE('',(#179),#40,.F.);
#1631=ADVANCED_FACE('',(#180),#1584,.F.);
#1632=ADVANCED_FACE('',(#181),#41,.F.);
#1633=ADVANCED_FACE('',(#182),#1585,.F.);
#1634=ADVANCED_FACE('',(#183),#1586,.F.);
#1635=ADVANCED_FACE('',(#184),#42,.F.);
#1636=ADVANCED_FACE('',(#185),#43,.T.);
#1637=ADVANCED_FACE('',(#186),#1587,.F.);
#1638=ADVANCED_FACE('',(#187),#1588,.F.);
#1639=ADVANCED_FACE('',(#188),#1589,.F.);
#1640=ADVANCED_FACE('',(#189),#1590,.F.);
#1641=ADVANCED_FACE('',(#190,#16,#17,#18),#1591,.F.);
#1642=ADVANCED_FACE('',(#191,#19,#20,#21),#1592,.T.);
#1643=ADVANCED_FACE('',(#192),#44,.F.);
#1644=ADVANCED_FACE('',(#193),#15,.T.);
#1645=ADVANCED_FACE('',(#194),#45,.T.);
#1646=ADVANCED_FACE('',(#195,#22),#1593,.T.);
#1647=ADVANCED_FACE('',(#196,#23),#1594,.F.);
#1648=ADVANCED_FACE('',(#197,#24),#1595,.T.);
#1649=ADVANCED_FACE('',(#198),#46,.T.);
#1650=ADVANCED_FACE('',(#199),#47,.F.);
#1651=ADVANCED_FACE('',(#200),#48,.F.);
#1652=ADVANCED_FACE('',(#201),#1596,.F.);
#1653=ADVANCED_FACE('',(#202),#49,.F.);
#1654=ADVANCED_FACE('',(#203,#25,#26,#27,#28),#1597,.F.);
#1655=ADVANCED_FACE('',(#204,#29,#30,#31,#32),#1598,.F.);
#1656=ADVANCED_FACE('',(#205),#1599,.F.);
#1657=ADVANCED_FACE('',(#206),#1600,.T.);
#1658=ADVANCED_FACE('',(#207),#1601,.T.);
#1659=ADVANCED_FACE('',(#208),#50,.F.);
#1660=ADVANCED_FACE('',(#209,#33),#1602,.F.);
#1661=ADVANCED_FACE('',(#210),#1603,.F.);
#1662=ADVANCED_FACE('',(#211),#51,.F.);
#1663=ADVANCED_FACE('',(#212),#52,.F.);
#1664=ADVANCED_FACE('',(#213),#1604,.F.);
#1665=ADVANCED_FACE('',(#214),#1605,.F.);
#1666=ADVANCED_FACE('',(#215),#1606,.F.);
#1667=ADVANCED_FACE('',(#216),#1607,.F.);
#1668=ADVANCED_FACE('',(#217),#1608,.F.);
#1669=ADVANCED_FACE('',(#218),#1609,.F.);
#1670=ADVANCED_FACE('',(#219),#1610,.F.);
#1671=ADVANCED_FACE('',(#220),#1611,.F.);
#1672=ADVANCED_FACE('',(#221),#53,.T.);
#1673=ADVANCED_FACE('',(#222),#54,.T.);
#1674=ADVANCED_FACE('',(#223),#55,.T.);
#1675=ADVANCED_FACE('',(#224),#56,.T.);
#1676=ADVANCED_FACE('',(#225),#57,.F.);
#1677=ADVANCED_FACE('',(#226),#58,.F.);
#1678=ADVANCED_FACE('',(#227),#59,.T.);
#1679=ADVANCED_FACE('',(#228),#60,.T.);
#1680=ADVANCED_FACE('',(#229),#61,.T.);
#1681=ADVANCED_FACE('',(#230),#62,.T.);
#1682=ADVANCED_FACE('',(#231),#63,.F.);
#1683=ADVANCED_FACE('',(#232),#64,.F.);
#1684=ADVANCED_FACE('',(#233),#65,.T.);
#1685=ADVANCED_FACE('',(#234),#66,.T.);
#1686=ADVANCED_FACE('',(#235),#67,.T.);
#1687=ADVANCED_FACE('',(#236),#1612,.T.);
#1688=ADVANCED_FACE('',(#237),#1613,.T.);
#1689=ADVANCED_FACE('',(#238),#1614,.F.);
#1690=ADVANCED_FACE('',(#239),#1615,.F.);
#1691=ADVANCED_FACE('',(#240),#1616,.T.);
#1692=ADVANCED_FACE('',(#241),#1617,.T.);
#1693=ADVANCED_FACE('',(#242),#1618,.F.);
#1694=ADVANCED_FACE('',(#243),#1619,.F.);
#1695=ADVANCED_FACE('',(#244),#68,.F.);
#1696=ADVANCED_FACE('',(#245),#69,.F.);
#1697=ADVANCED_FACE('',(#246),#70,.T.);
#1698=ADVANCED_FACE('',(#247),#71,.T.);
#1699=ADVANCED_FACE('',(#248),#72,.T.);
#1700=ADVANCED_FACE('',(#249),#73,.T.);
#1701=ADVANCED_FACE('',(#250),#74,.T.);
#1702=ADVANCED_FACE('',(#251),#75,.T.);
#1703=ADVANCED_FACE('',(#252),#1620,.T.);
#1704=ADVANCED_FACE('',(#253),#1621,.T.);
#1705=ADVANCED_FACE('',(#254),#1622,.T.);
#1706=ADVANCED_FACE('',(#255),#1623,.T.);
#1707=ADVANCED_FACE('',(#256),#76,.T.);
#1708=ADVANCED_FACE('',(#257),#77,.T.);
#1709=ADVANCED_FACE('',(#258),#78,.T.);
#1710=ADVANCED_FACE('',(#259),#79,.T.);
#1711=ADVANCED_FACE('',(#260),#80,.F.);
#1712=ADVANCED_FACE('',(#261),#81,.F.);
#1713=CLOSED_SHELL('',(#1624,#1625,#1626,#1627,#1628,#1629,#1630,#1631,
#1632,#1633,#1634,#1635,#1636,#1637,#1638,#1639,#1640,#1641,#1642,#1643,
#1644,#1645,#1646,#1647,#1648,#1649,#1650,#1651,#1652,#1653,#1654,#1655,
#1656,#1657,#1658,#1659,#1660,#1661,#1662,#1663,#1664,#1665,#1666,#1667,
#1668,#1669,#1670,#1671,#1672,#1673,#1674,#1675,#1676,#1677,#1678,#1679,
#1680,#1681,#1682,#1683,#1684,#1685,#1686,#1687,#1688,#1689,#1690,#1691,
#1692,#1693,#1694,#1695,#1696,#1697,#1698,#1699,#1700,#1701,#1702,#1703,
#1704,#1705,#1706,#1707,#1708,#1709,#1710,#1711,#1712));
#1714=DERIVED_UNIT_ELEMENT(#1716,1.);
#1715=DERIVED_UNIT_ELEMENT(#2963,-3.);
#1716=(
MASS_UNIT()
NAMED_UNIT(*)
SI_UNIT(.KILO.,.GRAM.)
);
#1717=DERIVED_UNIT((#1714,#1715));
#1718=MEASURE_REPRESENTATION_ITEM('density measure',
POSITIVE_RATIO_MEASURE(1420.),#1717);
#1719=PROPERTY_DEFINITION_REPRESENTATION(#1724,#1721);
#1720=PROPERTY_DEFINITION_REPRESENTATION(#1725,#1722);
#1721=REPRESENTATION('material name',(#1723),#2960);
#1722=REPRESENTATION('density',(#1718),#2960);
#1723=DESCRIPTIVE_REPRESENTATION_ITEM('PET','PET');
#1724=PROPERTY_DEFINITION('material property','material name',#2970);
#1725=PROPERTY_DEFINITION('material property','density of part',#2970);
#1726=AXIS2_PLACEMENT_3D('',#2411,#1904,#1905);
#1727=AXIS2_PLACEMENT_3D('',#2412,#1906,#1907);
#1728=AXIS2_PLACEMENT_3D('',#2421,#1912,#1913);
#1729=AXIS2_PLACEMENT_3D('',#2430,#1918,#1919);
#1730=AXIS2_PLACEMENT_3D('',#2447,#1923,#1924);
#1731=AXIS2_PLACEMENT_3D('',#2451,#1926,#1927);
#1732=AXIS2_PLACEMENT_3D('',#2453,#1929,#1930);
#1733=AXIS2_PLACEMENT_3D('',#2462,#1935,#1936);
#1734=AXIS2_PLACEMENT_3D('',#2471,#1941,#1942);
#1735=AXIS2_PLACEMENT_3D('',#2480,#1947,#1948);
#1736=AXIS2_PLACEMENT_3D('',#2495,#1951,#1952);
#1737=AXIS2_PLACEMENT_3D('',#2500,#1954,#1955);
#1738=AXIS2_PLACEMENT_3D('',#2502,#1956,#1957);
#1739=AXIS2_PLACEMENT_3D('',#2506,#1960,#1961);
#1740=AXIS2_PLACEMENT_3D('',#2521,#1963,#1964);
#1741=AXIS2_PLACEMENT_3D('',#2522,#1965,#1966);
#1742=AXIS2_PLACEMENT_3D('',#2523,#1967,#1968);
#1743=AXIS2_PLACEMENT_3D('',#2529,#1971,#1972);
#1744=AXIS2_PLACEMENT_3D('',#2530,#1973,#1974);
#1745=AXIS2_PLACEMENT_3D('',#2536,#1976,#1977);
#1746=AXIS2_PLACEMENT_3D('',#2538,#1978,#1979);
#1747=AXIS2_PLACEMENT_3D('',#2541,#1981,#1982);
#1748=AXIS2_PLACEMENT_3D('',#2542,#1983,#1984);
#1749=AXIS2_PLACEMENT_3D('',#2544,#1985,#1986);
#1750=AXIS2_PLACEMENT_3D('',#2547,#1988,#1989);
#1751=AXIS2_PLACEMENT_3D('',#2548,#1990,#1991);
#1752=AXIS2_PLACEMENT_3D('',#2550,#1992,#1993);
#1753=AXIS2_PLACEMENT_3D('',#2554,#1996,#1997);
#1754=AXIS2_PLACEMENT_3D('',#2556,#1998,#1999);
#1755=AXIS2_PLACEMENT_3D('',#2560,#2002,#2003);
#1756=AXIS2_PLACEMENT_3D('',#2569,#2008,#2009);
#1757=AXIS2_PLACEMENT_3D('',#2574,#2012,#2013);
#1758=AXIS2_PLACEMENT_3D('',#2575,#2014,#2015);
#1759=AXIS2_PLACEMENT_3D('',#2579,#2017,#2018);
#1760=AXIS2_PLACEMENT_3D('',#2583,#2020,#2021);
#1761=AXIS2_PLACEMENT_3D('',#2587,#2023,#2024);
#1762=AXIS2_PLACEMENT_3D('',#2590,#2026,#2027);
#1763=AXIS2_PLACEMENT_3D('',#2592,#2028,#2029);
#1764=AXIS2_PLACEMENT_3D('',#2595,#2031,#2032);
#1765=AXIS2_PLACEMENT_3D('',#2597,#2033,#2034);
#1766=AXIS2_PLACEMENT_3D('',#2601,#2036,#2037);
#1767=AXIS2_PLACEMENT_3D('',#2605,#2039,#2040);
#1768=AXIS2_PLACEMENT_3D('',#2608,#2042,#2043);
#1769=AXIS2_PLACEMENT_3D('',#2610,#2044,#2045);
#1770=AXIS2_PLACEMENT_3D('',#2614,#2047,#2048);
#1771=AXIS2_PLACEMENT_3D('',#2620,#2050,#2051);
#1772=AXIS2_PLACEMENT_3D('',#2622,#2052,#2053);
#1773=AXIS2_PLACEMENT_3D('',#2623,#2054,#2055);
#1774=AXIS2_PLACEMENT_3D('',#2628,#2057,#2058);
#1775=AXIS2_PLACEMENT_3D('',#2636,#2061,#2062);
#1776=AXIS2_PLACEMENT_3D('',#2639,#2064,#2065);
#1777=AXIS2_PLACEMENT_3D('',#2641,#2066,#2067);
#1778=AXIS2_PLACEMENT_3D('',#2645,#2069,#2070);
#1779=AXIS2_PLACEMENT_3D('',#2649,#2072,#2073);
#1780=AXIS2_PLACEMENT_3D('',#2652,#2075,#2076);
#1781=AXIS2_PLACEMENT_3D('',#2654,#2077,#2078);
#1782=AXIS2_PLACEMENT_3D('',#2657,#2080,#2081);
#1783=AXIS2_PLACEMENT_3D('',#2659,#2082,#2083);
#1784=AXIS2_PLACEMENT_3D('',#2663,#2085,#2086);
#1785=AXIS2_PLACEMENT_3D('',#2666,#2088,#2089);
#1786=AXIS2_PLACEMENT_3D('',#2668,#2090,#2091);
#1787=AXIS2_PLACEMENT_3D('',#2670,#2092,#2093);
#1788=AXIS2_PLACEMENT_3D('',#2672,#2094,#2095);
#1789=AXIS2_PLACEMENT_3D('',#2673,#2096,#2097);
#1790=AXIS2_PLACEMENT_3D('',#2676,#2099,#2100);
#1791=AXIS2_PLACEMENT_3D('',#2677,#2101,#2102);
#1792=AXIS2_PLACEMENT_3D('',#2679,#2104,#2105);
#1793=AXIS2_PLACEMENT_3D('',#2681,#2106,#2107);
#1794=AXIS2_PLACEMENT_3D('',#2684,#2109,#2110);
#1795=AXIS2_PLACEMENT_3D('',#2685,#2111,#2112);
#1796=AXIS2_PLACEMENT_3D('',#2687,#2113,#2114);
#1797=AXIS2_PLACEMENT_3D('',#2688,#2115,#2116);
#1798=AXIS2_PLACEMENT_3D('',#2689,#2117,#2118);
#1799=AXIS2_PLACEMENT_3D('',#2691,#2119,#2120);
#1800=AXIS2_PLACEMENT_3D('',#2693,#2121,#2122);
#1801=AXIS2_PLACEMENT_3D('',#2694,#2123,#2124);
#1802=AXIS2_PLACEMENT_3D('',#2696,#2126,#2127);
#1803=AXIS2_PLACEMENT_3D('',#2698,#2128,#2129);
#1804=AXIS2_PLACEMENT_3D('',#2700,#2131,#2132);
#1805=AXIS2_PLACEMENT_3D('',#2714,#2134,#2135);
#1806=AXIS2_PLACEMENT_3D('',#2715,#2136,#2137);
#1807=AXIS2_PLACEMENT_3D('',#2716,#2138,#2139);
#1808=AXIS2_PLACEMENT_3D('',#2719,#2141,#2142);
#1809=AXIS2_PLACEMENT_3D('',#2720,#2143,#2144);
#1810=AXIS2_PLACEMENT_3D('',#2732,#2146,#2147);
#1811=AXIS2_PLACEMENT_3D('',#2737,#2149,#2150);
#1812=AXIS2_PLACEMENT_3D('',#2743,#2154,#2155);
#1813=AXIS2_PLACEMENT_3D('',#2745,#2156,#2157);
#1814=AXIS2_PLACEMENT_3D('',#2749,#2159,#2160);
#1815=AXIS2_PLACEMENT_3D('',#2753,#2162,#2163);
#1816=AXIS2_PLACEMENT_3D('',#2756,#2165,#2166);
#1817=AXIS2_PLACEMENT_3D('',#2758,#2167,#2168);
#1818=AXIS2_PLACEMENT_3D('',#2761,#2170,#2171);
#1819=AXIS2_PLACEMENT_3D('',#2763,#2172,#2173);
#1820=AXIS2_PLACEMENT_3D('',#2767,#2175,#2176);
#1821=AXIS2_PLACEMENT_3D('',#2770,#2178,#2179);
#1822=AXIS2_PLACEMENT_3D('',#2772,#2180,#2181);
#1823=AXIS2_PLACEMENT_3D('',#2777,#2183,#2184);
#1824=AXIS2_PLACEMENT_3D('',#2781,#2186,#2187);
#1825=AXIS2_PLACEMENT_3D('',#2785,#2189,#2190);
#1826=AXIS2_PLACEMENT_3D('',#2788,#2192,#2193);
#1827=AXIS2_PLACEMENT_3D('',#2790,#2194,#2195);
#1828=AXIS2_PLACEMENT_3D('',#2791,#2196,#2197);
#1829=AXIS2_PLACEMENT_3D('',#2795,#2199,#2200);
#1830=AXIS2_PLACEMENT_3D('',#2799,#2202,#2203);
#1831=AXIS2_PLACEMENT_3D('',#2803,#2205,#2206);
#1832=AXIS2_PLACEMENT_3D('',#2806,#2208,#2209);
#1833=AXIS2_PLACEMENT_3D('',#2808,#2210,#2211);
#1834=AXIS2_PLACEMENT_3D('',#2811,#2213,#2214);
#1835=AXIS2_PLACEMENT_3D('',#2813,#2215,#2216);
#1836=AXIS2_PLACEMENT_3D('',#2817,#2218,#2219);
#1837=AXIS2_PLACEMENT_3D('',#2821,#2221,#2222);
#1838=AXIS2_PLACEMENT_3D('',#2824,#2224,#2225);
#1839=AXIS2_PLACEMENT_3D('',#2826,#2226,#2227);
#1840=AXIS2_PLACEMENT_3D('',#2831,#2230,#2231);
#1841=AXIS2_PLACEMENT_3D('',#2836,#2233,#2234);
#1842=AXIS2_PLACEMENT_3D('',#2840,#2236,#2237);
#1843=AXIS2_PLACEMENT_3D('',#2844,#2239,#2240);
#1844=AXIS2_PLACEMENT_3D('',#2847,#2242,#2243);
#1845=AXIS2_PLACEMENT_3D('',#2849,#2244,#2245);
#1846=AXIS2_PLACEMENT_3D('',#2850,#2246,#2247);
#1847=AXIS2_PLACEMENT_3D('',#2852,#2249,#2250);
#1848=AXIS2_PLACEMENT_3D('',#2857,#2255,#2256);
#1849=AXIS2_PLACEMENT_3D('',#2859,#2258,#2259);
#1850=AXIS2_PLACEMENT_3D('',#2862,#2261,#2262);
#1851=AXIS2_PLACEMENT_3D('',#2863,#2263,#2264);
#1852=AXIS2_PLACEMENT_3D('',#2864,#2265,#2266);
#1853=AXIS2_PLACEMENT_3D('',#2865,#2267,#2268);
#1854=AXIS2_PLACEMENT_3D('',#2867,#2270,#2271);
#1855=AXIS2_PLACEMENT_3D('',#2869,#2273,#2274);
#1856=AXIS2_PLACEMENT_3D('',#2872,#2277,#2278);
#1857=AXIS2_PLACEMENT_3D('',#2875,#2281,#2282);
#1858=AXIS2_PLACEMENT_3D('',#2878,#2285,#2286);
#1859=AXIS2_PLACEMENT_3D('',#2881,#2289,#2290);
#1860=AXIS2_PLACEMENT_3D('',#2884,#2293,#2294);
#1861=AXIS2_PLACEMENT_3D('',#2887,#2297,#2298);
#1862=AXIS2_PLACEMENT_3D('',#2890,#2301,#2302);
#1863=AXIS2_PLACEMENT_3D('',#2893,#2305,#2306);
#1864=AXIS2_PLACEMENT_3D('',#2894,#2307,#2308);
#1865=AXIS2_PLACEMENT_3D('',#2895,#2309,#2310);
#1866=AXIS2_PLACEMENT_3D('',#2896,#2311,#2312);
#1867=AXIS2_PLACEMENT_3D('',#2897,#2313,#2314);
#1868=AXIS2_PLACEMENT_3D('',#2898,#2315,#2316);
#1869=AXIS2_PLACEMENT_3D('',#2899,#2317,#2318);
#1870=AXIS2_PLACEMENT_3D('',#2900,#2319,#2320);
#1871=AXIS2_PLACEMENT_3D('',#2901,#2321,#2322);
#1872=AXIS2_PLACEMENT_3D('',#2902,#2323,#2324);
#1873=AXIS2_PLACEMENT_3D('',#2903,#2325,#2326);
#1874=AXIS2_PLACEMENT_3D('',#2904,#2327,#2328);
#1875=AXIS2_PLACEMENT_3D('',#2905,#2329,#2330);
#1876=AXIS2_PLACEMENT_3D('',#2906,#2331,#2332);
#1877=AXIS2_PLACEMENT_3D('',#2907,#2333,#2334);
#1878=AXIS2_PLACEMENT_3D('',#2908,#2335,#2336);
#1879=AXIS2_PLACEMENT_3D('',#2911,#2339,#2340);
#1880=AXIS2_PLACEMENT_3D('',#2914,#2343,#2344);
#1881=AXIS2_PLACEMENT_3D('',#2917,#2347,#2348);
#1882=AXIS2_PLACEMENT_3D('',#2920,#2351,#2352);
#1883=AXIS2_PLACEMENT_3D('',#2922,#2354,#2355);
#1884=AXIS2_PLACEMENT_3D('',#2924,#2357,#2358);
#1885=AXIS2_PLACEMENT_3D('',#2927,#2361,#2362);
#1886=AXIS2_PLACEMENT_3D('',#2930,#2365,#2366);
#1887=AXIS2_PLACEMENT_3D('',#2931,#2367,#2368);
#1888=AXIS2_PLACEMENT_3D('',#2932,#2369,#2370);
#1889=AXIS2_PLACEMENT_3D('',#2933,#2371,#2372);
#1890=AXIS2_PLACEMENT_3D('',#2934,#2373,#2374);
#1891=AXIS2_PLACEMENT_3D('',#2935,#2375,#2376);
#1892=AXIS2_PLACEMENT_3D('',#2936,#2377,#2378);
#1893=AXIS2_PLACEMENT_3D('',#2937,#2379,#2380);
#1894=AXIS2_PLACEMENT_3D('',#2938,#2381,#2382);
#1895=AXIS2_PLACEMENT_3D('',#2941,#2385,#2386);
#1896=AXIS2_PLACEMENT_3D('',#2944,#2389,#2390);
#1897=AXIS2_PLACEMENT_3D('',#2947,#2393,#2394);
#1898=AXIS2_PLACEMENT_3D('',#2950,#2397,#2398);
#1899=AXIS2_PLACEMENT_3D('',#2951,#2399,#2400);
#1900=AXIS2_PLACEMENT_3D('',#2952,#2401,#2402);
#1901=AXIS2_PLACEMENT_3D('',#2953,#2403,#2404);
#1902=AXIS2_PLACEMENT_3D('',#2954,#2405,#2406);
#1903=AXIS2_PLACEMENT_3D('',#2956,#2408,#2409);
#1904=DIRECTION('axis',(0.,0.,1.));
#1905=DIRECTION('refdir',(1.,0.,0.));
#1906=DIRECTION('center_axis',(1.,0.,0.));
#1907=DIRECTION('ref_axis',(0.,0.,-1.));
#1908=DIRECTION('',(0.,0.,1.));
#1909=DIRECTION('',(0.,-1.,0.));
#1910=DIRECTION('',(0.,0.,1.));
#1911=DIRECTION('',(0.,-1.,0.));
#1912=DIRECTION('center_axis',(1.,0.,0.));
#1913=DIRECTION('ref_axis',(0.,0.,-1.));
#1914=DIRECTION('',(0.,0.,1.));
#1915=DIRECTION('',(0.,-1.,0.));
#1916=DIRECTION('',(0.,0.,1.));
#1917=DIRECTION('',(0.,-1.,0.));
#1918=DIRECTION('center_axis',(0.,0.,1.));
#1919=DIRECTION('ref_axis',(1.,0.,0.));
#1920=DIRECTION('',(0.,-1.,0.));
#1921=DIRECTION('',(0.,-1.,0.));
#1922=DIRECTION('',(1.,-1.8503717077086E-16,0.));
#1923=DIRECTION('center_axis',(0.,0.,1.));
#1924=DIRECTION('ref_axis',(1.,0.,0.));
#1925=DIRECTION('',(0.,1.,0.));
#1926=DIRECTION('center_axis',(0.,0.,1.));
#1927=DIRECTION('ref_axis',(1.,0.,0.));
#1928=DIRECTION('',(-1.,0.,0.));
#1929=DIRECTION('center_axis',(1.,0.,0.));
#1930=DIRECTION('ref_axis',(0.,0.,-1.));
#1931=DIRECTION('',(0.,0.,1.));
#1932=DIRECTION('',(0.,-1.,0.));
#1933=DIRECTION('',(0.,0.,1.));
#1934=DIRECTION('',(0.,-1.,0.));
#1935=DIRECTION('center_axis',(1.,0.,0.));
#1936=DIRECTION('ref_axis',(0.,0.,-1.));
#1937=DIRECTION('',(0.,0.,1.));
#1938=DIRECTION('',(0.,-1.,0.));
#1939=DIRECTION('',(0.,0.,1.));
#1940=DIRECTION('',(0.,-1.,0.));
#1941=DIRECTION('center_axis',(1.,0.,0.));
#1942=DIRECTION('ref_axis',(0.,0.,-1.));
#1943=DIRECTION('',(0.,0.,1.));
#1944=DIRECTION('',(0.,1.,0.));
#1945=DIRECTION('',(0.,0.,1.));
#1946=DIRECTION('',(0.,-1.,0.));
#1947=DIRECTION('center_axis',(0.,0.,1.));
#1948=DIRECTION('ref_axis',(1.,0.,0.));
#1949=DIRECTION('',(0.,0.,1.));
#1950=DIRECTION('',(0.,0.,1.));
#1951=DIRECTION('center_axis',(1.,0.,0.));
#1952=DIRECTION('ref_axis',(0.,0.,-1.));
#1953=DIRECTION('',(0.,0.,1.));
#1954=DIRECTION('center_axis',(1.,0.,0.));
#1955=DIRECTION('ref_axis',(0.,0.,-1.));
#1956=DIRECTION('center_axis',(1.,0.,0.));
#1957=DIRECTION('ref_axis',(0.,0.,-1.));
#1958=DIRECTION('',(0.,0.,1.));
#1959=DIRECTION('',(0.,-1.,0.));
#1960=DIRECTION('center_axis',(0.,0.,1.));
#1961=DIRECTION('ref_axis',(1.,0.,0.));
#1962=DIRECTION('',(0.,0.,1.));
#1963=DIRECTION('center_axis',(0.976644466705089,0.,0.214861782675126));
#1964=DIRECTION('ref_axis',(-0.214861782675126,0.,0.976644466705089));
#1965=DIRECTION('center_axis',(0.,0.,-1.));
#1966=DIRECTION('ref_axis',(-1.,0.,0.));
#1967=DIRECTION('center_axis',(-1.,0.,2.89120579329468E-16));
#1968=DIRECTION('ref_axis',(2.89120579329468E-16,0.,1.));
#1969=DIRECTION('',(0.,0.,-1.));
#1970=DIRECTION('',(0.,-1.,0.));
#1971=DIRECTION('center_axis',(-1.,0.,2.89120579329468E-16));
#1972=DIRECTION('ref_axis',(2.89120579329468E-16,0.,1.));
#1973=DIRECTION('center_axis',(0.,0.,-1.));
#1974=DIRECTION('ref_axis',(-1.,0.,0.));
#1975=DIRECTION('',(-2.46716227694477E-16,1.,0.));
#1976=DIRECTION('center_axis',(0.,1.,0.));
#1977=DIRECTION('ref_axis',(0.,0.,1.));
#1978=DIRECTION('center_axis',(0.,1.,0.));
#1979=DIRECTION('ref_axis',(0.,0.,1.));
#1980=DIRECTION('',(0.,1.,0.));
#1981=DIRECTION('center_axis',(0.,-1.,0.));
#1982=DIRECTION('ref_axis',(0.,0.,-1.));
#1983=DIRECTION('center_axis',(-1.,0.,0.));
#1984=DIRECTION('ref_axis',(0.,0.,1.));
#1985=DIRECTION('center_axis',(-1.,0.,0.));
#1986=DIRECTION('ref_axis',(0.,0.,1.));
#1987=DIRECTION('',(1.,0.,0.));
#1988=DIRECTION('center_axis',(1.,0.,0.));
#1989=DIRECTION('ref_axis',(0.,0.,-1.));
#1990=DIRECTION('center_axis',(-1.,0.,2.89120579329468E-16));
#1991=DIRECTION('ref_axis',(2.89120579329468E-16,0.,1.));
#1992=DIRECTION('center_axis',(-1.,0.,2.89120579329468E-16));
#1993=DIRECTION('ref_axis',(2.89120579329468E-16,0.,1.));
#1994=DIRECTION('',(0.,-1.,0.));
#1995=DIRECTION('',(0.,0.,-1.));
#1996=DIRECTION('center_axis',(-1.,0.,2.89120579329468E-16));
#1997=DIRECTION('ref_axis',(2.89120579329468E-16,0.,1.));
#1998=DIRECTION('center_axis',(-1.,0.,2.89120579329468E-16));
#1999=DIRECTION('ref_axis',(2.89120579329468E-16,0.,1.));
#2000=DIRECTION('',(0.,1.,0.));
#2001=DIRECTION('',(0.,0.,-1.));
#2002=DIRECTION('center_axis',(1.,0.,0.));
#2003=DIRECTION('ref_axis',(0.,0.,-1.));
#2004=DIRECTION('',(0.,0.,1.));
#2005=DIRECTION('',(0.,1.,0.));
#2006=DIRECTION('',(0.,0.,1.));
#2007=DIRECTION('',(0.,-1.,0.));
#2008=DIRECTION('center_axis',(-1.,0.,2.89120579329468E-16));
#2009=DIRECTION('ref_axis',(2.89120579329468E-16,0.,1.));
#2010=DIRECTION('',(0.,0.,-1.));
#2011=DIRECTION('',(0.,1.,0.));
#2012=DIRECTION('center_axis',(-1.,0.,2.89120579329468E-16));
#2013=DIRECTION('ref_axis',(2.89120579329468E-16,0.,1.));
#2014=DIRECTION('center_axis',(0.,-1.,0.));
#2015=DIRECTION('ref_axis',(0.,0.,-1.));
#2016=DIRECTION('',(-0.196116135138181,0.,-0.980580675690921));
#2017=DIRECTION('center_axis',(0.,-1.,0.));
#2018=DIRECTION('ref_axis',(0.,0.,-1.));
#2019=DIRECTION('',(1.,0.,0.));
#2020=DIRECTION('center_axis',(0.,-1.,0.));
#2021=DIRECTION('ref_axis',(0.,0.,-1.));
#2022=DIRECTION('',(0.,0.,-1.));
#2023=DIRECTION('center_axis',(0.,-1.,0.));
#2024=DIRECTION('ref_axis',(0.,0.,-1.));
#2025=DIRECTION('',(-0.957826285221152,0.,-0.287347885566342));
#2026=DIRECTION('center_axis',(0.,-1.,0.));
#2027=DIRECTION('ref_axis',(0.,0.,-1.));
#2028=DIRECTION('center_axis',(0.,-1.,0.));
#2029=DIRECTION('ref_axis',(0.,0.,-1.));
#2030=DIRECTION('',(0.707106781186548,0.,-0.707106781186547));
#2031=DIRECTION('center_axis',(0.,-1.,0.));
#2032=DIRECTION('ref_axis',(0.,0.,-1.));
#2033=DIRECTION('center_axis',(0.,-1.,0.));
#2034=DIRECTION('ref_axis',(0.,0.,-1.));
#2035=DIRECTION('',(-0.905458935958868,0.,-0.42443387623072));
#2036=DIRECTION('center_axis',(0.,-1.,0.));
#2037=DIRECTION('ref_axis',(0.,0.,-1.));
#2038=DIRECTION('',(-7.18249228749886E-17,0.,-1.));
#2039=DIRECTION('center_axis',(0.,-1.,0.));
#2040=DIRECTION('ref_axis',(0.,0.,-1.));
#2041=DIRECTION('',(0.905458935958868,0.,-0.42443387623072));
#2042=DIRECTION('center_axis',(0.,-1.,0.));
#2043=DIRECTION('ref_axis',(0.,0.,-1.));
#2044=DIRECTION('center_axis',(0.,-1.,0.));
#2045=DIRECTION('ref_axis',(0.,0.,-1.));
#2046=DIRECTION('',(-1.,0.,0.));
#2047=DIRECTION('center_axis',(0.,-1.,0.));
#2048=DIRECTION('ref_axis',(0.,0.,-1.));
#2049=DIRECTION('',(0.196116135138181,0.,-0.980580675690921));
#2050=DIRECTION('center_axis',(0.,-1.,0.));
#2051=DIRECTION('ref_axis',(0.,0.,-1.));
#2052=DIRECTION('center_axis',(0.,1.,0.));
#2053=DIRECTION('ref_axis',(0.,0.,1.));
#2054=DIRECTION('center_axis',(0.,-1.,0.));
#2055=DIRECTION('ref_axis',(0.,0.,-1.));
#2056=DIRECTION('',(-1.,1.22464679914735E-16,0.));
#2057=DIRECTION('center_axis',(0.,-1.,0.));
#2058=DIRECTION('ref_axis',(0.,0.,-1.));
#2059=DIRECTION('',(0.196116135138181,0.,0.980580675690921));
#2060=DIRECTION('',(-0.196116135138181,0.,0.980580675690921));
#2061=DIRECTION('center_axis',(0.,-1.,0.));
#2062=DIRECTION('ref_axis',(0.,0.,-1.));
#2063=DIRECTION('',(1.,0.,0.));
#2064=DIRECTION('center_axis',(0.,-1.,0.));
#2065=DIRECTION('ref_axis',(0.,0.,-1.));
#2066=DIRECTION('center_axis',(0.,-1.,0.));
#2067=DIRECTION('ref_axis',(0.,0.,-1.));
#2068=DIRECTION('',(-0.905458935958868,0.,0.42443387623072));
#2069=DIRECTION('center_axis',(0.,-1.,0.));
#2070=DIRECTION('ref_axis',(0.,0.,-1.));
#2071=DIRECTION('',(7.18249228749886E-17,0.,1.));
#2072=DIRECTION('center_axis',(0.,-1.,0.));
#2073=DIRECTION('ref_axis',(0.,0.,-1.));
#2074=DIRECTION('',(0.905458935958869,0.,0.424433876230719));
#2075=DIRECTION('center_axis',(0.,-1.,0.));
#2076=DIRECTION('ref_axis',(0.,0.,-1.));
#2077=DIRECTION('center_axis',(0.,-1.,0.));
#2078=DIRECTION('ref_axis',(0.,0.,-1.));
#2079=DIRECTION('',(-0.707106781186548,0.,0.707106781186547));
#2080=DIRECTION('center_axis',(0.,-1.,0.));
#2081=DIRECTION('ref_axis',(0.,0.,-1.));
#2082=DIRECTION('center_axis',(0.,-1.,0.));
#2083=DIRECTION('ref_axis',(0.,0.,-1.));
#2084=DIRECTION('',(0.957826285221152,0.,0.287347885566342));
#2085=DIRECTION('center_axis',(0.,-1.,0.));
#2086=DIRECTION('ref_axis',(0.,0.,-1.));
#2087=DIRECTION('',(0.,0.,1.));
#2088=DIRECTION('center_axis',(0.,-1.,0.));
#2089=DIRECTION('ref_axis',(0.,0.,-1.));
#2090=DIRECTION('center_axis',(0.,-1.,0.));
#2091=DIRECTION('ref_axis',(0.,0.,-1.));
#2092=DIRECTION('center_axis',(0.,1.,0.));
#2093=DIRECTION('ref_axis',(0.,0.,1.));
#2094=DIRECTION('center_axis',(0.,-1.,0.));
#2095=DIRECTION('ref_axis',(0.,0.,-1.));
#2096=DIRECTION('center_axis',(0.,1.,0.));
#2097=DIRECTION('ref_axis',(0.,0.,1.));
#2098=DIRECTION('',(0.,1.,0.));
#2099=DIRECTION('center_axis',(0.,-1.,0.));
#2100=DIRECTION('ref_axis',(0.,0.,-1.));
#2101=DIRECTION('center_axis',(-1.,0.,0.));
#2102=DIRECTION('ref_axis',(0.,0.,1.));
#2103=DIRECTION('',(0.707106781186548,8.65956056235493E-17,0.707106781186547));
#2104=DIRECTION('center_axis',(-1.,0.,0.));
#2105=DIRECTION('ref_axis',(0.,0.,1.));
#2106=DIRECTION('center_axis',(1.,0.,0.));
#2107=DIRECTION('ref_axis',(0.,0.,-1.));
#2108=DIRECTION('',(1.,0.,0.));
#2109=DIRECTION('center_axis',(1.,0.,0.));
#2110=DIRECTION('ref_axis',(0.,0.,-1.));
#2111=DIRECTION('center_axis',(1.,0.,0.));
#2112=DIRECTION('ref_axis',(0.,0.,-1.));
#2113=DIRECTION('center_axis',(1.,0.,0.));
#2114=DIRECTION('ref_axis',(0.,0.,-1.));
#2115=DIRECTION('center_axis',(1.,0.,0.));
#2116=DIRECTION('ref_axis',(0.,0.,-1.));
#2117=DIRECTION('center_axis',(1.,0.,0.));
#2118=DIRECTION('ref_axis',(0.,0.,-1.));
#2119=DIRECTION('center_axis',(1.,0.,0.));
#2120=DIRECTION('ref_axis',(0.,0.,-1.));
#2121=DIRECTION('center_axis',(1.,0.,0.));
#2122=DIRECTION('ref_axis',(0.,0.,-1.));
#2123=DIRECTION('center_axis',(-1.,0.,0.));
#2124=DIRECTION('ref_axis',(0.,0.,1.));
#2125=DIRECTION('',(1.,0.,0.));
#2126=DIRECTION('center_axis',(1.,0.,0.));
#2127=DIRECTION('ref_axis',(0.,0.,-1.));
#2128=DIRECTION('center_axis',(1.,0.,0.));
#2129=DIRECTION('ref_axis',(0.,0.,-1.));
#2130=DIRECTION('',(1.,0.,0.));
#2131=DIRECTION('center_axis',(0.,0.,1.));
#2132=DIRECTION('ref_axis',(1.,0.,0.));
#2133=DIRECTION('',(0.,0.,1.));
#2134=DIRECTION('center_axis',(0.,0.,-1.));
#2135=DIRECTION('ref_axis',(-1.,0.,0.));
#2136=DIRECTION('center_axis',(0.976644466705089,0.,0.214861782675126));
#2137=DIRECTION('ref_axis',(-0.214861782675126,0.,0.976644466705089));
#2138=DIRECTION('center_axis',(1.,0.,0.));
#2139=DIRECTION('ref_axis',(0.,0.,-1.));
#2140=DIRECTION('',(0.,0.,1.));
#2141=DIRECTION('center_axis',(1.,0.,0.));
#2142=DIRECTION('ref_axis',(0.,0.,-1.));
#2143=DIRECTION('center_axis',(0.,0.,1.));
#2144=DIRECTION('ref_axis',(1.,0.,0.));
#2145=DIRECTION('',(0.,0.,1.));
#2146=DIRECTION('center_axis',(0.,1.,0.));
#2147=DIRECTION('ref_axis',(0.,0.,1.));
#2148=DIRECTION('',(-1.,0.,0.));
#2149=DIRECTION('center_axis',(0.,1.,0.));
#2150=DIRECTION('ref_axis',(0.,0.,1.));
#2151=DIRECTION('',(0.196116135138181,0.,0.980580675690921));
#2152=DIRECTION('',(0.214861782675126,0.,-0.976644466705089));
#2153=DIRECTION('',(1.,0.,0.));
#2154=DIRECTION('center_axis',(0.,1.,0.));
#2155=DIRECTION('ref_axis',(0.,0.,1.));
#2156=DIRECTION('center_axis',(0.,1.,0.));
#2157=DIRECTION('ref_axis',(0.,0.,1.));
#2158=DIRECTION('',(0.905458935958868,0.,-0.42443387623072));
#2159=DIRECTION('center_axis',(0.,1.,0.));
#2160=DIRECTION('ref_axis',(0.,0.,1.));
#2161=DIRECTION('',(-7.18249228749886E-17,0.,-1.));
#2162=DIRECTION('center_axis',(0.,1.,0.));
#2163=DIRECTION('ref_axis',(0.,0.,1.));
#2164=DIRECTION('',(-0.905458935958869,0.,-0.424433876230719));
#2165=DIRECTION('center_axis',(0.,1.,0.));
#2166=DIRECTION('ref_axis',(0.,0.,1.));
#2167=DIRECTION('center_axis',(0.,1.,0.));
#2168=DIRECTION('ref_axis',(0.,0.,1.));
#2169=DIRECTION('',(-0.707106781186548,0.,0.707106781186547));
#2170=DIRECTION('center_axis',(0.,1.,0.));
#2171=DIRECTION('ref_axis',(0.,0.,1.));
#2172=DIRECTION('center_axis',(0.,1.,0.));
#2173=DIRECTION('ref_axis',(0.,0.,1.));
#2174=DIRECTION('',(0.957826285221152,0.,0.287347885566342));
#2175=DIRECTION('center_axis',(0.,1.,0.));
#2176=DIRECTION('ref_axis',(0.,0.,1.));
#2177=DIRECTION('',(0.,0.,1.));
#2178=DIRECTION('center_axis',(0.,1.,0.));
#2179=DIRECTION('ref_axis',(0.,0.,1.));
#2180=DIRECTION('center_axis',(0.,1.,0.));
#2181=DIRECTION('ref_axis',(0.,0.,1.));
#2182=DIRECTION('',(-1.,0.,0.));
#2183=DIRECTION('center_axis',(0.,1.,0.));
#2184=DIRECTION('ref_axis',(0.,0.,1.));
#2185=DIRECTION('',(0.196116135138181,0.,0.980580675690921));
#2186=DIRECTION('center_axis',(0.,1.,0.));
#2187=DIRECTION('ref_axis',(0.,0.,1.));
#2188=DIRECTION('',(1.,0.,0.));
#2189=DIRECTION('center_axis',(0.,1.,0.));
#2190=DIRECTION('ref_axis',(0.,0.,1.));
#2191=DIRECTION('',(-0.196116135138181,0.,-0.980580675690921));
#2192=DIRECTION('center_axis',(0.,1.,0.));
#2193=DIRECTION('ref_axis',(0.,0.,1.));
#2194=DIRECTION('center_axis',(0.,1.,0.));
#2195=DIRECTION('ref_axis',(0.,0.,1.));
#2196=DIRECTION('center_axis',(0.,-1.,0.));
#2197=DIRECTION('ref_axis',(0.,0.,-1.));
#2198=DIRECTION('',(-0.196116135138181,0.,-0.980580675690921));
#2199=DIRECTION('center_axis',(0.,-1.,0.));
#2200=DIRECTION('ref_axis',(0.,0.,-1.));
#2201=DIRECTION('',(1.,-1.21649949463502E-16,0.));
#2202=DIRECTION('center_axis',(0.,-1.,0.));
#2203=DIRECTION('ref_axis',(0.,0.,-1.));
#2204=DIRECTION('',(0.,0.,-1.));
#2205=DIRECTION('center_axis',(0.,-1.,0.));
#2206=DIRECTION('ref_axis',(0.,0.,-1.));
#2207=DIRECTION('',(-0.957826285221152,0.,-0.287347885566342));
#2208=DIRECTION('center_axis',(0.,-1.,0.));
#2209=DIRECTION('ref_axis',(0.,0.,-1.));
#2210=DIRECTION('center_axis',(0.,-1.,0.));
#2211=DIRECTION('ref_axis',(0.,0.,-1.));
#2212=DIRECTION('',(0.707106781186548,0.,-0.707106781186547));
#2213=DIRECTION('center_axis',(0.,-1.,0.));
#2214=DIRECTION('ref_axis',(0.,0.,-1.));
#2215=DIRECTION('center_axis',(0.,-1.,0.));
#2216=DIRECTION('ref_axis',(0.,0.,-1.));
#2217=DIRECTION('',(0.905458935958869,0.,0.424433876230719));
#2218=DIRECTION('center_axis',(0.,-1.,0.));
#2219=DIRECTION('ref_axis',(0.,0.,-1.));
#2220=DIRECTION('',(7.18249228749886E-17,0.,1.));
#2221=DIRECTION('center_axis',(0.,-1.,0.));
#2222=DIRECTION('ref_axis',(0.,0.,-1.));
#2223=DIRECTION('',(-0.905458935958868,0.,0.42443387623072));
#2224=DIRECTION('center_axis',(0.,-1.,0.));
#2225=DIRECTION('ref_axis',(0.,0.,-1.));
#2226=DIRECTION('center_axis',(0.,-1.,0.));
#2227=DIRECTION('ref_axis',(0.,0.,-1.));
#2228=DIRECTION('',(-1.,0.,0.));
#2229=DIRECTION('',(-0.214861782675126,0.,0.976644466705089));
#2230=DIRECTION('center_axis',(0.,-1.,0.));
#2231=DIRECTION('ref_axis',(0.,0.,-1.));
#2232=DIRECTION('',(1.,0.,0.));
#2233=DIRECTION('center_axis',(0.,-1.,0.));
#2234=DIRECTION('ref_axis',(0.,0.,-1.));
#2235=DIRECTION('',(0.196116135138181,0.,0.980580675690921));
#2236=DIRECTION('center_axis',(0.,-1.,0.));
#2237=DIRECTION('ref_axis',(0.,0.,-1.));
#2238=DIRECTION('',(-1.,0.,0.));
#2239=DIRECTION('center_axis',(0.,-1.,0.));
#2240=DIRECTION('ref_axis',(0.,0.,-1.));
#2241=DIRECTION('',(-0.196116135138181,0.,-0.980580675690921));
#2242=DIRECTION('center_axis',(0.,-1.,0.));
#2243=DIRECTION('ref_axis',(0.,0.,-1.));
#2244=DIRECTION('center_axis',(0.,-1.,0.));
#2245=DIRECTION('ref_axis',(0.,0.,-1.));
#2246=DIRECTION('center_axis',(0.,0.,1.));
#2247=DIRECTION('ref_axis',(1.,0.,0.));
#2248=DIRECTION('',(0.,1.,0.));
#2249=DIRECTION('center_axis',(0.,0.,1.));
#2250=DIRECTION('ref_axis',(1.,0.,0.));
#2251=DIRECTION('',(0.,1.,0.));
#2252=DIRECTION('',(0.,-1.,0.));
#2253=DIRECTION('',(0.,1.,0.));
#2254=DIRECTION('',(0.,-1.,0.));
#2255=DIRECTION('center_axis',(0.980580675690921,0.,0.196116135138181));
#2256=DIRECTION('ref_axis',(0.196116135138181,0.,-0.980580675690921));
#2257=DIRECTION('',(0.,1.,0.));
#2258=DIRECTION('center_axis',(1.,0.,0.));
#2259=DIRECTION('ref_axis',(0.,0.,-1.));
#2260=DIRECTION('',(1.,0.,0.));
#2261=DIRECTION('center_axis',(1.,0.,0.));
#2262=DIRECTION('ref_axis',(0.,0.,-1.));
#2263=DIRECTION('center_axis',(1.,0.,0.));
#2264=DIRECTION('ref_axis',(0.,0.,-1.));
#2265=DIRECTION('center_axis',(0.976644466705089,0.,0.214861782675126));
#2266=DIRECTION('ref_axis',(0.214861782675126,0.,-0.976644466705089));
#2267=DIRECTION('center_axis',(0.,1.,0.));
#2268=DIRECTION('ref_axis',(0.,0.,1.));
#2269=DIRECTION('',(0.,1.,0.));
#2270=DIRECTION('center_axis',(0.,1.,0.));
#2271=DIRECTION('ref_axis',(0.,0.,1.));
#2272=DIRECTION('',(0.,1.,0.));
#2273=DIRECTION('center_axis',(0.42443387623072,0.,-0.905458935958869));
#2274=DIRECTION('ref_axis',(-0.905458935958868,0.,-0.424433876230719));
#2275=DIRECTION('',(0.,-1.,0.));
#2276=DIRECTION('',(0.,-1.,0.));
#2277=DIRECTION('center_axis',(1.,0.,-4.8186763221578E-17));
#2278=DIRECTION('ref_axis',(-4.8186763221578E-17,0.,-1.));
#2279=DIRECTION('',(0.,-1.,0.));
#2280=DIRECTION('',(0.,-1.,0.));
#2281=DIRECTION('center_axis',(0.42443387623072,0.,0.905458935958868));
#2282=DIRECTION('ref_axis',(0.905458935958868,0.,-0.42443387623072));
#2283=DIRECTION('',(0.,-1.,0.));
#2284=DIRECTION('',(0.,-1.,0.));
#2285=DIRECTION('center_axis',(0.42443387623072,0.,0.905458935958868));
#2286=DIRECTION('ref_axis',(0.905458935958868,0.,-0.42443387623072));
#2287=DIRECTION('',(0.,-1.,0.));
#2288=DIRECTION('',(0.,-1.,0.));
#2289=DIRECTION('center_axis',(1.,0.,-4.8186763221578E-17));
#2290=DIRECTION('ref_axis',(-4.8186763221578E-17,0.,-1.));
#2291=DIRECTION('',(0.,-1.,0.));
#2292=DIRECTION('',(0.,-1.,0.));
#2293=DIRECTION('center_axis',(0.42443387623072,0.,-0.905458935958869));
#2294=DIRECTION('ref_axis',(-0.905458935958868,0.,-0.424433876230719));
#2295=DIRECTION('',(0.,-1.,0.));
#2296=DIRECTION('',(0.,-1.,0.));
#2297=DIRECTION('center_axis',(0.707106781186548,0.,0.707106781186548));
#2298=DIRECTION('ref_axis',(0.707106781186548,0.,-0.707106781186548));
#2299=DIRECTION('',(0.,1.,0.));
#2300=DIRECTION('',(0.,-1.,0.));
#2301=DIRECTION('center_axis',(0.707106781186548,0.,0.707106781186548));
#2302=DIRECTION('ref_axis',(0.707106781186548,0.,-0.707106781186548));
#2303=DIRECTION('',(0.,1.,0.));
#2304=DIRECTION('',(0.,-1.,0.));
#2305=DIRECTION('center_axis',(0.,1.,0.));
#2306=DIRECTION('ref_axis',(0.,0.,1.));
#2307=DIRECTION('center_axis',(0.,1.,0.));
#2308=DIRECTION('ref_axis',(0.,0.,1.));
#2309=DIRECTION('center_axis',(0.,-1.,0.));
#2310=DIRECTION('ref_axis',(0.,0.,-1.));
#2311=DIRECTION('center_axis',(0.,-1.,0.));
#2312=DIRECTION('ref_axis',(0.,0.,-1.));
#2313=DIRECTION('center_axis',(0.,1.,0.));
#2314=DIRECTION('ref_axis',(0.,0.,1.));
#2315=DIRECTION('center_axis',(0.,1.,0.));
#2316=DIRECTION('ref_axis',(0.,0.,1.));
#2317=DIRECTION('center_axis',(0.,-1.,0.));
#2318=DIRECTION('ref_axis',(0.,0.,-1.));
#2319=DIRECTION('center_axis',(0.,1.,0.));
#2320=DIRECTION('ref_axis',(0.,0.,1.));
#2321=DIRECTION('center_axis',(0.,1.,0.));
#2322=DIRECTION('ref_axis',(0.,0.,1.));
#2323=DIRECTION('center_axis',(0.,-1.,0.));
#2324=DIRECTION('ref_axis',(0.,0.,-1.));
#2325=DIRECTION('center_axis',(0.,1.,0.));
#2326=DIRECTION('ref_axis',(0.,0.,1.));
#2327=DIRECTION('center_axis',(0.,1.,0.));
#2328=DIRECTION('ref_axis',(0.,0.,1.));
#2329=DIRECTION('center_axis',(0.,1.,0.));
#2330=DIRECTION('ref_axis',(0.,0.,1.));
#2331=DIRECTION('center_axis',(0.,-1.,0.));
#2332=DIRECTION('ref_axis',(0.,0.,-1.));
#2333=DIRECTION('center_axis',(0.,-1.,0.));
#2334=DIRECTION('ref_axis',(0.,0.,-1.));
#2335=DIRECTION('center_axis',(0.,0.,-1.));
#2336=DIRECTION('ref_axis',(-1.,0.,0.));
#2337=DIRECTION('',(0.,-1.,0.));
#2338=DIRECTION('',(0.,-1.,0.));
#2339=DIRECTION('center_axis',(0.,0.,-1.));
#2340=DIRECTION('ref_axis',(-1.,0.,0.));
#2341=DIRECTION('',(0.,-1.,0.));
#2342=DIRECTION('',(0.,-1.,0.));
#2343=DIRECTION('center_axis',(1.,0.,0.));
#2344=DIRECTION('ref_axis',(0.,0.,-1.));
#2345=DIRECTION('',(0.,-1.,0.));
#2346=DIRECTION('',(0.,-1.,0.));
#2347=DIRECTION('center_axis',(1.,0.,0.));
#2348=DIRECTION('ref_axis',(0.,0.,-1.));
#2349=DIRECTION('',(0.,-1.,0.));
#2350=DIRECTION('',(0.,-1.,0.));
#2351=DIRECTION('center_axis',(0.980580675690921,0.,-0.196116135138181));
#2352=DIRECTION('ref_axis',(-0.196116135138181,0.,-0.980580675690921));
#2353=DIRECTION('',(0.,-1.,0.));
#2354=DIRECTION('center_axis',(0.980580675690921,0.,-0.196116135138181));
#2355=DIRECTION('ref_axis',(-0.196116135138181,0.,-0.980580675690921));
#2356=DIRECTION('',(0.,-1.,0.));
#2357=DIRECTION('center_axis',(0.287347885566342,0.,-0.957826285221152));
#2358=DIRECTION('ref_axis',(-0.957826285221152,0.,-0.287347885566342));
#2359=DIRECTION('',(0.,1.,0.));
#2360=DIRECTION('',(0.,1.,0.));
#2361=DIRECTION('center_axis',(0.287347885566342,0.,-0.957826285221152));
#2362=DIRECTION('ref_axis',(-0.957826285221152,0.,-0.287347885566342));
#2363=DIRECTION('',(0.,1.,0.));
#2364=DIRECTION('',(0.,1.,0.));
#2365=DIRECTION('center_axis',(0.,-1.,0.));
#2366=DIRECTION('ref_axis',(0.,0.,-1.));
#2367=DIRECTION('center_axis',(0.,-1.,0.));
#2368=DIRECTION('ref_axis',(0.,0.,-1.));
#2369=DIRECTION('center_axis',(0.,-1.,0.));
#2370=DIRECTION('ref_axis',(0.,0.,-1.));
#2371=DIRECTION('center_axis',(0.,-1.,0.));
#2372=DIRECTION('ref_axis',(0.,0.,-1.));
#2373=DIRECTION('center_axis',(0.,1.,0.));
#2374=DIRECTION('ref_axis',(0.,0.,1.));
#2375=DIRECTION('center_axis',(0.,1.,0.));
#2376=DIRECTION('ref_axis',(0.,0.,1.));
#2377=DIRECTION('center_axis',(0.,1.,0.));
#2378=DIRECTION('ref_axis',(0.,0.,1.));
#2379=DIRECTION('center_axis',(0.,1.,0.));
#2380=DIRECTION('ref_axis',(0.,0.,1.));
#2381=DIRECTION('center_axis',(0.,0.,1.));
#2382=DIRECTION('ref_axis',(1.,0.,0.));
#2383=DIRECTION('',(0.,-1.,0.));
#2384=DIRECTION('',(0.,-1.,0.));
#2385=DIRECTION('center_axis',(0.980580675690921,0.,-0.196116135138181));
#2386=DIRECTION('ref_axis',(-0.196116135138181,0.,-0.980580675690921));
#2387=DIRECTION('',(0.,-1.,0.));
#2388=DIRECTION('',(0.,-1.,0.));
#2389=DIRECTION('center_axis',(0.,0.,-1.));
#2390=DIRECTION('ref_axis',(-1.,0.,0.));
#2391=DIRECTION('',(0.,-1.,0.));
#2392=DIRECTION('',(0.,-1.,0.));
#2393=DIRECTION('center_axis',(-0.980580675690921,0.,0.196116135138181));
#2394=DIRECTION('ref_axis',(0.196116135138181,0.,0.980580675690921));
#2395=DIRECTION('',(0.,-1.,0.));
#2396=DIRECTION('',(0.,-1.,0.));
#2397=DIRECTION('center_axis',(0.,-1.,0.));
#2398=DIRECTION('ref_axis',(0.,0.,-1.));
#2399=DIRECTION('center_axis',(0.,-1.,0.));
#2400=DIRECTION('ref_axis',(0.,0.,-1.));
#2401=DIRECTION('center_axis',(0.,-1.,0.));
#2402=DIRECTION('ref_axis',(0.,0.,-1.));
#2403=DIRECTION('center_axis',(0.,-1.,0.));
#2404=DIRECTION('ref_axis',(0.,0.,-1.));
#2405=DIRECTION('center_axis',(0.,-1.,0.));
#2406=DIRECTION('ref_axis',(0.,0.,-1.));
#2407=DIRECTION('',(0.,-1.,0.));
#2408=DIRECTION('center_axis',(0.,-1.,0.));
#2409=DIRECTION('ref_axis',(0.,0.,-1.));
#2410=DIRECTION('',(0.,-1.,0.));
#2411=CARTESIAN_POINT('',(0.,0.,0.));
#2412=CARTESIAN_POINT('Origin',(4.4142135623731,7.,-32.));
#2413=CARTESIAN_POINT('',(4.4142135623731,10.,-17.0477547928716));
#2414=CARTESIAN_POINT('',(4.4142135623731,10.,-12.));
#2415=CARTESIAN_POINT('',(4.4142135623731,10.,-17.0477547928716));
#2416=CARTESIAN_POINT('',(4.4142135623731,7.,-17.0477547928716));
#2417=CARTESIAN_POINT('',(4.4142135623731,10.,-17.0477547928716));
#2418=CARTESIAN_POINT('',(4.4142135623731,7.,-12.));
#2419=CARTESIAN_POINT('',(4.4142135623731,7.,-17.0477547928716));
#2420=CARTESIAN_POINT('',(4.4142135623731,10.,-12.));
#2421=CARTESIAN_POINT('Origin',(4.4142135623731,0.,-32.));
#2422=CARTESIAN_POINT('',(4.4142135623731,3.,-17.0477547928716));
#2423=CARTESIAN_POINT('',(4.4142135623731,3.,-12.));
#2424=CARTESIAN_POINT('',(4.4142135623731,3.,-17.0477547928716));
#2425=CARTESIAN_POINT('',(4.4142135623731,0.,-17.0477547928716));
#2426=CARTESIAN_POINT('',(4.4142135623731,3.,-17.0477547928716));
#2427=CARTESIAN_POINT('',(4.4142135623731,0.,-12.));
#2428=CARTESIAN_POINT('',(4.4142135623731,0.,-17.0477547928716));
#2429=CARTESIAN_POINT('',(4.4142135623731,3.,-12.));
#2430=CARTESIAN_POINT('Origin',(0.,10.,-12.));
#2431=CARTESIAN_POINT('',(13.,9.50000000000004,-12.));
#2432=CARTESIAN_POINT('',(13.,7.,-12.));
#2433=CARTESIAN_POINT('',(13.,9.50000000000004,-12.));
#2434=CARTESIAN_POINT('',(14.5,5.,-12.));
#2435=CARTESIAN_POINT('Ctrl Pts',(13.0000000000001,9.49999999999995,-12.));
#2436=CARTESIAN_POINT('Ctrl Pts',(14.5,6.99999999999998,-12.));
#2437=CARTESIAN_POINT('Ctrl Pts',(14.5,5.,-12.));
#2438=CARTESIAN_POINT('',(13.,0.499999999999958,-12.));
#2439=CARTESIAN_POINT('Ctrl Pts',(14.5,5.,-12.));
#2440=CARTESIAN_POINT('Ctrl Pts',(14.5,3.00000000000002,-12.));
#2441=CARTESIAN_POINT('Ctrl Pts',(13.0000000000001,0.500000000000057,-12.));
#2442=CARTESIAN_POINT('',(13.,3.,-12.));
#2443=CARTESIAN_POINT('',(13.,3.,-12.));
#2444=CARTESIAN_POINT('',(10.,3.,-12.));
#2445=CARTESIAN_POINT('',(10.,3.,-12.));
#2446=CARTESIAN_POINT('',(11.5,4.5,-12.));
#2447=CARTESIAN_POINT('Origin',(10.,4.5,-12.));
#2448=CARTESIAN_POINT('',(11.5,5.5,-12.));
#2449=CARTESIAN_POINT('',(11.5,4.5,-12.));
#2450=CARTESIAN_POINT('',(10.,7.,-12.));
#2451=CARTESIAN_POINT('Origin',(10.,5.5,-12.));
#2452=CARTESIAN_POINT('',(13.,7.,-12.));
#2453=CARTESIAN_POINT('Origin',(0.,10.,0.));
#2454=CARTESIAN_POINT('',(8.57252759403147E-16,3.,9.63566231544202));
#2455=CARTESIAN_POINT('',(8.57252759403147E-16,3.,19.));
#2456=CARTESIAN_POINT('',(8.57252759403147E-16,3.,9.63566231544202));
#2457=CARTESIAN_POINT('',(0.,0.,9.63566231544202));
#2458=CARTESIAN_POINT('',(0.,3.,9.63566231544202));
#2459=CARTESIAN_POINT('',(0.,0.,19.));
#2460=CARTESIAN_POINT('',(0.,0.,9.63566231544202));
#2461=CARTESIAN_POINT('',(0.,3.,19.));
#2462=CARTESIAN_POINT('Origin',(0.,10.,0.));
#2463=CARTESIAN_POINT('',(8.57252759403147E-16,7.,9.63566231544202));
#2464=CARTESIAN_POINT('',(8.57252759403147E-16,7.,19.));
#2465=CARTESIAN_POINT('',(8.57252759403147E-16,7.,9.63566231544202));
#2466=CARTESIAN_POINT('',(0.,10.,19.));
#2467=CARTESIAN_POINT('',(0.,10.,19.));
#2468=CARTESIAN_POINT('',(0.,10.,9.63566231544202));
#2469=CARTESIAN_POINT('',(0.,10.,9.63566231544202));
#2470=CARTESIAN_POINT('',(0.,10.,9.63566231544202));
#2471=CARTESIAN_POINT('Origin',(0.,10.,0.));
#2472=CARTESIAN_POINT('',(8.57252759403147E-16,3.,-7.5857864376269));
#2473=CARTESIAN_POINT('',(8.57252759403147E-16,3.,-3.63566231544202));
#2474=CARTESIAN_POINT('',(8.57252759403147E-16,3.,-7.5857864376269));
#2475=CARTESIAN_POINT('',(0.,0.,-7.5857864376269));
#2476=CARTESIAN_POINT('',(0.,0.,-7.5857864376269));
#2477=CARTESIAN_POINT('',(0.,0.,-3.63566231544202));
#2478=CARTESIAN_POINT('',(0.,0.,-7.5857864376269));
#2479=CARTESIAN_POINT('',(0.,3.,-3.63566231544202));
#2480=CARTESIAN_POINT('Origin',(10.,5.5,-12.5));
#2481=CARTESIAN_POINT('',(11.5,5.5,-7.93649167310371));
#2482=CARTESIAN_POINT('',(11.5,5.5,-12.));
#2483=CARTESIAN_POINT('',(10.,7.,-6.));
#2484=CARTESIAN_POINT('Ctrl Pts',(11.5,5.5,-7.93649167310371));
#2485=CARTESIAN_POINT('Ctrl Pts',(11.5,5.69255559147569,-7.88677403317007));
#2486=CARTESIAN_POINT('Ctrl Pts',(11.4610659038986,5.88568789097852,-7.8043239098552));
#2487=CARTESIAN_POINT('Ctrl Pts',(11.3255359077396,6.22555031182727,-7.59312708331808));
#2488=CARTESIAN_POINT('Ctrl Pts',(11.2295031242586,6.37267848877112,-7.46466023002911));
#2489=CARTESIAN_POINT('Ctrl Pts',(10.9809002566065,6.65695305535564,-7.14839106805543));
#2490=CARTESIAN_POINT('Ctrl Pts',(10.7955246287328,6.78971815194903,-6.92622488484753));
#2491=CARTESIAN_POINT('Ctrl Pts',(10.4011855933266,6.96126070009969,-6.46307625294948));
#2492=CARTESIAN_POINT('Ctrl Pts',(10.1922823100391,7.,-6.2220284869229));
#2493=CARTESIAN_POINT('Ctrl Pts',(10.,7.,-6.));
#2494=CARTESIAN_POINT('',(10.,7.,-12.));
#2495=CARTESIAN_POINT('Origin',(11.5,5.5,-12.5));
#2496=CARTESIAN_POINT('',(11.5,5.5,-4.06350832689629));
#2497=CARTESIAN_POINT('',(11.5,5.5,0.));
#2498=CARTESIAN_POINT('',(11.5,5.5,-4.06350832689629));
#2499=CARTESIAN_POINT('',(11.5,5.,-4.));
#2500=CARTESIAN_POINT('Origin',(11.5,5.,-6.));
#2501=CARTESIAN_POINT('',(11.5,4.5,-4.06350832689629));
#2502=CARTESIAN_POINT('Origin',(11.5,5.,-6.));
#2503=CARTESIAN_POINT('',(11.5,4.5,0.));
#2504=CARTESIAN_POINT('',(11.5,4.5,-4.06350832689629));
#2505=CARTESIAN_POINT('',(11.5,5.5,0.));
#2506=CARTESIAN_POINT('Origin',(10.,4.5,-12.5));
#2507=CARTESIAN_POINT('',(10.,3.,-6.));
#2508=CARTESIAN_POINT('Ctrl Pts',(11.5,4.5,-4.06350832689629));
#2509=CARTESIAN_POINT('Ctrl Pts',(11.5,4.3074444085243,-4.11322596682992));
#2510=CARTESIAN_POINT('Ctrl Pts',(11.4610659038986,4.11431210902148,-4.19567609014481));
#2511=CARTESIAN_POINT('Ctrl Pts',(11.3255359077396,3.77444968817273,-4.40687291668192));
#2512=CARTESIAN_POINT('Ctrl Pts',(11.2295031242586,3.62732151122888,-4.53533976997089));
#2513=CARTESIAN_POINT('Ctrl Pts',(10.9809002566065,3.34304694464436,-4.85160893194457));
#2514=CARTESIAN_POINT('Ctrl Pts',(10.7955246287328,3.21028184805097,-5.07377511515247));
#2515=CARTESIAN_POINT('Ctrl Pts',(10.4011855933266,3.03873929990031,-5.53692374705052));
#2516=CARTESIAN_POINT('Ctrl Pts',(10.1922823100391,3.,-5.7779715130771));
#2517=CARTESIAN_POINT('Ctrl Pts',(10.,3.,-6.));
#2518=CARTESIAN_POINT('',(10.,3.,4.545454545456));
#2519=CARTESIAN_POINT('',(10.,3.,-6.));
#2520=CARTESIAN_POINT('',(11.0000000000004,3.38196601125042,0.));
#2521=CARTESIAN_POINT('Origin',(10.,4.5,4.545454545456));
#2522=CARTESIAN_POINT('Origin',(10.,4.5,0.));
#2523=CARTESIAN_POINT('Origin',(13.,10.,0.));
#2524=CARTESIAN_POINT('',(13.,10.,-3.69627055080152E-13));
#2525=CARTESIAN_POINT('',(13.,10.,-0.409830056250499));
#2526=CARTESIAN_POINT('',(13.,10.,-3.69627055080152E-13));
#2527=CARTESIAN_POINT('',(13.,9.50000000000003,0.));
#2528=CARTESIAN_POINT('',(13.,10.,-3.69627055080152E-13));
#2529=CARTESIAN_POINT('Origin',(13.,5.,-6.));
#2530=CARTESIAN_POINT('Origin',(0.,10.,0.));
#2531=CARTESIAN_POINT('',(13.,0.499999999999967,0.));
#2532=CARTESIAN_POINT('',(13.,0.499999999999967,0.));
#2533=CARTESIAN_POINT('Ctrl Pts',(13.,0.499999999999962,-1.11022302462516E-15));
#2534=CARTESIAN_POINT('Ctrl Pts',(15.7,5.,-1.11022302462516E-15));
#2535=CARTESIAN_POINT('Ctrl Pts',(13.,9.50000000000003,-1.11022302462516E-15));
#2536=CARTESIAN_POINT('Origin',(5.,0.,-6.));
#2537=CARTESIAN_POINT('',(5.,7.,-8.1));
#2538=CARTESIAN_POINT('Origin',(5.,7.,-6.));
#2539=CARTESIAN_POINT('',(5.,10.,-8.1));
#2540=CARTESIAN_POINT('',(5.,0.,-8.1));
#2541=CARTESIAN_POINT('Origin',(5.,10.,-6.));
#2542=CARTESIAN_POINT('Origin',(23.,5.,-6.));
#2543=CARTESIAN_POINT('',(16.,5.,-10.5));
#2544=CARTESIAN_POINT('Origin',(16.,5.,-6.));
#2545=CARTESIAN_POINT('',(19.,5.,-10.5));
#2546=CARTESIAN_POINT('',(23.,5.,-10.5));
#2547=CARTESIAN_POINT('Origin',(19.,5.,-6.));
#2548=CARTESIAN_POINT('Origin',(13.,10.,0.));
#2549=CARTESIAN_POINT('',(13.,0.,-0.409830056250499));
#2550=CARTESIAN_POINT('Origin',(13.,5.,-6.));
#2551=CARTESIAN_POINT('',(13.,0.,-3.69627055080152E-13));
#2552=CARTESIAN_POINT('',(13.,0.499999999999967,-3.69627055080152E-13));
#2553=CARTESIAN_POINT('',(13.,0.,-3.69627055080152E-13));
#2554=CARTESIAN_POINT('Origin',(13.,10.,0.));
#2555=CARTESIAN_POINT('',(13.,10.,-11.5901699437495));
#2556=CARTESIAN_POINT('Origin',(13.,5.,-6.));
#2557=CARTESIAN_POINT('',(13.,10.,-11.9999999999997));
#2558=CARTESIAN_POINT('',(13.,9.50000000000004,-11.9999999999997));
#2559=CARTESIAN_POINT('',(13.,10.,-11.5901699437495));
#2560=CARTESIAN_POINT('Origin',(0.,10.,0.));
#2561=CARTESIAN_POINT('',(0.,10.,-7.5857864376269));
#2562=CARTESIAN_POINT('',(0.,10.,-3.63566231544202));
#2563=CARTESIAN_POINT('',(0.,10.,-7.5857864376269));
#2564=CARTESIAN_POINT('',(8.57252759403147E-16,7.,-7.5857864376269));
#2565=CARTESIAN_POINT('',(0.,7.,-7.5857864376269));
#2566=CARTESIAN_POINT('',(8.57252759403147E-16,7.,-3.63566231544202));
#2567=CARTESIAN_POINT('',(8.57252759403147E-16,7.,-7.5857864376269));
#2568=CARTESIAN_POINT('',(0.,10.,-3.63566231544202));
#2569=CARTESIAN_POINT('Origin',(13.,10.,0.));
#2570=CARTESIAN_POINT('',(13.,0.,-11.5901699437495));
#2571=CARTESIAN_POINT('',(13.,0.,-11.9999999999997));
#2572=CARTESIAN_POINT('',(13.,0.,-11.5901699437495));
#2573=CARTESIAN_POINT('',(13.,0.,-11.9999999999997));
#2574=CARTESIAN_POINT('Origin',(13.,5.,-6.));
#2575=CARTESIAN_POINT('Origin',(0.,10.,0.));
#2576=CARTESIAN_POINT('',(9.48233031891707,10.,-29.5883484054145));
#2577=CARTESIAN_POINT('',(13.,10.,-11.9999999999997));
#2578=CARTESIAN_POINT('',(6.54058829184431,10.,-32.));
#2579=CARTESIAN_POINT('Origin',(6.54058829184431,10.,-29.));
#2580=CARTESIAN_POINT('',(-2.5857864376269,10.,-32.));
#2581=CARTESIAN_POINT('',(-2.5857864376269,10.,-32.));
#2582=CARTESIAN_POINT('',(-5.5857864376269,10.,-29.));
#2583=CARTESIAN_POINT('Origin',(-2.5857864376269,10.,-29.));
#2584=CARTESIAN_POINT('',(-5.5857864376269,10.,-28.2320919526732));
#2585=CARTESIAN_POINT('',(-5.5857864376269,10.,-28.2320919526732));
#2586=CARTESIAN_POINT('',(-3.44783009432593,10.,-25.3586130970097));
#2587=CARTESIAN_POINT('Origin',(-2.5857864376269,10.,-28.2320919526732));
#2588=CARTESIAN_POINT('',(-1.28700335309616,10.,-24.7103650746408));
#2589=CARTESIAN_POINT('',(-1.28700335309616,10.,-24.7103650746408));
#2590=CARTESIAN_POINT('Origin',(-3.5857864376269,10.,-17.0477547928716));
#2591=CARTESIAN_POINT('',(3.70710678118655,10.,-11.7071067811865));
#2592=CARTESIAN_POINT('Origin',(4.4142135623731,10.,-11.));
#2593=CARTESIAN_POINT('',(0.292893218813452,10.,-8.29289321881344));
#2594=CARTESIAN_POINT('',(0.292893218813452,10.,-8.29289321881344));
#2595=CARTESIAN_POINT('Origin',(1.,10.,-7.5857864376269));
#2596=CARTESIAN_POINT('',(0.575566123769281,10.,-2.73020337948315));
#2597=CARTESIAN_POINT('Origin',(1.,10.,-3.63566231544202));
#2598=CARTESIAN_POINT('',(2.62443387623072,10.,-1.76979662051685));
#2599=CARTESIAN_POINT('',(2.62443387623072,10.,-1.76979662051685));
#2600=CARTESIAN_POINT('',(3.2,10.,-0.864337684557982));
#2601=CARTESIAN_POINT('Origin',(2.2,10.,-0.864337684557982));
#2602=CARTESIAN_POINT('',(3.2,10.,6.86433768455798));
#2603=CARTESIAN_POINT('',(3.2,10.,6.86433768455798));
#2604=CARTESIAN_POINT('',(2.62443387623072,10.,7.76979662051685));
#2605=CARTESIAN_POINT('Origin',(2.2,10.,6.86433768455798));
#2606=CARTESIAN_POINT('',(0.57556612376928,10.,8.73020337948315));
#2607=CARTESIAN_POINT('',(0.57556612376928,10.,8.73020337948315));
#2608=CARTESIAN_POINT('Origin',(1.,10.,9.63566231544202));
#2609=CARTESIAN_POINT('',(1.,10.,20.));
#2610=CARTESIAN_POINT('Origin',(1.,10.,19.));
#2611=CARTESIAN_POINT('',(8.18019609728144,10.,20.));
#2612=CARTESIAN_POINT('',(8.18019609728144,10.,20.));
#2613=CARTESIAN_POINT('',(9.16077677297236,10.,19.1961161351382));
#2614=CARTESIAN_POINT('Origin',(8.18019609728144,10.,19.));
#2615=CARTESIAN_POINT('',(9.16077677297236,10.,19.1961161351382));
#2616=CARTESIAN_POINT('Ctrl Pts',(13.0000000000001,10.,-0.40983005625058));
#2617=CARTESIAN_POINT('Ctrl Pts',(17.1666666666667,10.,-6.00000000000002));
#2618=CARTESIAN_POINT('Ctrl Pts',(13.,10.,-11.5901699437495));
#2619=CARTESIAN_POINT('',(-2.5857864376269,10.,-27.4));
#2620=CARTESIAN_POINT('Origin',(-2.5857864376269,10.,-29.));
#2621=CARTESIAN_POINT('',(3.5,10.,14.4));
#2622=CARTESIAN_POINT('Origin',(3.5,10.,16.));
#2623=CARTESIAN_POINT('Origin',(0.,0.,0.));
#2624=CARTESIAN_POINT('',(6.54058829184431,-2.60405800623473E-16,-32.));
#2625=CARTESIAN_POINT('',(-2.5857864376269,8.57252759403147E-16,-32.));
#2626=CARTESIAN_POINT('',(6.54058829184431,-2.60405800623473E-16,-32.));
#2627=CARTESIAN_POINT('',(9.48233031891707,0.,-29.5883484054145));
#2628=CARTESIAN_POINT('Origin',(6.54058829184431,0.,-29.));
#2629=CARTESIAN_POINT('',(9.48233031891707,0.,-29.5883484054146));
#2630=CARTESIAN_POINT('Ctrl Pts',(13.,-3.33066907387547E-15,-11.5901699437495));
#2631=CARTESIAN_POINT('Ctrl Pts',(17.1666666666667,-3.33066907387547E-15,
-6.));
#2632=CARTESIAN_POINT('Ctrl Pts',(13.,-3.33066907387547E-15,-0.409830056250476));
#2633=CARTESIAN_POINT('',(9.16077677297235,0.,19.1961161351382));
#2634=CARTESIAN_POINT('',(13.,0.,-3.71230823859037E-13));
#2635=CARTESIAN_POINT('',(8.18019609728144,0.,20.));
#2636=CARTESIAN_POINT('Origin',(8.18019609728144,0.,19.));
#2637=CARTESIAN_POINT('',(1.,0.,20.));
#2638=CARTESIAN_POINT('',(1.,0.,20.));
#2639=CARTESIAN_POINT('Origin',(1.,0.,19.));
#2640=CARTESIAN_POINT('',(0.575566123769281,0.,8.73020337948315));
#2641=CARTESIAN_POINT('Origin',(1.,0.,9.63566231544202));
#2642=CARTESIAN_POINT('',(2.62443387623072,0.,7.76979662051685));
#2643=CARTESIAN_POINT('',(2.62443387623072,0.,7.76979662051685));
#2644=CARTESIAN_POINT('',(3.2,0.,6.86433768455798));
#2645=CARTESIAN_POINT('Origin',(2.2,0.,6.86433768455798));
#2646=CARTESIAN_POINT('',(3.2,0.,-0.864337684557982));
#2647=CARTESIAN_POINT('',(3.2,0.,-0.864337684557982));
#2648=CARTESIAN_POINT('',(2.62443387623072,0.,-1.76979662051685));
#2649=CARTESIAN_POINT('Origin',(2.2,0.,-0.864337684557982));
#2650=CARTESIAN_POINT('',(0.575566123769281,0.,-2.73020337948315));
#2651=CARTESIAN_POINT('',(0.57556612376928,0.,-2.73020337948315));
#2652=CARTESIAN_POINT('Origin',(1.,0.,-3.63566231544202));
#2653=CARTESIAN_POINT('',(0.292893218813453,0.,-8.29289321881344));
#2654=CARTESIAN_POINT('Origin',(1.,0.,-7.5857864376269));
#2655=CARTESIAN_POINT('',(3.70710678118655,0.,-11.7071067811865));
#2656=CARTESIAN_POINT('',(3.70710678118656,0.,-11.7071067811865));
#2657=CARTESIAN_POINT('Origin',(4.4142135623731,0.,-11.));
#2658=CARTESIAN_POINT('',(-1.28700335309616,0.,-24.7103650746408));
#2659=CARTESIAN_POINT('Origin',(-3.5857864376269,0.,-17.0477547928716));
#2660=CARTESIAN_POINT('',(-3.44783009432593,0.,-25.3586130970097));
#2661=CARTESIAN_POINT('',(-3.44783009432593,0.,-25.3586130970097));
#2662=CARTESIAN_POINT('',(-5.5857864376269,0.,-28.2320919526732));
#2663=CARTESIAN_POINT('Origin',(-2.5857864376269,0.,-28.2320919526732));
#2664=CARTESIAN_POINT('',(-5.5857864376269,0.,-29.));
#2665=CARTESIAN_POINT('',(-5.5857864376269,0.,-29.));
#2666=CARTESIAN_POINT('Origin',(-2.5857864376269,0.,-29.));
#2667=CARTESIAN_POINT('',(3.5,0.,14.4));
#2668=CARTESIAN_POINT('Origin',(3.5,0.,16.));
#2669=CARTESIAN_POINT('',(5.,0.,-8.1));
#2670=CARTESIAN_POINT('Origin',(5.,0.,-6.));
#2671=CARTESIAN_POINT('',(-2.5857864376269,0.,-27.4));
#2672=CARTESIAN_POINT('Origin',(-2.5857864376269,0.,-29.));
#2673=CARTESIAN_POINT('Origin',(5.,0.,-6.));
#2674=CARTESIAN_POINT('',(5.,3.,-8.1));
#2675=CARTESIAN_POINT('',(5.,0.,-8.1));
#2676=CARTESIAN_POINT('Origin',(5.,3.,-6.));
#2677=CARTESIAN_POINT('Origin',(16.,5.,-6.));
#2678=CARTESIAN_POINT('',(16.,5.,-10.5));
#2679=CARTESIAN_POINT('Origin',(21.,5.,-6.));
#2680=CARTESIAN_POINT('',(19.,5.,-12.5));
#2681=CARTESIAN_POINT('Origin',(19.,5.,-6.));
#2682=CARTESIAN_POINT('',(21.,5.,-12.5));
#2683=CARTESIAN_POINT('',(21.,5.,-12.5));
#2684=CARTESIAN_POINT('Origin',(21.,5.,-6.));
#2685=CARTESIAN_POINT('Origin',(21.,5.,-6.));
#2686=CARTESIAN_POINT('',(21.,5.,-10.5));
#2687=CARTESIAN_POINT('Origin',(21.,5.,-6.));
#2688=CARTESIAN_POINT('Origin',(19.,5.,-6.));
#2689=CARTESIAN_POINT('Origin',(23.,5.,-6.));
#2690=CARTESIAN_POINT('',(23.,5.,-10.5));
#2691=CARTESIAN_POINT('Origin',(23.,5.,-6.));
#2692=CARTESIAN_POINT('',(23.,5.,-4.4));
#2693=CARTESIAN_POINT('Origin',(23.,5.,-6.));
#2694=CARTESIAN_POINT('Origin',(23.,5.,-6.));
#2695=CARTESIAN_POINT('',(23.,5.,-10.5));
#2696=CARTESIAN_POINT('Origin',(15.5,5.,-6.));
#2697=CARTESIAN_POINT('',(15.5,5.,-4.4));
#2698=CARTESIAN_POINT('Origin',(15.5,5.,-6.));
#2699=CARTESIAN_POINT('',(15.5,5.,-4.4));
#2700=CARTESIAN_POINT('Origin',(10.,5.5,-12.5));
#2701=CARTESIAN_POINT('',(10.,7.,4.545454545456));
#2702=CARTESIAN_POINT('',(10.,7.,-6.));
#2703=CARTESIAN_POINT('Ctrl Pts',(11.5,5.5,-4.06350832689629));
#2704=CARTESIAN_POINT('Ctrl Pts',(11.5,5.6925555914757,-4.11322596682992));
#2705=CARTESIAN_POINT('Ctrl Pts',(11.4610659038986,5.88568789097852,-4.19567609014481));
#2706=CARTESIAN_POINT('Ctrl Pts',(11.3255359077396,6.22555031182727,-4.40687291668192));
#2707=CARTESIAN_POINT('Ctrl Pts',(11.2295031242586,6.37267848877112,-4.53533976997089));
#2708=CARTESIAN_POINT('Ctrl Pts',(10.9809002566065,6.65695305535564,-4.85160893194457));
#2709=CARTESIAN_POINT('Ctrl Pts',(10.7955246287328,6.78971815194903,-5.07377511515247));
#2710=CARTESIAN_POINT('Ctrl Pts',(10.4011855933266,6.96126070009969,-5.53692374705052));
#2711=CARTESIAN_POINT('Ctrl Pts',(10.1922823100391,7.,-5.7779715130771));
#2712=CARTESIAN_POINT('Ctrl Pts',(10.,7.,-6.));
#2713=CARTESIAN_POINT('',(11.0000000000004,6.61803398874958,0.));
#2714=CARTESIAN_POINT('Origin',(10.,5.5,0.));
#2715=CARTESIAN_POINT('Origin',(10.,5.5,4.545454545456));
#2716=CARTESIAN_POINT('Origin',(11.5,5.5,-12.5));
#2717=CARTESIAN_POINT('',(11.5,4.5,-7.93649167310371));
#2718=CARTESIAN_POINT('',(11.5,4.5,-12.));
#2719=CARTESIAN_POINT('Origin',(11.5,5.,-6.));
#2720=CARTESIAN_POINT('Origin',(10.,4.5,-12.5));
#2721=CARTESIAN_POINT('',(10.,3.,-12.));
#2722=CARTESIAN_POINT('Ctrl Pts',(11.5,4.5,-7.93649167310371));
#2723=CARTESIAN_POINT('Ctrl Pts',(11.5,4.3074444085243,-7.88677403317007));
#2724=CARTESIAN_POINT('Ctrl Pts',(11.4610659038986,4.11431210902148,-7.80432390985519));
#2725=CARTESIAN_POINT('Ctrl Pts',(11.3255359077396,3.77444968817273,-7.59312708331808));
#2726=CARTESIAN_POINT('Ctrl Pts',(11.2295031242586,3.62732151122888,-7.4646602300291));
#2727=CARTESIAN_POINT('Ctrl Pts',(10.9809002566065,3.34304694464436,-7.14839106805543));
#2728=CARTESIAN_POINT('Ctrl Pts',(10.7955246287328,3.21028184805097,-6.92622488484753));
#2729=CARTESIAN_POINT('Ctrl Pts',(10.4011855933266,3.03873929990031,-6.46307625294948));
#2730=CARTESIAN_POINT('Ctrl Pts',(10.1922823100391,3.,-6.2220284869229));
#2731=CARTESIAN_POINT('Ctrl Pts',(10.,3.,-6.));
#2732=CARTESIAN_POINT('Origin',(8.57252759403147E-16,7.,-12.5));
#2733=CARTESIAN_POINT('',(6.54058829184431,7.,-32.));
#2734=CARTESIAN_POINT('',(-2.5857864376269,7.,-32.));
#2735=CARTESIAN_POINT('',(6.54058829184431,7.,-32.));
#2736=CARTESIAN_POINT('',(9.48233031891707,7.,-29.5883484054145));
#2737=CARTESIAN_POINT('Origin',(6.54058829184431,7.,-29.));
#2738=CARTESIAN_POINT('',(9.48233031891707,7.,-29.5883484054145));
#2739=CARTESIAN_POINT('',(6.60000000000022,7.,20.));
#2740=CARTESIAN_POINT('',(6.60000000000022,7.,20.));
#2741=CARTESIAN_POINT('',(1.,7.,20.));
#2742=CARTESIAN_POINT('',(1.,7.,20.));
#2743=CARTESIAN_POINT('Origin',(1.,7.,19.));
#2744=CARTESIAN_POINT('',(0.57556612376928,7.,8.73020337948315));
#2745=CARTESIAN_POINT('Origin',(1.,7.,9.63566231544202));
#2746=CARTESIAN_POINT('',(2.62443387623072,7.,7.76979662051685));
#2747=CARTESIAN_POINT('',(0.57556612376928,7.,8.73020337948315));
#2748=CARTESIAN_POINT('',(3.2,7.,6.86433768455798));
#2749=CARTESIAN_POINT('Origin',(2.2,7.,6.86433768455798));
#2750=CARTESIAN_POINT('',(3.2,7.,-0.864337684557983));
#2751=CARTESIAN_POINT('',(3.2,7.,6.86433768455798));
#2752=CARTESIAN_POINT('',(2.62443387623072,7.,-1.76979662051685));
#2753=CARTESIAN_POINT('Origin',(2.2,7.,-0.864337684557982));
#2754=CARTESIAN_POINT('',(0.575566123769281,7.,-2.73020337948315));
#2755=CARTESIAN_POINT('',(2.62443387623073,7.,-1.76979662051685));
#2756=CARTESIAN_POINT('Origin',(1.,7.,-3.63566231544202));
#2757=CARTESIAN_POINT('',(0.292893218813452,7.,-8.29289321881344));
#2758=CARTESIAN_POINT('Origin',(1.,7.,-7.5857864376269));
#2759=CARTESIAN_POINT('',(3.70710678118655,7.,-11.7071067811865));
#2760=CARTESIAN_POINT('',(3.70710678118656,7.,-11.7071067811865));
#2761=CARTESIAN_POINT('Origin',(4.4142135623731,7.,-11.));
#2762=CARTESIAN_POINT('',(-1.28700335309616,7.,-24.7103650746408));
#2763=CARTESIAN_POINT('Origin',(-3.5857864376269,7.,-17.0477547928716));
#2764=CARTESIAN_POINT('',(-3.44783009432593,7.,-25.3586130970097));
#2765=CARTESIAN_POINT('',(-3.44783009432592,7.,-25.3586130970097));
#2766=CARTESIAN_POINT('',(-5.5857864376269,7.,-28.2320919526732));
#2767=CARTESIAN_POINT('Origin',(-2.5857864376269,7.,-28.2320919526732));
#2768=CARTESIAN_POINT('',(-5.5857864376269,7.,-29.));
#2769=CARTESIAN_POINT('',(-5.5857864376269,7.,-29.));
#2770=CARTESIAN_POINT('Origin',(-2.5857864376269,7.,-29.));
#2771=CARTESIAN_POINT('',(-2.5857864376269,7.,-27.4));
#2772=CARTESIAN_POINT('Origin',(-2.5857864376269,7.,-29.));
#2773=CARTESIAN_POINT('',(6.54058829184431,7.,-30.));
#2774=CARTESIAN_POINT('',(4.5009804864072,7.,-30.));
#2775=CARTESIAN_POINT('',(6.54058829184431,7.,-30.));
#2776=CARTESIAN_POINT('',(3.52039981071628,7.,-28.8038838648618));
#2777=CARTESIAN_POINT('Origin',(4.5009804864072,7.,-29.));
#2778=CARTESIAN_POINT('',(5.92039981071624,7.,-16.8038838648618));
#2779=CARTESIAN_POINT('',(3.52039981071628,7.,-28.8038838648618));
#2780=CARTESIAN_POINT('',(6.90098048640716,7.,-16.));
#2781=CARTESIAN_POINT('Origin',(6.90098048640716,7.,-17.));
#2782=CARTESIAN_POINT('',(8.94058829184427,7.,-16.));
#2783=CARTESIAN_POINT('',(6.90098048640716,7.,-16.));
#2784=CARTESIAN_POINT('',(9.92116896753519,7.,-17.1961161351382));
#2785=CARTESIAN_POINT('Origin',(8.94058829184427,7.,-17.));
#2786=CARTESIAN_POINT('',(7.52116896753523,7.,-29.1961161351382));
#2787=CARTESIAN_POINT('',(9.92116896753519,7.,-17.1961161351382));
#2788=CARTESIAN_POINT('Origin',(6.54058829184431,7.,-29.));
#2789=CARTESIAN_POINT('',(3.5,7.,14.4));
#2790=CARTESIAN_POINT('Origin',(3.5,7.,16.));
#2791=CARTESIAN_POINT('Origin',(8.57252759403147E-16,3.,-12.5));
#2792=CARTESIAN_POINT('',(9.48233031891707,3.,-29.5883484054145));
#2793=CARTESIAN_POINT('',(12.9999999999999,3.,-12.));
#2794=CARTESIAN_POINT('',(6.54058829184431,3.,-32.));
#2795=CARTESIAN_POINT('Origin',(6.54058829184431,3.,-29.));
#2796=CARTESIAN_POINT('',(-2.5857864376269,3.,-32.));
#2797=CARTESIAN_POINT('',(-2.5857864376269,3.,-32.));
#2798=CARTESIAN_POINT('',(-5.5857864376269,3.,-29.));
#2799=CARTESIAN_POINT('Origin',(-2.5857864376269,3.,-29.));
#2800=CARTESIAN_POINT('',(-5.5857864376269,3.,-28.2320919526732));
#2801=CARTESIAN_POINT('',(-5.5857864376269,3.,-28.2320919526732));
#2802=CARTESIAN_POINT('',(-3.44783009432593,3.,-25.3586130970097));
#2803=CARTESIAN_POINT('Origin',(-2.5857864376269,3.,-28.2320919526732));
#2804=CARTESIAN_POINT('',(-1.28700335309616,3.,-24.7103650746408));
#2805=CARTESIAN_POINT('',(-1.28700335309616,3.,-24.7103650746408));
#2806=CARTESIAN_POINT('Origin',(-3.5857864376269,3.,-17.0477547928716));
#2807=CARTESIAN_POINT('',(3.70710678118655,3.,-11.7071067811865));
#2808=CARTESIAN_POINT('Origin',(4.4142135623731,3.,-11.));
#2809=CARTESIAN_POINT('',(0.292893218813452,3.,-8.29289321881344));
#2810=CARTESIAN_POINT('',(0.292893218813452,3.,-8.29289321881344));
#2811=CARTESIAN_POINT('Origin',(1.,3.,-7.5857864376269));
#2812=CARTESIAN_POINT('',(0.575566123769281,3.,-2.73020337948315));
#2813=CARTESIAN_POINT('Origin',(1.,3.,-3.63566231544202));
#2814=CARTESIAN_POINT('',(2.62443387623072,3.,-1.76979662051685));
#2815=CARTESIAN_POINT('',(0.575566123769282,3.,-2.73020337948315));
#2816=CARTESIAN_POINT('',(3.2,3.,-0.864337684557983));
#2817=CARTESIAN_POINT('Origin',(2.2,3.,-0.864337684557982));
#2818=CARTESIAN_POINT('',(3.2,3.,6.86433768455798));
#2819=CARTESIAN_POINT('',(3.2,3.,-0.864337684557983));
#2820=CARTESIAN_POINT('',(2.62443387623072,3.,7.76979662051685));
#2821=CARTESIAN_POINT('Origin',(2.2,3.,6.86433768455798));
#2822=CARTESIAN_POINT('',(0.57556612376928,3.,8.73020337948315));
#2823=CARTESIAN_POINT('',(2.62443387623072,3.,7.76979662051685));
#2824=CARTESIAN_POINT('Origin',(1.,3.,9.63566231544202));
#2825=CARTESIAN_POINT('',(1.,3.,20.));
#2826=CARTESIAN_POINT('Origin',(1.,3.,19.));
#2827=CARTESIAN_POINT('',(6.60000000000022,3.,20.));
#2828=CARTESIAN_POINT('',(6.60000000000022,3.,20.));
#2829=CARTESIAN_POINT('',(10.,3.,4.54545454545601));
#2830=CARTESIAN_POINT('',(-2.5857864376269,3.,-27.4));
#2831=CARTESIAN_POINT('Origin',(-2.5857864376269,3.,-29.));
#2832=CARTESIAN_POINT('',(4.5009804864072,3.,-30.));
#2833=CARTESIAN_POINT('',(6.54058829184431,3.,-30.));
#2834=CARTESIAN_POINT('',(4.5009804864072,3.,-30.));
#2835=CARTESIAN_POINT('',(7.52116896753523,3.,-29.1961161351382));
#2836=CARTESIAN_POINT('Origin',(6.54058829184431,3.,-29.));
#2837=CARTESIAN_POINT('',(9.92116896753519,3.,-17.1961161351382));
#2838=CARTESIAN_POINT('',(7.52116896753523,3.,-29.1961161351382));
#2839=CARTESIAN_POINT('',(8.94058829184427,3.,-16.));
#2840=CARTESIAN_POINT('Origin',(8.94058829184427,3.,-17.));
#2841=CARTESIAN_POINT('',(6.90098048640716,3.,-16.));
#2842=CARTESIAN_POINT('',(8.94058829184427,3.,-16.));
#2843=CARTESIAN_POINT('',(5.92039981071624,3.,-16.8038838648618));
#2844=CARTESIAN_POINT('Origin',(6.90098048640716,3.,-17.));
#2845=CARTESIAN_POINT('',(3.52039981071628,3.,-28.8038838648618));
#2846=CARTESIAN_POINT('',(5.92039981071624,3.,-16.8038838648618));
#2847=CARTESIAN_POINT('Origin',(4.5009804864072,3.,-29.));
#2848=CARTESIAN_POINT('',(3.5,3.,14.4));
#2849=CARTESIAN_POINT('Origin',(3.5,3.,16.));
#2850=CARTESIAN_POINT('Origin',(0.,0.,0.));
#2851=CARTESIAN_POINT('',(11.0000000000004,3.38196601125042,0.));
#2852=CARTESIAN_POINT('Origin',(0.,0.,20.));
#2853=CARTESIAN_POINT('',(8.18019609728144,0.,20.));
#2854=CARTESIAN_POINT('',(1.,10.,20.));
#2855=CARTESIAN_POINT('',(6.60000000000022,3.,20.));
#2856=CARTESIAN_POINT('',(1.,3.,20.));
#2857=CARTESIAN_POINT('Origin',(9.,0.,20.));
#2858=CARTESIAN_POINT('',(9.16077677297236,0.,19.1961161351382));
#2859=CARTESIAN_POINT('Origin',(0.,5.,-6.));
#2860=CARTESIAN_POINT('',(15.5,5.,-4.));
#2861=CARTESIAN_POINT('',(0.,5.,-4.));
#2862=CARTESIAN_POINT('Origin',(15.5,5.,-6.));
#2863=CARTESIAN_POINT('Origin',(15.5,5.,-6.));
#2864=CARTESIAN_POINT('Origin',(0.,10.,50.0000000000001));
#2865=CARTESIAN_POINT('Origin',(3.5,-1.5,16.));
#2866=CARTESIAN_POINT('',(3.5,-1.5,14.4));
#2867=CARTESIAN_POINT('Origin',(3.5,-1.5,16.));
#2868=CARTESIAN_POINT('',(3.5,-1.5,14.4));
#2869=CARTESIAN_POINT('Origin',(0.,22.419339757008,-3.));
#2870=CARTESIAN_POINT('',(0.575566123769281,3.,-2.73020337948315));
#2871=CARTESIAN_POINT('',(2.62443387623072,3.,-1.76979662051685));
#2872=CARTESIAN_POINT('Origin',(3.2,22.419339757008,-1.5));
#2873=CARTESIAN_POINT('',(3.2,3.,-0.864337684557982));
#2874=CARTESIAN_POINT('',(3.2,3.,6.86433768455798));
#2875=CARTESIAN_POINT('Origin',(3.2,22.419339757008,7.5));
#2876=CARTESIAN_POINT('',(2.62443387623072,3.,7.76979662051685));
#2877=CARTESIAN_POINT('',(0.57556612376928,3.,8.73020337948315));
#2878=CARTESIAN_POINT('Origin',(3.2,22.419339757008,7.5));
#2879=CARTESIAN_POINT('',(0.57556612376928,10.,8.73020337948315));
#2880=CARTESIAN_POINT('',(2.62443387623072,10.,7.76979662051685));
#2881=CARTESIAN_POINT('Origin',(3.2,22.419339757008,-1.5));
#2882=CARTESIAN_POINT('',(3.2,10.,6.86433768455798));
#2883=CARTESIAN_POINT('',(3.2,10.,-0.864337684557982));
#2884=CARTESIAN_POINT('Origin',(0.,22.419339757008,-3.));
#2885=CARTESIAN_POINT('',(2.62443387623072,10.,-1.76979662051685));
#2886=CARTESIAN_POINT('',(0.575566123769281,10.,-2.73020337948315));
#2887=CARTESIAN_POINT('Origin',(0.,10.,-7.99999999999999));
#2888=CARTESIAN_POINT('',(3.70710678118655,0.,-11.7071067811865));
#2889=CARTESIAN_POINT('',(0.292893218813452,3.,-8.29289321881344));
#2890=CARTESIAN_POINT('Origin',(0.,10.,-7.99999999999999));
#2891=CARTESIAN_POINT('',(3.70710678118655,7.,-11.7071067811865));
#2892=CARTESIAN_POINT('',(0.292893218813452,10.,-8.29289321881344));
#2893=CARTESIAN_POINT('Origin',(8.18019609728144,0.,19.));
#2894=CARTESIAN_POINT('Origin',(4.4142135623731,10.,-11.));
#2895=CARTESIAN_POINT('Origin',(1.,10.,-7.5857864376269));
#2896=CARTESIAN_POINT('Origin',(1.,22.419339757008,-3.63566231544202));
#2897=CARTESIAN_POINT('Origin',(2.2,22.419339757008,-0.864337684557982));
#2898=CARTESIAN_POINT('Origin',(2.2,22.419339757008,6.86433768455798));
#2899=CARTESIAN_POINT('Origin',(1.,10.,9.63566231544202));
#2900=CARTESIAN_POINT('Origin',(1.,0.,19.));
#2901=CARTESIAN_POINT('Origin',(1.,0.,19.));
#2902=CARTESIAN_POINT('Origin',(1.,10.,9.63566231544202));
#2903=CARTESIAN_POINT('Origin',(2.2,22.419339757008,6.86433768455798));
#2904=CARTESIAN_POINT('Origin',(2.2,22.419339757008,-0.864337684557982));
#2905=CARTESIAN_POINT('Origin',(4.4142135623731,10.,-11.));
#2906=CARTESIAN_POINT('Origin',(1.,10.,-7.5857864376269));
#2907=CARTESIAN_POINT('Origin',(1.,22.419339757008,-3.63566231544202));
#2908=CARTESIAN_POINT('Origin',(0.,0.,-32.));
#2909=CARTESIAN_POINT('',(6.54058829184431,3.,-32.));
#2910=CARTESIAN_POINT('',(-2.5857864376269,3.,-32.));
#2911=CARTESIAN_POINT('Origin',(0.,0.,-32.));
#2912=CARTESIAN_POINT('',(6.54058829184431,10.,-32.));
#2913=CARTESIAN_POINT('',(-2.5857864376269,10.,-32.));
#2914=CARTESIAN_POINT('Origin',(-5.5857864376269,0.,0.));
#2915=CARTESIAN_POINT('',(-5.5857864376269,3.,-29.));
#2916=CARTESIAN_POINT('',(-5.5857864376269,3.,-28.2320919526732));
#2917=CARTESIAN_POINT('Origin',(-5.5857864376269,0.,0.));
#2918=CARTESIAN_POINT('',(-5.5857864376269,10.,-29.));
#2919=CARTESIAN_POINT('',(-5.5857864376269,10.,-28.2320919526732));
#2920=CARTESIAN_POINT('Origin',(8.99999999999999,0.,-32.));
#2921=CARTESIAN_POINT('',(9.48233031891707,10.,-29.5883484054145));
#2922=CARTESIAN_POINT('Origin',(8.99999999999999,0.,-32.));
#2923=CARTESIAN_POINT('',(9.48233031891707,3.,-29.5883484054145));
#2924=CARTESIAN_POINT('Origin',(-5.5857864376269,0.,-26.));
#2925=CARTESIAN_POINT('',(-3.44783009432593,7.,-25.3586130970097));
#2926=CARTESIAN_POINT('',(-1.28700335309616,7.,-24.7103650746408));
#2927=CARTESIAN_POINT('Origin',(-5.5857864376269,0.,-26.));
#2928=CARTESIAN_POINT('',(-3.44783009432593,0.,-25.3586130970097));
#2929=CARTESIAN_POINT('',(-1.28700335309616,0.,-24.7103650746408));
#2930=CARTESIAN_POINT('Origin',(-3.5857864376269,0.,-17.0477547928716));
#2931=CARTESIAN_POINT('Origin',(-3.5857864376269,0.,-17.0477547928716));
#2932=CARTESIAN_POINT('Origin',(6.54058829184431,0.,-29.));
#2933=CARTESIAN_POINT('Origin',(6.54058829184431,0.,-29.));
#2934=CARTESIAN_POINT('Origin',(-2.5857864376269,0.,-29.));
#2935=CARTESIAN_POINT('Origin',(-2.5857864376269,0.,-28.2320919526732));
#2936=CARTESIAN_POINT('Origin',(-2.5857864376269,0.,-29.));
#2937=CARTESIAN_POINT('Origin',(-2.5857864376269,0.,-28.2320919526732));
#2938=CARTESIAN_POINT('Origin',(6.0811765836886,25.5988335275717,-16.));
#2939=CARTESIAN_POINT('',(8.94058829184427,7.,-16.));
#2940=CARTESIAN_POINT('',(6.90098048640716,7.,-16.));
#2941=CARTESIAN_POINT('Origin',(10.1603921945628,25.5988335275717,-16.));
#2942=CARTESIAN_POINT('',(9.92116896753519,7.,-17.1961161351382));
#2943=CARTESIAN_POINT('',(7.52116896753523,7.,-29.1961161351382));
#2944=CARTESIAN_POINT('Origin',(7.36039219456287,25.5988335275717,-30.));
#2945=CARTESIAN_POINT('',(4.5009804864072,7.,-30.));
#2946=CARTESIAN_POINT('',(6.54058829184431,7.,-30.));
#2947=CARTESIAN_POINT('Origin',(3.28117658368864,25.5988335275717,-30.));
#2948=CARTESIAN_POINT('',(5.92039981071624,7.,-16.8038838648618));
#2949=CARTESIAN_POINT('',(3.52039981071628,7.,-28.8038838648618));
#2950=CARTESIAN_POINT('Origin',(8.94058829184427,25.5988335275717,-17.));
#2951=CARTESIAN_POINT('Origin',(6.90098048640716,25.5988335275717,-17.));
#2952=CARTESIAN_POINT('Origin',(4.5009804864072,25.5988335275717,-29.));
#2953=CARTESIAN_POINT('Origin',(6.54058829184431,25.5988335275717,-29.));
#2954=CARTESIAN_POINT('Origin',(-2.5857864376269,14.5254833995939,-29.));
#2955=CARTESIAN_POINT('',(-2.5857864376269,14.5254833995939,-27.4));
#2956=CARTESIAN_POINT('Origin',(-2.5857864376269,14.5254833995939,-29.));
#2957=CARTESIAN_POINT('',(-2.5857864376269,14.5254833995939,-27.4));
#2958=UNCERTAINTY_MEASURE_WITH_UNIT(LENGTH_MEASURE(0.01),#2962,
'DISTANCE_ACCURACY_VALUE',
'Maximum model space distance between geometric entities at asserted c
onnectivities');
#2959=UNCERTAINTY_MEASURE_WITH_UNIT(LENGTH_MEASURE(0.01),#2962,
'DISTANCE_ACCURACY_VALUE',
'Maximum model space distance between geometric entities at asserted c
onnectivities');
#2960=(
GEOMETRIC_REPRESENTATION_CONTEXT(3)
GLOBAL_UNCERTAINTY_ASSIGNED_CONTEXT((#2958))
GLOBAL_UNIT_ASSIGNED_CONTEXT((#2962,#2964,#2965))
REPRESENTATION_CONTEXT('','3D')
);
#2961=(
GEOMETRIC_REPRESENTATION_CONTEXT(3)
GLOBAL_UNCERTAINTY_ASSIGNED_CONTEXT((#2959))
GLOBAL_UNIT_ASSIGNED_CONTEXT((#2962,#2964,#2965))
REPRESENTATION_CONTEXT('','3D')
);
#2962=(
LENGTH_UNIT()
NAMED_UNIT(*)
SI_UNIT(.MILLI.,.METRE.)
);
#2963=(
LENGTH_UNIT()
NAMED_UNIT(*)
SI_UNIT($,.METRE.)
);
#2964=(
NAMED_UNIT(*)
PLANE_ANGLE_UNIT()
SI_UNIT($,.RADIAN.)
);
#2965=(
NAMED_UNIT(*)
SI_UNIT($,.STERADIAN.)
SOLID_ANGLE_UNIT()
);
#2966=SHAPE_DEFINITION_REPRESENTATION(#2967,#2968);
#2967=PRODUCT_DEFINITION_SHAPE('',$,#2970);
#2968=SHAPE_REPRESENTATION('',(#1726),#2960);
#2969=PRODUCT_DEFINITION_CONTEXT('part definition',#2974,'design');
#2970=PRODUCT_DEFINITION('2026-05-07-11-25-18-658','esiratta kinnitus',
#2971,#2969);
#2971=PRODUCT_DEFINITION_FORMATION('',$,#2976);
#2972=PRODUCT_RELATED_PRODUCT_CATEGORY('esiratta kinnitus',
'esiratta kinnitus',(#2976));
#2973=APPLICATION_PROTOCOL_DEFINITION('international standard',
'automotive_design',2009,#2974);
#2974=APPLICATION_CONTEXT(
'Core Data for Automotive Mechanical Design Process');
#2975=PRODUCT_CONTEXT('part definition',#2974,'mechanical');
#2976=PRODUCT('2026-05-07-11-25-18-658','esiratta kinnitus',$,(#2975));
#2977=PRESENTATION_STYLE_ASSIGNMENT((#2978));
#2978=SURFACE_STYLE_USAGE(.BOTH.,#2979);
#2979=SURFACE_SIDE_STYLE('',(#2980));
#2980=SURFACE_STYLE_FILL_AREA(#2981);
#2981=FILL_AREA_STYLE('Steel - Satin',(#2982));
#2982=FILL_AREA_STYLE_COLOUR('Steel - Satin',#2983);
#2983=COLOUR_RGB('Steel - Satin',0.627450980392157,0.627450980392157,0.627450980392157);
ENDSEC;
END-ISO-10303-21;
