ISO-10303-21;
HEADER;
/* Generated by software containing ST-Developer
 * from STEP Tools, Inc. (www.steptools.com) 
 */

FILE_DESCRIPTION(
/* description */ (''),
/* implementation_level */ '2;1');

FILE_NAME(
/* name */ 'Tagaratas.step',
/* time_stamp */ '2026-05-07T11:22:28+03:00',
/* author */ (''),
/* organization */ (''),
/* preprocessor_version */ 'ST-DEVELOPER v20.1',
/* originating_system */ 'Autodesk Translation Framework v15.8.0.0',
/* authorisation */ '');

FILE_SCHEMA (('AUTOMOTIVE_DESIGN { 1 0 10303 214 3 1 1 }'));
ENDSEC;

DATA;
#10=MECHANICAL_DESIGN_GEOMETRIC_PRESENTATION_REPRESENTATION('',(#13),#2651);
#11=SHAPE_REPRESENTATION_RELATIONSHIP('SRR','None',#2658,#12);
#12=ADVANCED_BREP_SHAPE_REPRESENTATION('',(#14),#2650);
#13=STYLED_ITEM('',(#2667),#14);
#14=MANIFOLD_SOLID_BREP('Body1',#1591);
#15=CONICAL_SURFACE('',#1744,1.59999999999945,0.785398163397448);
#16=CONICAL_SURFACE('',#1745,1.59999999999945,0.785398163397448);
#17=CONICAL_SURFACE('',#1746,1.59999999999945,0.785398163397448);
#18=CONICAL_SURFACE('',#1747,1.59999999999945,0.785398163397448);
#19=PLANE('',#1640);
#20=PLANE('',#1642);
#21=PLANE('',#1650);
#22=PLANE('',#1656);
#23=PLANE('',#1657);
#24=PLANE('',#1658);
#25=PLANE('',#1659);
#26=PLANE('',#1660);
#27=PLANE('',#1661);
#28=PLANE('',#1662);
#29=PLANE('',#1663);
#30=PLANE('',#1664);
#31=PLANE('',#1665);
#32=PLANE('',#1666);
#33=PLANE('',#1667);
#34=PLANE('',#1668);
#35=PLANE('',#1669);
#36=PLANE('',#1670);
#37=PLANE('',#1671);
#38=PLANE('',#1672);
#39=PLANE('',#1673);
#40=PLANE('',#1674);
#41=PLANE('',#1675);
#42=PLANE('',#1676);
#43=PLANE('',#1677);
#44=PLANE('',#1678);
#45=PLANE('',#1679);
#46=PLANE('',#1680);
#47=PLANE('',#1681);
#48=PLANE('',#1682);
#49=PLANE('',#1683);
#50=PLANE('',#1684);
#51=PLANE('',#1685);
#52=PLANE('',#1686);
#53=PLANE('',#1687);
#54=PLANE('',#1688);
#55=PLANE('',#1689);
#56=PLANE('',#1690);
#57=PLANE('',#1691);
#58=PLANE('',#1692);
#59=PLANE('',#1693);
#60=PLANE('',#1694);
#61=PLANE('',#1695);
#62=PLANE('',#1696);
#63=PLANE('',#1697);
#64=PLANE('',#1698);
#65=PLANE('',#1699);
#66=PLANE('',#1700);
#67=PLANE('',#1701);
#68=PLANE('',#1702);
#69=PLANE('',#1703);
#70=PLANE('',#1704);
#71=PLANE('',#1705);
#72=PLANE('',#1706);
#73=PLANE('',#1707);
#74=PLANE('',#1708);
#75=PLANE('',#1709);
#76=PLANE('',#1710);
#77=PLANE('',#1711);
#78=PLANE('',#1712);
#79=PLANE('',#1713);
#80=PLANE('',#1714);
#81=PLANE('',#1715);
#82=PLANE('',#1716);
#83=PLANE('',#1717);
#84=PLANE('',#1718);
#85=PLANE('',#1719);
#86=PLANE('',#1720);
#87=PLANE('',#1721);
#88=PLANE('',#1722);
#89=PLANE('',#1723);
#90=PLANE('',#1724);
#91=PLANE('',#1725);
#92=PLANE('',#1726);
#93=PLANE('',#1727);
#94=PLANE('',#1728);
#95=PLANE('',#1729);
#96=PLANE('',#1730);
#97=FACE_BOUND('',#212,.T.);
#98=FACE_BOUND('',#213,.T.);
#99=FACE_BOUND('',#214,.T.);
#100=FACE_BOUND('',#215,.T.);
#101=FACE_BOUND('',#216,.T.);
#102=FACE_BOUND('',#217,.T.);
#103=FACE_BOUND('',#218,.T.);
#104=FACE_BOUND('',#219,.T.);
#105=FACE_BOUND('',#220,.T.);
#106=FACE_BOUND('',#221,.T.);
#107=FACE_BOUND('',#222,.T.);
#108=FACE_BOUND('',#223,.T.);
#109=FACE_BOUND('',#224,.T.);
#110=FACE_BOUND('',#225,.T.);
#111=FACE_BOUND('',#227,.T.);
#112=FACE_BOUND('',#229,.T.);
#113=FACE_BOUND('',#230,.T.);
#114=FACE_BOUND('',#231,.T.);
#115=FACE_BOUND('',#232,.T.);
#116=FACE_BOUND('',#233,.T.);
#117=FACE_BOUND('',#236,.T.);
#118=FACE_BOUND('',#237,.T.);
#119=FACE_BOUND('',#238,.T.);
#120=FACE_BOUND('',#239,.T.);
#121=FACE_BOUND('',#240,.T.);
#122=FACE_OUTER_BOUND('',#211,.T.);
#123=FACE_OUTER_BOUND('',#226,.T.);
#124=FACE_OUTER_BOUND('',#228,.T.);
#125=FACE_OUTER_BOUND('',#234,.T.);
#126=FACE_OUTER_BOUND('',#235,.T.);
#127=FACE_OUTER_BOUND('',#241,.T.);
#128=FACE_OUTER_BOUND('',#242,.T.);
#129=FACE_OUTER_BOUND('',#243,.T.);
#130=FACE_OUTER_BOUND('',#244,.T.);
#131=FACE_OUTER_BOUND('',#245,.T.);
#132=FACE_OUTER_BOUND('',#246,.T.);
#133=FACE_OUTER_BOUND('',#247,.T.);
#134=FACE_OUTER_BOUND('',#248,.T.);
#135=FACE_OUTER_BOUND('',#249,.T.);
#136=FACE_OUTER_BOUND('',#250,.T.);
#137=FACE_OUTER_BOUND('',#251,.T.);
#138=FACE_OUTER_BOUND('',#252,.T.);
#139=FACE_OUTER_BOUND('',#253,.T.);
#140=FACE_OUTER_BOUND('',#254,.T.);
#141=FACE_OUTER_BOUND('',#255,.T.);
#142=FACE_OUTER_BOUND('',#256,.T.);
#143=FACE_OUTER_BOUND('',#257,.T.);
#144=FACE_OUTER_BOUND('',#258,.T.);
#145=FACE_OUTER_BOUND('',#259,.T.);
#146=FACE_OUTER_BOUND('',#260,.T.);
#147=FACE_OUTER_BOUND('',#261,.T.);
#148=FACE_OUTER_BOUND('',#262,.T.);
#149=FACE_OUTER_BOUND('',#263,.T.);
#150=FACE_OUTER_BOUND('',#264,.T.);
#151=FACE_OUTER_BOUND('',#265,.T.);
#152=FACE_OUTER_BOUND('',#266,.T.);
#153=FACE_OUTER_BOUND('',#267,.T.);
#154=FACE_OUTER_BOUND('',#268,.T.);
#155=FACE_OUTER_BOUND('',#269,.T.);
#156=FACE_OUTER_BOUND('',#270,.T.);
#157=FACE_OUTER_BOUND('',#271,.T.);
#158=FACE_OUTER_BOUND('',#272,.T.);
#159=FACE_OUTER_BOUND('',#273,.T.);
#160=FACE_OUTER_BOUND('',#274,.T.);
#161=FACE_OUTER_BOUND('',#275,.T.);
#162=FACE_OUTER_BOUND('',#276,.T.);
#163=FACE_OUTER_BOUND('',#277,.T.);
#164=FACE_OUTER_BOUND('',#278,.T.);
#165=FACE_OUTER_BOUND('',#279,.T.);
#166=FACE_OUTER_BOUND('',#280,.T.);
#167=FACE_OUTER_BOUND('',#281,.T.);
#168=FACE_OUTER_BOUND('',#282,.T.);
#169=FACE_OUTER_BOUND('',#283,.T.);
#170=FACE_OUTER_BOUND('',#284,.T.);
#171=FACE_OUTER_BOUND('',#285,.T.);
#172=FACE_OUTER_BOUND('',#286,.T.);
#173=FACE_OUTER_BOUND('',#287,.T.);
#174=FACE_OUTER_BOUND('',#288,.T.);
#175=FACE_OUTER_BOUND('',#289,.T.);
#176=FACE_OUTER_BOUND('',#290,.T.);
#177=FACE_OUTER_BOUND('',#291,.T.);
#178=FACE_OUTER_BOUND('',#292,.T.);
#179=FACE_OUTER_BOUND('',#293,.T.);
#180=FACE_OUTER_BOUND('',#294,.T.);
#181=FACE_OUTER_BOUND('',#295,.T.);
#182=FACE_OUTER_BOUND('',#296,.T.);
#183=FACE_OUTER_BOUND('',#297,.T.);
#184=FACE_OUTER_BOUND('',#298,.T.);
#185=FACE_OUTER_BOUND('',#299,.T.);
#186=FACE_OUTER_BOUND('',#300,.T.);
#187=FACE_OUTER_BOUND('',#301,.T.);
#188=FACE_OUTER_BOUND('',#302,.T.);
#189=FACE_OUTER_BOUND('',#303,.T.);
#190=FACE_OUTER_BOUND('',#304,.T.);
#191=FACE_OUTER_BOUND('',#305,.T.);
#192=FACE_OUTER_BOUND('',#306,.T.);
#193=FACE_OUTER_BOUND('',#307,.T.);
#194=FACE_OUTER_BOUND('',#308,.T.);
#195=FACE_OUTER_BOUND('',#309,.T.);
#196=FACE_OUTER_BOUND('',#310,.T.);
#197=FACE_OUTER_BOUND('',#311,.T.);
#198=FACE_OUTER_BOUND('',#312,.T.);
#199=FACE_OUTER_BOUND('',#313,.T.);
#200=FACE_OUTER_BOUND('',#314,.T.);
#201=FACE_OUTER_BOUND('',#315,.T.);
#202=FACE_OUTER_BOUND('',#316,.T.);
#203=FACE_OUTER_BOUND('',#317,.T.);
#204=FACE_OUTER_BOUND('',#318,.T.);
#205=FACE_OUTER_BOUND('',#319,.T.);
#206=FACE_OUTER_BOUND('',#320,.T.);
#207=FACE_OUTER_BOUND('',#321,.T.);
#208=FACE_OUTER_BOUND('',#322,.T.);
#209=FACE_OUTER_BOUND('',#323,.T.);
#210=FACE_OUTER_BOUND('',#324,.T.);
#211=EDGE_LOOP('',(#1063,#1064,#1065,#1066,#1067,#1068,#1069,#1070,#1071,
#1072,#1073,#1074));
#212=EDGE_LOOP('',(#1075,#1076,#1077,#1078));
#213=EDGE_LOOP('',(#1079,#1080,#1081,#1082));
#214=EDGE_LOOP('',(#1083,#1084,#1085,#1086));
#215=EDGE_LOOP('',(#1087,#1088,#1089,#1090));
#216=EDGE_LOOP('',(#1091,#1092,#1093,#1094));
#217=EDGE_LOOP('',(#1095,#1096,#1097,#1098));
#218=EDGE_LOOP('',(#1099,#1100,#1101,#1102));
#219=EDGE_LOOP('',(#1103,#1104,#1105,#1106));
#220=EDGE_LOOP('',(#1107,#1108,#1109,#1110));
#221=EDGE_LOOP('',(#1111,#1112,#1113,#1114));
#222=EDGE_LOOP('',(#1115,#1116,#1117,#1118));
#223=EDGE_LOOP('',(#1119,#1120,#1121,#1122));
#224=EDGE_LOOP('',(#1123,#1124,#1125,#1126));
#225=EDGE_LOOP('',(#1127,#1128,#1129,#1130));
#226=EDGE_LOOP('',(#1131));
#227=EDGE_LOOP('',(#1132));
#228=EDGE_LOOP('',(#1133));
#229=EDGE_LOOP('',(#1134));
#230=EDGE_LOOP('',(#1135));
#231=EDGE_LOOP('',(#1136));
#232=EDGE_LOOP('',(#1137));
#233=EDGE_LOOP('',(#1138));
#234=EDGE_LOOP('',(#1139,#1140,#1141,#1142));
#235=EDGE_LOOP('',(#1143));
#236=EDGE_LOOP('',(#1144));
#237=EDGE_LOOP('',(#1145));
#238=EDGE_LOOP('',(#1146));
#239=EDGE_LOOP('',(#1147));
#240=EDGE_LOOP('',(#1148));
#241=EDGE_LOOP('',(#1149,#1150,#1151,#1152));
#242=EDGE_LOOP('',(#1153,#1154,#1155,#1156));
#243=EDGE_LOOP('',(#1157,#1158,#1159,#1160));
#244=EDGE_LOOP('',(#1161,#1162,#1163,#1164));
#245=EDGE_LOOP('',(#1165,#1166,#1167,#1168));
#246=EDGE_LOOP('',(#1169,#1170,#1171,#1172));
#247=EDGE_LOOP('',(#1173,#1174,#1175,#1176));
#248=EDGE_LOOP('',(#1177,#1178,#1179,#1180));
#249=EDGE_LOOP('',(#1181,#1182,#1183,#1184));
#250=EDGE_LOOP('',(#1185,#1186,#1187,#1188));
#251=EDGE_LOOP('',(#1189,#1190,#1191,#1192));
#252=EDGE_LOOP('',(#1193,#1194,#1195,#1196));
#253=EDGE_LOOP('',(#1197,#1198,#1199,#1200));
#254=EDGE_LOOP('',(#1201,#1202,#1203,#1204));
#255=EDGE_LOOP('',(#1205,#1206,#1207,#1208));
#256=EDGE_LOOP('',(#1209,#1210,#1211,#1212));
#257=EDGE_LOOP('',(#1213,#1214,#1215,#1216));
#258=EDGE_LOOP('',(#1217,#1218,#1219,#1220));
#259=EDGE_LOOP('',(#1221,#1222,#1223,#1224));
#260=EDGE_LOOP('',(#1225,#1226,#1227,#1228));
#261=EDGE_LOOP('',(#1229,#1230,#1231,#1232));
#262=EDGE_LOOP('',(#1233,#1234,#1235,#1236));
#263=EDGE_LOOP('',(#1237,#1238,#1239,#1240));
#264=EDGE_LOOP('',(#1241,#1242,#1243,#1244));
#265=EDGE_LOOP('',(#1245,#1246,#1247,#1248));
#266=EDGE_LOOP('',(#1249,#1250,#1251,#1252));
#267=EDGE_LOOP('',(#1253,#1254,#1255,#1256));
#268=EDGE_LOOP('',(#1257,#1258,#1259,#1260));
#269=EDGE_LOOP('',(#1261,#1262,#1263,#1264));
#270=EDGE_LOOP('',(#1265,#1266,#1267,#1268));
#271=EDGE_LOOP('',(#1269,#1270,#1271,#1272));
#272=EDGE_LOOP('',(#1273,#1274,#1275,#1276));
#273=EDGE_LOOP('',(#1277,#1278,#1279,#1280));
#274=EDGE_LOOP('',(#1281,#1282,#1283,#1284));
#275=EDGE_LOOP('',(#1285,#1286,#1287,#1288));
#276=EDGE_LOOP('',(#1289,#1290,#1291,#1292));
#277=EDGE_LOOP('',(#1293,#1294,#1295,#1296));
#278=EDGE_LOOP('',(#1297,#1298,#1299,#1300));
#279=EDGE_LOOP('',(#1301,#1302,#1303,#1304));
#280=EDGE_LOOP('',(#1305,#1306,#1307,#1308));
#281=EDGE_LOOP('',(#1309,#1310,#1311,#1312));
#282=EDGE_LOOP('',(#1313,#1314,#1315,#1316));
#283=EDGE_LOOP('',(#1317,#1318,#1319,#1320));
#284=EDGE_LOOP('',(#1321,#1322,#1323,#1324));
#285=EDGE_LOOP('',(#1325,#1326,#1327,#1328));
#286=EDGE_LOOP('',(#1329,#1330,#1331,#1332));
#287=EDGE_LOOP('',(#1333,#1334,#1335,#1336));
#288=EDGE_LOOP('',(#1337,#1338,#1339,#1340));
#289=EDGE_LOOP('',(#1341,#1342,#1343,#1344));
#290=EDGE_LOOP('',(#1345,#1346,#1347,#1348));
#291=EDGE_LOOP('',(#1349,#1350,#1351,#1352));
#292=EDGE_LOOP('',(#1353,#1354,#1355,#1356));
#293=EDGE_LOOP('',(#1357,#1358,#1359,#1360));
#294=EDGE_LOOP('',(#1361,#1362,#1363,#1364));
#295=EDGE_LOOP('',(#1365,#1366,#1367,#1368));
#296=EDGE_LOOP('',(#1369,#1370,#1371,#1372));
#297=EDGE_LOOP('',(#1373,#1374,#1375,#1376));
#298=EDGE_LOOP('',(#1377,#1378,#1379,#1380));
#299=EDGE_LOOP('',(#1381,#1382,#1383,#1384));
#300=EDGE_LOOP('',(#1385,#1386,#1387,#1388));
#301=EDGE_LOOP('',(#1389,#1390,#1391,#1392));
#302=EDGE_LOOP('',(#1393,#1394,#1395,#1396,#1397));
#303=EDGE_LOOP('',(#1398,#1399,#1400,#1401));
#304=EDGE_LOOP('',(#1402,#1403,#1404,#1405,#1406));
#305=EDGE_LOOP('',(#1407,#1408,#1409,#1410));
#306=EDGE_LOOP('',(#1411,#1412,#1413,#1414));
#307=EDGE_LOOP('',(#1415,#1416,#1417,#1418));
#308=EDGE_LOOP('',(#1419,#1420,#1421,#1422));
#309=EDGE_LOOP('',(#1423,#1424,#1425,#1426));
#310=EDGE_LOOP('',(#1427,#1428,#1429,#1430));
#311=EDGE_LOOP('',(#1431,#1432,#1433,#1434));
#312=EDGE_LOOP('',(#1435,#1436,#1437,#1438));
#313=EDGE_LOOP('',(#1439,#1440,#1441,#1442));
#314=EDGE_LOOP('',(#1443,#1444,#1445,#1446));
#315=EDGE_LOOP('',(#1447,#1448,#1449,#1450));
#316=EDGE_LOOP('',(#1451,#1452,#1453,#1454,#1455));
#317=EDGE_LOOP('',(#1456,#1457,#1458,#1459));
#318=EDGE_LOOP('',(#1460,#1461,#1462,#1463,#1464));
#319=EDGE_LOOP('',(#1465,#1466,#1467,#1468,#1469));
#320=EDGE_LOOP('',(#1470,#1471,#1472,#1473,#1474));
#321=EDGE_LOOP('',(#1475,#1476,#1477,#1478,#1479));
#322=EDGE_LOOP('',(#1480,#1481,#1482,#1483,#1484));
#323=EDGE_LOOP('',(#1485,#1486,#1487,#1488,#1489));
#324=EDGE_LOOP('',(#1490,#1491,#1492,#1493,#1494));
#325=LINE('',#2203,#487);
#326=LINE('',#2207,#488);
#327=LINE('',#2211,#489);
#328=LINE('',#2216,#490);
#329=LINE('',#2220,#491);
#330=LINE('',#2224,#492);
#331=LINE('',#2228,#493);
#332=LINE('',#2232,#494);
#333=LINE('',#2236,#495);
#334=LINE('',#2240,#496);
#335=LINE('',#2244,#497);
#336=LINE('',#2248,#498);
#337=LINE('',#2252,#499);
#338=LINE('',#2256,#500);
#339=LINE('',#2260,#501);
#340=LINE('',#2264,#502);
#341=LINE('',#2268,#503);
#342=LINE('',#2272,#504);
#343=LINE('',#2276,#505);
#344=LINE('',#2280,#506);
#345=LINE('',#2286,#507);
#346=LINE('',#2289,#508);
#347=LINE('',#2292,#509);
#348=LINE('',#2296,#510);
#349=LINE('',#2300,#511);
#350=LINE('',#2304,#512);
#351=LINE('',#2308,#513);
#352=LINE('',#2312,#514);
#353=LINE('',#2316,#515);
#354=LINE('',#2320,#516);
#355=LINE('',#2324,#517);
#356=LINE('',#2328,#518);
#357=LINE('',#2347,#519);
#358=LINE('',#2361,#520);
#359=LINE('',#2363,#521);
#360=LINE('',#2364,#522);
#361=LINE('',#2367,#523);
#362=LINE('',#2368,#524);
#363=LINE('',#2371,#525);
#364=LINE('',#2372,#526);
#365=LINE('',#2374,#527);
#366=LINE('',#2378,#528);
#367=LINE('',#2380,#529);
#368=LINE('',#2381,#530);
#369=LINE('',#2384,#531);
#370=LINE('',#2385,#532);
#371=LINE('',#2388,#533);
#372=LINE('',#2389,#534);
#373=LINE('',#2391,#535);
#374=LINE('',#2395,#536);
#375=LINE('',#2397,#537);
#376=LINE('',#2398,#538);
#377=LINE('',#2401,#539);
#378=LINE('',#2402,#540);
#379=LINE('',#2405,#541);
#380=LINE('',#2406,#542);
#381=LINE('',#2408,#543);
#382=LINE('',#2412,#544);
#383=LINE('',#2414,#545);
#384=LINE('',#2415,#546);
#385=LINE('',#2418,#547);
#386=LINE('',#2419,#548);
#387=LINE('',#2422,#549);
#388=LINE('',#2423,#550);
#389=LINE('',#2425,#551);
#390=LINE('',#2429,#552);
#391=LINE('',#2431,#553);
#392=LINE('',#2432,#554);
#393=LINE('',#2435,#555);
#394=LINE('',#2436,#556);
#395=LINE('',#2439,#557);
#396=LINE('',#2440,#558);
#397=LINE('',#2442,#559);
#398=LINE('',#2446,#560);
#399=LINE('',#2448,#561);
#400=LINE('',#2449,#562);
#401=LINE('',#2452,#563);
#402=LINE('',#2453,#564);
#403=LINE('',#2456,#565);
#404=LINE('',#2457,#566);
#405=LINE('',#2459,#567);
#406=LINE('',#2463,#568);
#407=LINE('',#2465,#569);
#408=LINE('',#2466,#570);
#409=LINE('',#2469,#571);
#410=LINE('',#2470,#572);
#411=LINE('',#2473,#573);
#412=LINE('',#2474,#574);
#413=LINE('',#2476,#575);
#414=LINE('',#2480,#576);
#415=LINE('',#2482,#577);
#416=LINE('',#2483,#578);
#417=LINE('',#2486,#579);
#418=LINE('',#2487,#580);
#419=LINE('',#2490,#581);
#420=LINE('',#2491,#582);
#421=LINE('',#2493,#583);
#422=LINE('',#2497,#584);
#423=LINE('',#2499,#585);
#424=LINE('',#2500,#586);
#425=LINE('',#2503,#587);
#426=LINE('',#2504,#588);
#427=LINE('',#2507,#589);
#428=LINE('',#2508,#590);
#429=LINE('',#2510,#591);
#430=LINE('',#2514,#592);
#431=LINE('',#2516,#593);
#432=LINE('',#2517,#594);
#433=LINE('',#2520,#595);
#434=LINE('',#2521,#596);
#435=LINE('',#2524,#597);
#436=LINE('',#2525,#598);
#437=LINE('',#2527,#599);
#438=LINE('',#2531,#600);
#439=LINE('',#2533,#601);
#440=LINE('',#2534,#602);
#441=LINE('',#2537,#603);
#442=LINE('',#2538,#604);
#443=LINE('',#2541,#605);
#444=LINE('',#2542,#606);
#445=LINE('',#2544,#607);
#446=LINE('',#2548,#608);
#447=LINE('',#2550,#609);
#448=LINE('',#2551,#610);
#449=LINE('',#2554,#611);
#450=LINE('',#2555,#612);
#451=LINE('',#2558,#613);
#452=LINE('',#2559,#614);
#453=LINE('',#2561,#615);
#454=LINE('',#2565,#616);
#455=LINE('',#2567,#617);
#456=LINE('',#2568,#618);
#457=LINE('',#2571,#619);
#458=LINE('',#2572,#620);
#459=LINE('',#2575,#621);
#460=LINE('',#2576,#622);
#461=LINE('',#2578,#623);
#462=LINE('',#2582,#624);
#463=LINE('',#2584,#625);
#464=LINE('',#2585,#626);
#465=LINE('',#2588,#627);
#466=LINE('',#2589,#628);
#467=LINE('',#2592,#629);
#468=LINE('',#2593,#630);
#469=LINE('',#2595,#631);
#470=LINE('',#2599,#632);
#471=LINE('',#2601,#633);
#472=LINE('',#2602,#634);
#473=LINE('',#2605,#635);
#474=LINE('',#2606,#636);
#475=LINE('',#2609,#637);
#476=LINE('',#2610,#638);
#477=LINE('',#2612,#639);
#478=LINE('',#2618,#640);
#479=LINE('',#2621,#641);
#480=LINE('',#2626,#642);
#481=LINE('',#2632,#643);
#482=LINE('',#2638,#644);
#483=LINE('',#2641,#645);
#484=LINE('',#2643,#646);
#485=LINE('',#2645,#647);
#486=LINE('',#2647,#648);
#487=VECTOR('',#1754,17.);
#488=VECTOR('',#1757,25.5);
#489=VECTOR('',#1760,17.);
#490=VECTOR('',#1765,25.5);
#491=VECTOR('',#1768,25.5);
#492=VECTOR('',#1771,25.5);
#493=VECTOR('',#1774,25.5);
#494=VECTOR('',#1777,25.5);
#495=VECTOR('',#1780,25.5);
#496=VECTOR('',#1783,25.5);
#497=VECTOR('',#1786,25.5);
#498=VECTOR('',#1789,25.5);
#499=VECTOR('',#1792,25.5);
#500=VECTOR('',#1795,25.5);
#501=VECTOR('',#1798,25.5);
#502=VECTOR('',#1801,25.5);
#503=VECTOR('',#1804,25.5);
#504=VECTOR('',#1807,25.5);
#505=VECTOR('',#1810,25.5);
#506=VECTOR('',#1813,25.5);
#507=VECTOR('',#1818,25.5);
#508=VECTOR('',#1821,25.5);
#509=VECTOR('',#1822,25.5);
#510=VECTOR('',#1825,25.5);
#511=VECTOR('',#1828,25.5);
#512=VECTOR('',#1831,25.5);
#513=VECTOR('',#1834,25.5);
#514=VECTOR('',#1837,25.5);
#515=VECTOR('',#1840,25.5);
#516=VECTOR('',#1843,25.5);
#517=VECTOR('',#1846,25.5);
#518=VECTOR('',#1849,25.5);
#519=VECTOR('',#1872,14.);
#520=VECTOR('',#1887,1.38194301613413);
#521=VECTOR('',#1888,25.5);
#522=VECTOR('',#1889,1.38194301613413);
#523=VECTOR('',#1892,4.);
#524=VECTOR('',#1893,1.38194301613413);
#525=VECTOR('',#1896,25.5);
#526=VECTOR('',#1897,1.38194301613413);
#527=VECTOR('',#1900,3.99999999999999);
#528=VECTOR('',#1905,1.38194301613413);
#529=VECTOR('',#1906,25.5);
#530=VECTOR('',#1907,1.38194301613413);
#531=VECTOR('',#1910,4.);
#532=VECTOR('',#1911,1.38194301613413);
#533=VECTOR('',#1914,25.5);
#534=VECTOR('',#1915,1.38194301613413);
#535=VECTOR('',#1918,3.99999999999999);
#536=VECTOR('',#1923,1.38194301613413);
#537=VECTOR('',#1924,25.5);
#538=VECTOR('',#1925,1.38194301613413);
#539=VECTOR('',#1928,4.);
#540=VECTOR('',#1929,1.38194301613413);
#541=VECTOR('',#1932,25.5);
#542=VECTOR('',#1933,1.38194301613413);
#543=VECTOR('',#1936,4.);
#544=VECTOR('',#1941,1.38194301613413);
#545=VECTOR('',#1942,25.5);
#546=VECTOR('',#1943,1.38194301613413);
#547=VECTOR('',#1946,4.);
#548=VECTOR('',#1947,1.38194301613413);
#549=VECTOR('',#1950,25.5);
#550=VECTOR('',#1951,1.38194301613413);
#551=VECTOR('',#1954,4.);
#552=VECTOR('',#1959,1.38194301613413);
#553=VECTOR('',#1960,25.5);
#554=VECTOR('',#1961,1.38194301613413);
#555=VECTOR('',#1964,4.);
#556=VECTOR('',#1965,1.38194301613413);
#557=VECTOR('',#1968,25.5);
#558=VECTOR('',#1969,1.38194301613413);
#559=VECTOR('',#1972,3.99999999999999);
#560=VECTOR('',#1977,1.38194301613413);
#561=VECTOR('',#1978,25.5);
#562=VECTOR('',#1979,1.38194301613413);
#563=VECTOR('',#1982,4.);
#564=VECTOR('',#1983,1.38194301613413);
#565=VECTOR('',#1986,25.5);
#566=VECTOR('',#1987,1.38194301613413);
#567=VECTOR('',#1990,4.);
#568=VECTOR('',#1995,1.38194301613413);
#569=VECTOR('',#1996,25.5);
#570=VECTOR('',#1997,1.38194301613413);
#571=VECTOR('',#2000,4.);
#572=VECTOR('',#2001,1.38194301613413);
#573=VECTOR('',#2004,25.5);
#574=VECTOR('',#2005,1.38194301613413);
#575=VECTOR('',#2008,3.99999999999999);
#576=VECTOR('',#2013,1.38194301613413);
#577=VECTOR('',#2014,25.5);
#578=VECTOR('',#2015,1.38194301613413);
#579=VECTOR('',#2018,4.);
#580=VECTOR('',#2019,1.38194301613413);
#581=VECTOR('',#2022,25.5);
#582=VECTOR('',#2023,1.38194301613413);
#583=VECTOR('',#2026,4.);
#584=VECTOR('',#2031,1.38194301613413);
#585=VECTOR('',#2032,25.5);
#586=VECTOR('',#2033,1.38194301613413);
#587=VECTOR('',#2036,4.);
#588=VECTOR('',#2037,1.38194301613413);
#589=VECTOR('',#2040,25.5);
#590=VECTOR('',#2041,1.38194301613413);
#591=VECTOR('',#2044,4.);
#592=VECTOR('',#2049,1.38194301613413);
#593=VECTOR('',#2050,25.5);
#594=VECTOR('',#2051,1.38194301613413);
#595=VECTOR('',#2054,4.);
#596=VECTOR('',#2055,1.38194301613413);
#597=VECTOR('',#2058,25.5);
#598=VECTOR('',#2059,1.38194301613413);
#599=VECTOR('',#2062,4.);
#600=VECTOR('',#2067,1.38194301613413);
#601=VECTOR('',#2068,25.5);
#602=VECTOR('',#2069,1.38194301613413);
#603=VECTOR('',#2072,4.);
#604=VECTOR('',#2073,1.38194301613413);
#605=VECTOR('',#2076,25.5);
#606=VECTOR('',#2077,1.38194301613413);
#607=VECTOR('',#2080,3.99999999999999);
#608=VECTOR('',#2085,1.38194301613413);
#609=VECTOR('',#2086,25.5);
#610=VECTOR('',#2087,1.38194301613413);
#611=VECTOR('',#2090,4.);
#612=VECTOR('',#2091,1.38194301613413);
#613=VECTOR('',#2094,25.5);
#614=VECTOR('',#2095,1.38194301613413);
#615=VECTOR('',#2098,3.99999999999999);
#616=VECTOR('',#2103,1.38194301613413);
#617=VECTOR('',#2104,25.5);
#618=VECTOR('',#2105,1.38194301613413);
#619=VECTOR('',#2108,4.);
#620=VECTOR('',#2109,1.38194301613413);
#621=VECTOR('',#2112,25.5);
#622=VECTOR('',#2113,1.38194301613413);
#623=VECTOR('',#2116,3.99999999999999);
#624=VECTOR('',#2121,1.38194301613413);
#625=VECTOR('',#2122,25.5);
#626=VECTOR('',#2123,1.38194301613413);
#627=VECTOR('',#2126,4.);
#628=VECTOR('',#2127,1.38194301613413);
#629=VECTOR('',#2130,25.5);
#630=VECTOR('',#2131,1.38194301613413);
#631=VECTOR('',#2134,3.99999999999999);
#632=VECTOR('',#2139,1.38194301613413);
#633=VECTOR('',#2140,25.5);
#634=VECTOR('',#2141,1.38194301613413);
#635=VECTOR('',#2144,4.);
#636=VECTOR('',#2145,1.38194301613413);
#637=VECTOR('',#2148,25.5);
#638=VECTOR('',#2149,1.38194301613413);
#639=VECTOR('',#2152,3.99999999999999);
#640=VECTOR('',#2159,1.59999999999945);
#641=VECTOR('',#2164,1.99999999999945);
#642=VECTOR('',#2169,1.59999999999945);
#643=VECTOR('',#2176,1.59999999999945);
#644=VECTOR('',#2183,1.59999999999945);
#645=VECTOR('',#2188,1.59999999999945);
#646=VECTOR('',#2191,1.59999999999945);
#647=VECTOR('',#2194,1.59999999999945);
#648=VECTOR('',#2197,1.59999999999945);
#649=CIRCLE('',#1606,17.);
#650=CIRCLE('',#1607,17.);
#651=CIRCLE('',#1608,17.);
#652=CIRCLE('',#1609,17.);
#653=CIRCLE('',#1610,17.);
#654=CIRCLE('',#1611,17.);
#655=CIRCLE('',#1612,17.);
#656=CIRCLE('',#1613,17.);
#657=CIRCLE('',#1614,17.);
#658=CIRCLE('',#1615,17.);
#659=CIRCLE('',#1616,17.);
#660=CIRCLE('',#1617,17.);
#661=CIRCLE('',#1618,17.);
#662=CIRCLE('',#1619,17.);
#663=CIRCLE('',#1620,17.);
#664=CIRCLE('',#1621,17.);
#665=CIRCLE('',#1622,17.);
#666=CIRCLE('',#1623,17.);
#667=CIRCLE('',#1624,17.);
#668=CIRCLE('',#1625,17.);
#669=CIRCLE('',#1626,17.);
#670=CIRCLE('',#1627,17.);
#671=CIRCLE('',#1628,17.);
#672=CIRCLE('',#1629,17.);
#673=CIRCLE('',#1630,17.);
#674=CIRCLE('',#1631,17.);
#675=CIRCLE('',#1632,17.);
#676=CIRCLE('',#1633,17.);
#677=CIRCLE('',#1634,17.);
#678=CIRCLE('',#1635,17.);
#679=CIRCLE('',#1636,17.);
#680=CIRCLE('',#1637,17.);
#681=CIRCLE('',#1638,17.);
#682=CIRCLE('',#1639,17.);
#683=CIRCLE('',#1641,14.);
#684=CIRCLE('',#1643,3.09999999999945);
#685=CIRCLE('',#1644,3.09999999999945);
#686=CIRCLE('',#1645,3.09999999999945);
#687=CIRCLE('',#1646,3.09999999999945);
#688=CIRCLE('',#1647,1.99999999999945);
#689=CIRCLE('',#1649,14.);
#690=CIRCLE('',#1651,1.59999999999945);
#691=CIRCLE('',#1652,1.59999999999945);
#692=CIRCLE('',#1653,1.59999999999945);
#693=CIRCLE('',#1654,1.99999999999945);
#694=CIRCLE('',#1655,1.59999999999945);
#695=CIRCLE('',#1732,1.59999999999945);
#696=CIRCLE('',#1733,1.59999999999945);
#697=CIRCLE('',#1736,1.59999999999945);
#698=CIRCLE('',#1737,1.59999999999945);
#699=CIRCLE('',#1739,1.59999999999945);
#700=CIRCLE('',#1740,1.59999999999945);
#701=CIRCLE('',#1742,1.59999999999945);
#702=CIRCLE('',#1743,1.59999999999945);
#703=VERTEX_POINT('',#2200);
#704=VERTEX_POINT('',#2202);
#705=VERTEX_POINT('',#2204);
#706=VERTEX_POINT('',#2206);
#707=VERTEX_POINT('',#2208);
#708=VERTEX_POINT('',#2210);
#709=VERTEX_POINT('',#2213);
#710=VERTEX_POINT('',#2215);
#711=VERTEX_POINT('',#2218);
#712=VERTEX_POINT('',#2219);
#713=VERTEX_POINT('',#2221);
#714=VERTEX_POINT('',#2223);
#715=VERTEX_POINT('',#2226);
#716=VERTEX_POINT('',#2227);
#717=VERTEX_POINT('',#2229);
#718=VERTEX_POINT('',#2231);
#719=VERTEX_POINT('',#2234);
#720=VERTEX_POINT('',#2235);
#721=VERTEX_POINT('',#2237);
#722=VERTEX_POINT('',#2239);
#723=VERTEX_POINT('',#2242);
#724=VERTEX_POINT('',#2243);
#725=VERTEX_POINT('',#2245);
#726=VERTEX_POINT('',#2247);
#727=VERTEX_POINT('',#2250);
#728=VERTEX_POINT('',#2251);
#729=VERTEX_POINT('',#2253);
#730=VERTEX_POINT('',#2255);
#731=VERTEX_POINT('',#2258);
#732=VERTEX_POINT('',#2259);
#733=VERTEX_POINT('',#2261);
#734=VERTEX_POINT('',#2263);
#735=VERTEX_POINT('',#2266);
#736=VERTEX_POINT('',#2267);
#737=VERTEX_POINT('',#2269);
#738=VERTEX_POINT('',#2271);
#739=VERTEX_POINT('',#2274);
#740=VERTEX_POINT('',#2275);
#741=VERTEX_POINT('',#2277);
#742=VERTEX_POINT('',#2279);
#743=VERTEX_POINT('',#2282);
#744=VERTEX_POINT('',#2283);
#745=VERTEX_POINT('',#2285);
#746=VERTEX_POINT('',#2287);
#747=VERTEX_POINT('',#2290);
#748=VERTEX_POINT('',#2291);
#749=VERTEX_POINT('',#2293);
#750=VERTEX_POINT('',#2295);
#751=VERTEX_POINT('',#2298);
#752=VERTEX_POINT('',#2299);
#753=VERTEX_POINT('',#2301);
#754=VERTEX_POINT('',#2303);
#755=VERTEX_POINT('',#2306);
#756=VERTEX_POINT('',#2307);
#757=VERTEX_POINT('',#2309);
#758=VERTEX_POINT('',#2311);
#759=VERTEX_POINT('',#2314);
#760=VERTEX_POINT('',#2315);
#761=VERTEX_POINT('',#2317);
#762=VERTEX_POINT('',#2319);
#763=VERTEX_POINT('',#2322);
#764=VERTEX_POINT('',#2323);
#765=VERTEX_POINT('',#2325);
#766=VERTEX_POINT('',#2327);
#767=VERTEX_POINT('',#2331);
#768=VERTEX_POINT('',#2334);
#769=VERTEX_POINT('',#2336);
#770=VERTEX_POINT('',#2338);
#771=VERTEX_POINT('',#2340);
#772=VERTEX_POINT('',#2342);
#773=VERTEX_POINT('',#2345);
#774=VERTEX_POINT('',#2349);
#775=VERTEX_POINT('',#2351);
#776=VERTEX_POINT('',#2353);
#777=VERTEX_POINT('',#2355);
#778=VERTEX_POINT('',#2357);
#779=VERTEX_POINT('',#2360);
#780=VERTEX_POINT('',#2362);
#781=VERTEX_POINT('',#2366);
#782=VERTEX_POINT('',#2370);
#783=VERTEX_POINT('',#2377);
#784=VERTEX_POINT('',#2379);
#785=VERTEX_POINT('',#2383);
#786=VERTEX_POINT('',#2387);
#787=VERTEX_POINT('',#2394);
#788=VERTEX_POINT('',#2396);
#789=VERTEX_POINT('',#2400);
#790=VERTEX_POINT('',#2404);
#791=VERTEX_POINT('',#2411);
#792=VERTEX_POINT('',#2413);
#793=VERTEX_POINT('',#2417);
#794=VERTEX_POINT('',#2421);
#795=VERTEX_POINT('',#2428);
#796=VERTEX_POINT('',#2430);
#797=VERTEX_POINT('',#2434);
#798=VERTEX_POINT('',#2438);
#799=VERTEX_POINT('',#2445);
#800=VERTEX_POINT('',#2447);
#801=VERTEX_POINT('',#2451);
#802=VERTEX_POINT('',#2455);
#803=VERTEX_POINT('',#2462);
#804=VERTEX_POINT('',#2464);
#805=VERTEX_POINT('',#2468);
#806=VERTEX_POINT('',#2472);
#807=VERTEX_POINT('',#2479);
#808=VERTEX_POINT('',#2481);
#809=VERTEX_POINT('',#2485);
#810=VERTEX_POINT('',#2489);
#811=VERTEX_POINT('',#2496);
#812=VERTEX_POINT('',#2498);
#813=VERTEX_POINT('',#2502);
#814=VERTEX_POINT('',#2506);
#815=VERTEX_POINT('',#2513);
#816=VERTEX_POINT('',#2515);
#817=VERTEX_POINT('',#2519);
#818=VERTEX_POINT('',#2523);
#819=VERTEX_POINT('',#2530);
#820=VERTEX_POINT('',#2532);
#821=VERTEX_POINT('',#2536);
#822=VERTEX_POINT('',#2540);
#823=VERTEX_POINT('',#2547);
#824=VERTEX_POINT('',#2549);
#825=VERTEX_POINT('',#2553);
#826=VERTEX_POINT('',#2557);
#827=VERTEX_POINT('',#2564);
#828=VERTEX_POINT('',#2566);
#829=VERTEX_POINT('',#2570);
#830=VERTEX_POINT('',#2574);
#831=VERTEX_POINT('',#2581);
#832=VERTEX_POINT('',#2583);
#833=VERTEX_POINT('',#2587);
#834=VERTEX_POINT('',#2591);
#835=VERTEX_POINT('',#2598);
#836=VERTEX_POINT('',#2600);
#837=VERTEX_POINT('',#2604);
#838=VERTEX_POINT('',#2608);
#839=VERTEX_POINT('',#2615);
#840=VERTEX_POINT('',#2616);
#841=VERTEX_POINT('',#2623);
#842=VERTEX_POINT('',#2624);
#843=VERTEX_POINT('',#2629);
#844=VERTEX_POINT('',#2630);
#845=VERTEX_POINT('',#2635);
#846=VERTEX_POINT('',#2636);
#847=EDGE_CURVE('',#703,#703,#649,.T.);
#848=EDGE_CURVE('',#703,#704,#325,.T.);
#849=EDGE_CURVE('',#704,#705,#650,.T.);
#850=EDGE_CURVE('',#705,#706,#326,.F.);
#851=EDGE_CURVE('',#706,#707,#651,.T.);
#852=EDGE_CURVE('',#707,#708,#327,.T.);
#853=EDGE_CURVE('',#708,#708,#652,.T.);
#854=EDGE_CURVE('',#707,#709,#653,.T.);
#855=EDGE_CURVE('',#709,#710,#328,.T.);
#856=EDGE_CURVE('',#710,#704,#654,.T.);
#857=EDGE_CURVE('',#711,#712,#329,.T.);
#858=EDGE_CURVE('',#712,#713,#655,.T.);
#859=EDGE_CURVE('',#713,#714,#330,.F.);
#860=EDGE_CURVE('',#714,#711,#656,.T.);
#861=EDGE_CURVE('',#715,#716,#331,.T.);
#862=EDGE_CURVE('',#716,#717,#657,.T.);
#863=EDGE_CURVE('',#717,#718,#332,.F.);
#864=EDGE_CURVE('',#718,#715,#658,.T.);
#865=EDGE_CURVE('',#719,#720,#333,.T.);
#866=EDGE_CURVE('',#720,#721,#659,.T.);
#867=EDGE_CURVE('',#721,#722,#334,.F.);
#868=EDGE_CURVE('',#722,#719,#660,.T.);
#869=EDGE_CURVE('',#723,#724,#335,.T.);
#870=EDGE_CURVE('',#724,#725,#661,.T.);
#871=EDGE_CURVE('',#725,#726,#336,.F.);
#872=EDGE_CURVE('',#726,#723,#662,.T.);
#873=EDGE_CURVE('',#727,#728,#337,.T.);
#874=EDGE_CURVE('',#728,#729,#663,.T.);
#875=EDGE_CURVE('',#729,#730,#338,.F.);
#876=EDGE_CURVE('',#730,#727,#664,.T.);
#877=EDGE_CURVE('',#731,#732,#339,.T.);
#878=EDGE_CURVE('',#732,#733,#665,.T.);
#879=EDGE_CURVE('',#733,#734,#340,.F.);
#880=EDGE_CURVE('',#734,#731,#666,.T.);
#881=EDGE_CURVE('',#735,#736,#341,.T.);
#882=EDGE_CURVE('',#736,#737,#667,.T.);
#883=EDGE_CURVE('',#737,#738,#342,.F.);
#884=EDGE_CURVE('',#738,#735,#668,.T.);
#885=EDGE_CURVE('',#739,#740,#343,.T.);
#886=EDGE_CURVE('',#740,#741,#669,.T.);
#887=EDGE_CURVE('',#741,#742,#344,.F.);
#888=EDGE_CURVE('',#742,#739,#670,.T.);
#889=EDGE_CURVE('',#743,#744,#671,.T.);
#890=EDGE_CURVE('',#744,#745,#345,.F.);
#891=EDGE_CURVE('',#745,#746,#672,.T.);
#892=EDGE_CURVE('',#746,#743,#346,.T.);
#893=EDGE_CURVE('',#747,#748,#347,.T.);
#894=EDGE_CURVE('',#748,#749,#673,.T.);
#895=EDGE_CURVE('',#749,#750,#348,.F.);
#896=EDGE_CURVE('',#750,#747,#674,.T.);
#897=EDGE_CURVE('',#751,#752,#349,.T.);
#898=EDGE_CURVE('',#752,#753,#675,.T.);
#899=EDGE_CURVE('',#753,#754,#350,.F.);
#900=EDGE_CURVE('',#754,#751,#676,.T.);
#901=EDGE_CURVE('',#755,#756,#351,.T.);
#902=EDGE_CURVE('',#756,#757,#677,.T.);
#903=EDGE_CURVE('',#757,#758,#352,.F.);
#904=EDGE_CURVE('',#758,#755,#678,.T.);
#905=EDGE_CURVE('',#759,#760,#353,.T.);
#906=EDGE_CURVE('',#760,#761,#679,.T.);
#907=EDGE_CURVE('',#761,#762,#354,.F.);
#908=EDGE_CURVE('',#762,#759,#680,.T.);
#909=EDGE_CURVE('',#763,#764,#355,.T.);
#910=EDGE_CURVE('',#764,#765,#681,.T.);
#911=EDGE_CURVE('',#765,#766,#356,.F.);
#912=EDGE_CURVE('',#766,#763,#682,.T.);
#913=EDGE_CURVE('',#767,#767,#683,.T.);
#914=EDGE_CURVE('',#768,#768,#684,.T.);
#915=EDGE_CURVE('',#769,#769,#685,.T.);
#916=EDGE_CURVE('',#770,#770,#686,.T.);
#917=EDGE_CURVE('',#771,#771,#687,.T.);
#918=EDGE_CURVE('',#772,#772,#688,.F.);
#919=EDGE_CURVE('',#773,#773,#689,.T.);
#920=EDGE_CURVE('',#773,#767,#357,.T.);
#921=EDGE_CURVE('',#774,#774,#690,.T.);
#922=EDGE_CURVE('',#775,#775,#691,.T.);
#923=EDGE_CURVE('',#776,#776,#692,.T.);
#924=EDGE_CURVE('',#777,#777,#693,.T.);
#925=EDGE_CURVE('',#778,#778,#694,.T.);
#926=EDGE_CURVE('',#779,#765,#358,.T.);
#927=EDGE_CURVE('',#780,#779,#359,.T.);
#928=EDGE_CURVE('',#780,#766,#360,.T.);
#929=EDGE_CURVE('',#781,#780,#361,.T.);
#930=EDGE_CURVE('',#781,#763,#362,.T.);
#931=EDGE_CURVE('',#782,#781,#363,.T.);
#932=EDGE_CURVE('',#782,#764,#364,.T.);
#933=EDGE_CURVE('',#779,#782,#365,.T.);
#934=EDGE_CURVE('',#783,#761,#366,.T.);
#935=EDGE_CURVE('',#784,#783,#367,.T.);
#936=EDGE_CURVE('',#784,#762,#368,.T.);
#937=EDGE_CURVE('',#785,#784,#369,.T.);
#938=EDGE_CURVE('',#785,#759,#370,.T.);
#939=EDGE_CURVE('',#786,#785,#371,.T.);
#940=EDGE_CURVE('',#786,#760,#372,.T.);
#941=EDGE_CURVE('',#783,#786,#373,.T.);
#942=EDGE_CURVE('',#787,#757,#374,.T.);
#943=EDGE_CURVE('',#788,#787,#375,.T.);
#944=EDGE_CURVE('',#788,#758,#376,.T.);
#945=EDGE_CURVE('',#789,#788,#377,.T.);
#946=EDGE_CURVE('',#789,#755,#378,.T.);
#947=EDGE_CURVE('',#790,#789,#379,.T.);
#948=EDGE_CURVE('',#790,#756,#380,.T.);
#949=EDGE_CURVE('',#787,#790,#381,.T.);
#950=EDGE_CURVE('',#791,#753,#382,.T.);
#951=EDGE_CURVE('',#792,#791,#383,.T.);
#952=EDGE_CURVE('',#792,#754,#384,.T.);
#953=EDGE_CURVE('',#793,#792,#385,.T.);
#954=EDGE_CURVE('',#793,#751,#386,.T.);
#955=EDGE_CURVE('',#794,#793,#387,.T.);
#956=EDGE_CURVE('',#794,#752,#388,.T.);
#957=EDGE_CURVE('',#791,#794,#389,.T.);
#958=EDGE_CURVE('',#795,#749,#390,.T.);
#959=EDGE_CURVE('',#796,#795,#391,.T.);
#960=EDGE_CURVE('',#796,#750,#392,.T.);
#961=EDGE_CURVE('',#797,#796,#393,.T.);
#962=EDGE_CURVE('',#797,#747,#394,.T.);
#963=EDGE_CURVE('',#798,#797,#395,.T.);
#964=EDGE_CURVE('',#798,#748,#396,.T.);
#965=EDGE_CURVE('',#795,#798,#397,.T.);
#966=EDGE_CURVE('',#799,#744,#398,.T.);
#967=EDGE_CURVE('',#800,#799,#399,.T.);
#968=EDGE_CURVE('',#800,#745,#400,.T.);
#969=EDGE_CURVE('',#801,#800,#401,.T.);
#970=EDGE_CURVE('',#801,#746,#402,.T.);
#971=EDGE_CURVE('',#802,#801,#403,.T.);
#972=EDGE_CURVE('',#802,#743,#404,.T.);
#973=EDGE_CURVE('',#799,#802,#405,.T.);
#974=EDGE_CURVE('',#803,#741,#406,.T.);
#975=EDGE_CURVE('',#804,#803,#407,.T.);
#976=EDGE_CURVE('',#804,#742,#408,.T.);
#977=EDGE_CURVE('',#805,#804,#409,.T.);
#978=EDGE_CURVE('',#805,#739,#410,.T.);
#979=EDGE_CURVE('',#806,#805,#411,.T.);
#980=EDGE_CURVE('',#806,#740,#412,.T.);
#981=EDGE_CURVE('',#803,#806,#413,.T.);
#982=EDGE_CURVE('',#807,#737,#414,.T.);
#983=EDGE_CURVE('',#808,#807,#415,.T.);
#984=EDGE_CURVE('',#808,#738,#416,.T.);
#985=EDGE_CURVE('',#809,#808,#417,.T.);
#986=EDGE_CURVE('',#809,#735,#418,.T.);
#987=EDGE_CURVE('',#810,#809,#419,.T.);
#988=EDGE_CURVE('',#810,#736,#420,.T.);
#989=EDGE_CURVE('',#807,#810,#421,.T.);
#990=EDGE_CURVE('',#811,#733,#422,.T.);
#991=EDGE_CURVE('',#812,#811,#423,.T.);
#992=EDGE_CURVE('',#812,#734,#424,.T.);
#993=EDGE_CURVE('',#813,#812,#425,.T.);
#994=EDGE_CURVE('',#813,#731,#426,.T.);
#995=EDGE_CURVE('',#814,#813,#427,.T.);
#996=EDGE_CURVE('',#814,#732,#428,.T.);
#997=EDGE_CURVE('',#811,#814,#429,.T.);
#998=EDGE_CURVE('',#815,#729,#430,.T.);
#999=EDGE_CURVE('',#816,#815,#431,.T.);
#1000=EDGE_CURVE('',#816,#730,#432,.T.);
#1001=EDGE_CURVE('',#817,#816,#433,.T.);
#1002=EDGE_CURVE('',#817,#727,#434,.T.);
#1003=EDGE_CURVE('',#818,#817,#435,.T.);
#1004=EDGE_CURVE('',#818,#728,#436,.T.);
#1005=EDGE_CURVE('',#815,#818,#437,.T.);
#1006=EDGE_CURVE('',#819,#725,#438,.T.);
#1007=EDGE_CURVE('',#820,#819,#439,.T.);
#1008=EDGE_CURVE('',#820,#726,#440,.T.);
#1009=EDGE_CURVE('',#821,#820,#441,.T.);
#1010=EDGE_CURVE('',#821,#723,#442,.T.);
#1011=EDGE_CURVE('',#822,#821,#443,.T.);
#1012=EDGE_CURVE('',#822,#724,#444,.T.);
#1013=EDGE_CURVE('',#819,#822,#445,.T.);
#1014=EDGE_CURVE('',#823,#721,#446,.T.);
#1015=EDGE_CURVE('',#824,#823,#447,.T.);
#1016=EDGE_CURVE('',#824,#722,#448,.T.);
#1017=EDGE_CURVE('',#825,#824,#449,.T.);
#1018=EDGE_CURVE('',#825,#719,#450,.T.);
#1019=EDGE_CURVE('',#826,#825,#451,.T.);
#1020=EDGE_CURVE('',#826,#720,#452,.T.);
#1021=EDGE_CURVE('',#823,#826,#453,.T.);
#1022=EDGE_CURVE('',#827,#705,#454,.T.);
#1023=EDGE_CURVE('',#828,#827,#455,.T.);
#1024=EDGE_CURVE('',#828,#706,#456,.T.);
#1025=EDGE_CURVE('',#829,#828,#457,.T.);
#1026=EDGE_CURVE('',#829,#709,#458,.T.);
#1027=EDGE_CURVE('',#830,#829,#459,.T.);
#1028=EDGE_CURVE('',#830,#710,#460,.T.);
#1029=EDGE_CURVE('',#827,#830,#461,.T.);
#1030=EDGE_CURVE('',#831,#717,#462,.T.);
#1031=EDGE_CURVE('',#832,#831,#463,.T.);
#1032=EDGE_CURVE('',#832,#718,#464,.T.);
#1033=EDGE_CURVE('',#833,#832,#465,.T.);
#1034=EDGE_CURVE('',#833,#715,#466,.T.);
#1035=EDGE_CURVE('',#834,#833,#467,.T.);
#1036=EDGE_CURVE('',#834,#716,#468,.T.);
#1037=EDGE_CURVE('',#831,#834,#469,.T.);
#1038=EDGE_CURVE('',#835,#713,#470,.T.);
#1039=EDGE_CURVE('',#836,#835,#471,.T.);
#1040=EDGE_CURVE('',#836,#714,#472,.T.);
#1041=EDGE_CURVE('',#837,#836,#473,.T.);
#1042=EDGE_CURVE('',#837,#711,#474,.T.);
#1043=EDGE_CURVE('',#838,#837,#475,.T.);
#1044=EDGE_CURVE('',#838,#712,#476,.T.);
#1045=EDGE_CURVE('',#835,#838,#477,.T.);
#1046=EDGE_CURVE('',#839,#840,#695,.F.);
#1047=EDGE_CURVE('',#840,#778,#478,.T.);
#1048=EDGE_CURVE('',#840,#839,#696,.F.);
#1049=EDGE_CURVE('',#772,#777,#479,.T.);
#1050=EDGE_CURVE('',#841,#842,#697,.F.);
#1051=EDGE_CURVE('',#842,#776,#480,.T.);
#1052=EDGE_CURVE('',#842,#841,#698,.F.);
#1053=EDGE_CURVE('',#843,#844,#699,.F.);
#1054=EDGE_CURVE('',#844,#775,#481,.T.);
#1055=EDGE_CURVE('',#844,#843,#700,.F.);
#1056=EDGE_CURVE('',#845,#846,#701,.F.);
#1057=EDGE_CURVE('',#846,#774,#482,.T.);
#1058=EDGE_CURVE('',#846,#845,#702,.F.);
#1059=EDGE_CURVE('',#843,#768,#483,.T.);
#1060=EDGE_CURVE('',#841,#769,#484,.T.);
#1061=EDGE_CURVE('',#839,#770,#485,.T.);
#1062=EDGE_CURVE('',#845,#771,#486,.T.);
#1063=ORIENTED_EDGE('',*,*,#847,.T.);
#1064=ORIENTED_EDGE('',*,*,#848,.T.);
#1065=ORIENTED_EDGE('',*,*,#849,.T.);
#1066=ORIENTED_EDGE('',*,*,#850,.T.);
#1067=ORIENTED_EDGE('',*,*,#851,.T.);
#1068=ORIENTED_EDGE('',*,*,#852,.T.);
#1069=ORIENTED_EDGE('',*,*,#853,.F.);
#1070=ORIENTED_EDGE('',*,*,#852,.F.);
#1071=ORIENTED_EDGE('',*,*,#854,.T.);
#1072=ORIENTED_EDGE('',*,*,#855,.T.);
#1073=ORIENTED_EDGE('',*,*,#856,.T.);
#1074=ORIENTED_EDGE('',*,*,#848,.F.);
#1075=ORIENTED_EDGE('',*,*,#857,.T.);
#1076=ORIENTED_EDGE('',*,*,#858,.T.);
#1077=ORIENTED_EDGE('',*,*,#859,.T.);
#1078=ORIENTED_EDGE('',*,*,#860,.T.);
#1079=ORIENTED_EDGE('',*,*,#861,.T.);
#1080=ORIENTED_EDGE('',*,*,#862,.T.);
#1081=ORIENTED_EDGE('',*,*,#863,.T.);
#1082=ORIENTED_EDGE('',*,*,#864,.T.);
#1083=ORIENTED_EDGE('',*,*,#865,.T.);
#1084=ORIENTED_EDGE('',*,*,#866,.T.);
#1085=ORIENTED_EDGE('',*,*,#867,.T.);
#1086=ORIENTED_EDGE('',*,*,#868,.T.);
#1087=ORIENTED_EDGE('',*,*,#869,.T.);
#1088=ORIENTED_EDGE('',*,*,#870,.T.);
#1089=ORIENTED_EDGE('',*,*,#871,.T.);
#1090=ORIENTED_EDGE('',*,*,#872,.T.);
#1091=ORIENTED_EDGE('',*,*,#873,.T.);
#1092=ORIENTED_EDGE('',*,*,#874,.T.);
#1093=ORIENTED_EDGE('',*,*,#875,.T.);
#1094=ORIENTED_EDGE('',*,*,#876,.T.);
#1095=ORIENTED_EDGE('',*,*,#877,.T.);
#1096=ORIENTED_EDGE('',*,*,#878,.T.);
#1097=ORIENTED_EDGE('',*,*,#879,.T.);
#1098=ORIENTED_EDGE('',*,*,#880,.T.);
#1099=ORIENTED_EDGE('',*,*,#881,.T.);
#1100=ORIENTED_EDGE('',*,*,#882,.T.);
#1101=ORIENTED_EDGE('',*,*,#883,.T.);
#1102=ORIENTED_EDGE('',*,*,#884,.T.);
#1103=ORIENTED_EDGE('',*,*,#885,.T.);
#1104=ORIENTED_EDGE('',*,*,#886,.T.);
#1105=ORIENTED_EDGE('',*,*,#887,.T.);
#1106=ORIENTED_EDGE('',*,*,#888,.T.);
#1107=ORIENTED_EDGE('',*,*,#889,.T.);
#1108=ORIENTED_EDGE('',*,*,#890,.T.);
#1109=ORIENTED_EDGE('',*,*,#891,.T.);
#1110=ORIENTED_EDGE('',*,*,#892,.T.);
#1111=ORIENTED_EDGE('',*,*,#893,.T.);
#1112=ORIENTED_EDGE('',*,*,#894,.T.);
#1113=ORIENTED_EDGE('',*,*,#895,.T.);
#1114=ORIENTED_EDGE('',*,*,#896,.T.);
#1115=ORIENTED_EDGE('',*,*,#897,.T.);
#1116=ORIENTED_EDGE('',*,*,#898,.T.);
#1117=ORIENTED_EDGE('',*,*,#899,.T.);
#1118=ORIENTED_EDGE('',*,*,#900,.T.);
#1119=ORIENTED_EDGE('',*,*,#901,.T.);
#1120=ORIENTED_EDGE('',*,*,#902,.T.);
#1121=ORIENTED_EDGE('',*,*,#903,.T.);
#1122=ORIENTED_EDGE('',*,*,#904,.T.);
#1123=ORIENTED_EDGE('',*,*,#905,.T.);
#1124=ORIENTED_EDGE('',*,*,#906,.T.);
#1125=ORIENTED_EDGE('',*,*,#907,.T.);
#1126=ORIENTED_EDGE('',*,*,#908,.T.);
#1127=ORIENTED_EDGE('',*,*,#909,.T.);
#1128=ORIENTED_EDGE('',*,*,#910,.T.);
#1129=ORIENTED_EDGE('',*,*,#911,.T.);
#1130=ORIENTED_EDGE('',*,*,#912,.T.);
#1131=ORIENTED_EDGE('',*,*,#853,.T.);
#1132=ORIENTED_EDGE('',*,*,#913,.F.);
#1133=ORIENTED_EDGE('',*,*,#847,.F.);
#1134=ORIENTED_EDGE('',*,*,#914,.T.);
#1135=ORIENTED_EDGE('',*,*,#915,.T.);
#1136=ORIENTED_EDGE('',*,*,#916,.T.);
#1137=ORIENTED_EDGE('',*,*,#917,.T.);
#1138=ORIENTED_EDGE('',*,*,#918,.F.);
#1139=ORIENTED_EDGE('',*,*,#919,.F.);
#1140=ORIENTED_EDGE('',*,*,#920,.T.);
#1141=ORIENTED_EDGE('',*,*,#913,.T.);
#1142=ORIENTED_EDGE('',*,*,#920,.F.);
#1143=ORIENTED_EDGE('',*,*,#919,.T.);
#1144=ORIENTED_EDGE('',*,*,#921,.F.);
#1145=ORIENTED_EDGE('',*,*,#922,.F.);
#1146=ORIENTED_EDGE('',*,*,#923,.F.);
#1147=ORIENTED_EDGE('',*,*,#924,.F.);
#1148=ORIENTED_EDGE('',*,*,#925,.F.);
#1149=ORIENTED_EDGE('',*,*,#926,.F.);
#1150=ORIENTED_EDGE('',*,*,#927,.F.);
#1151=ORIENTED_EDGE('',*,*,#928,.T.);
#1152=ORIENTED_EDGE('',*,*,#911,.F.);
#1153=ORIENTED_EDGE('',*,*,#928,.F.);
#1154=ORIENTED_EDGE('',*,*,#929,.F.);
#1155=ORIENTED_EDGE('',*,*,#930,.T.);
#1156=ORIENTED_EDGE('',*,*,#912,.F.);
#1157=ORIENTED_EDGE('',*,*,#930,.F.);
#1158=ORIENTED_EDGE('',*,*,#931,.F.);
#1159=ORIENTED_EDGE('',*,*,#932,.T.);
#1160=ORIENTED_EDGE('',*,*,#909,.F.);
#1161=ORIENTED_EDGE('',*,*,#932,.F.);
#1162=ORIENTED_EDGE('',*,*,#933,.F.);
#1163=ORIENTED_EDGE('',*,*,#926,.T.);
#1164=ORIENTED_EDGE('',*,*,#910,.F.);
#1165=ORIENTED_EDGE('',*,*,#927,.T.);
#1166=ORIENTED_EDGE('',*,*,#933,.T.);
#1167=ORIENTED_EDGE('',*,*,#931,.T.);
#1168=ORIENTED_EDGE('',*,*,#929,.T.);
#1169=ORIENTED_EDGE('',*,*,#934,.F.);
#1170=ORIENTED_EDGE('',*,*,#935,.F.);
#1171=ORIENTED_EDGE('',*,*,#936,.T.);
#1172=ORIENTED_EDGE('',*,*,#907,.F.);
#1173=ORIENTED_EDGE('',*,*,#936,.F.);
#1174=ORIENTED_EDGE('',*,*,#937,.F.);
#1175=ORIENTED_EDGE('',*,*,#938,.T.);
#1176=ORIENTED_EDGE('',*,*,#908,.F.);
#1177=ORIENTED_EDGE('',*,*,#938,.F.);
#1178=ORIENTED_EDGE('',*,*,#939,.F.);
#1179=ORIENTED_EDGE('',*,*,#940,.T.);
#1180=ORIENTED_EDGE('',*,*,#905,.F.);
#1181=ORIENTED_EDGE('',*,*,#940,.F.);
#1182=ORIENTED_EDGE('',*,*,#941,.F.);
#1183=ORIENTED_EDGE('',*,*,#934,.T.);
#1184=ORIENTED_EDGE('',*,*,#906,.F.);
#1185=ORIENTED_EDGE('',*,*,#935,.T.);
#1186=ORIENTED_EDGE('',*,*,#941,.T.);
#1187=ORIENTED_EDGE('',*,*,#939,.T.);
#1188=ORIENTED_EDGE('',*,*,#937,.T.);
#1189=ORIENTED_EDGE('',*,*,#942,.F.);
#1190=ORIENTED_EDGE('',*,*,#943,.F.);
#1191=ORIENTED_EDGE('',*,*,#944,.T.);
#1192=ORIENTED_EDGE('',*,*,#903,.F.);
#1193=ORIENTED_EDGE('',*,*,#944,.F.);
#1194=ORIENTED_EDGE('',*,*,#945,.F.);
#1195=ORIENTED_EDGE('',*,*,#946,.T.);
#1196=ORIENTED_EDGE('',*,*,#904,.F.);
#1197=ORIENTED_EDGE('',*,*,#946,.F.);
#1198=ORIENTED_EDGE('',*,*,#947,.F.);
#1199=ORIENTED_EDGE('',*,*,#948,.T.);
#1200=ORIENTED_EDGE('',*,*,#901,.F.);
#1201=ORIENTED_EDGE('',*,*,#948,.F.);
#1202=ORIENTED_EDGE('',*,*,#949,.F.);
#1203=ORIENTED_EDGE('',*,*,#942,.T.);
#1204=ORIENTED_EDGE('',*,*,#902,.F.);
#1205=ORIENTED_EDGE('',*,*,#943,.T.);
#1206=ORIENTED_EDGE('',*,*,#949,.T.);
#1207=ORIENTED_EDGE('',*,*,#947,.T.);
#1208=ORIENTED_EDGE('',*,*,#945,.T.);
#1209=ORIENTED_EDGE('',*,*,#950,.F.);
#1210=ORIENTED_EDGE('',*,*,#951,.F.);
#1211=ORIENTED_EDGE('',*,*,#952,.T.);
#1212=ORIENTED_EDGE('',*,*,#899,.F.);
#1213=ORIENTED_EDGE('',*,*,#952,.F.);
#1214=ORIENTED_EDGE('',*,*,#953,.F.);
#1215=ORIENTED_EDGE('',*,*,#954,.T.);
#1216=ORIENTED_EDGE('',*,*,#900,.F.);
#1217=ORIENTED_EDGE('',*,*,#954,.F.);
#1218=ORIENTED_EDGE('',*,*,#955,.F.);
#1219=ORIENTED_EDGE('',*,*,#956,.T.);
#1220=ORIENTED_EDGE('',*,*,#897,.F.);
#1221=ORIENTED_EDGE('',*,*,#956,.F.);
#1222=ORIENTED_EDGE('',*,*,#957,.F.);
#1223=ORIENTED_EDGE('',*,*,#950,.T.);
#1224=ORIENTED_EDGE('',*,*,#898,.F.);
#1225=ORIENTED_EDGE('',*,*,#951,.T.);
#1226=ORIENTED_EDGE('',*,*,#957,.T.);
#1227=ORIENTED_EDGE('',*,*,#955,.T.);
#1228=ORIENTED_EDGE('',*,*,#953,.T.);
#1229=ORIENTED_EDGE('',*,*,#958,.F.);
#1230=ORIENTED_EDGE('',*,*,#959,.F.);
#1231=ORIENTED_EDGE('',*,*,#960,.T.);
#1232=ORIENTED_EDGE('',*,*,#895,.F.);
#1233=ORIENTED_EDGE('',*,*,#960,.F.);
#1234=ORIENTED_EDGE('',*,*,#961,.F.);
#1235=ORIENTED_EDGE('',*,*,#962,.T.);
#1236=ORIENTED_EDGE('',*,*,#896,.F.);
#1237=ORIENTED_EDGE('',*,*,#962,.F.);
#1238=ORIENTED_EDGE('',*,*,#963,.F.);
#1239=ORIENTED_EDGE('',*,*,#964,.T.);
#1240=ORIENTED_EDGE('',*,*,#893,.F.);
#1241=ORIENTED_EDGE('',*,*,#964,.F.);
#1242=ORIENTED_EDGE('',*,*,#965,.F.);
#1243=ORIENTED_EDGE('',*,*,#958,.T.);
#1244=ORIENTED_EDGE('',*,*,#894,.F.);
#1245=ORIENTED_EDGE('',*,*,#959,.T.);
#1246=ORIENTED_EDGE('',*,*,#965,.T.);
#1247=ORIENTED_EDGE('',*,*,#963,.T.);
#1248=ORIENTED_EDGE('',*,*,#961,.T.);
#1249=ORIENTED_EDGE('',*,*,#966,.F.);
#1250=ORIENTED_EDGE('',*,*,#967,.F.);
#1251=ORIENTED_EDGE('',*,*,#968,.T.);
#1252=ORIENTED_EDGE('',*,*,#890,.F.);
#1253=ORIENTED_EDGE('',*,*,#968,.F.);
#1254=ORIENTED_EDGE('',*,*,#969,.F.);
#1255=ORIENTED_EDGE('',*,*,#970,.T.);
#1256=ORIENTED_EDGE('',*,*,#891,.F.);
#1257=ORIENTED_EDGE('',*,*,#970,.F.);
#1258=ORIENTED_EDGE('',*,*,#971,.F.);
#1259=ORIENTED_EDGE('',*,*,#972,.T.);
#1260=ORIENTED_EDGE('',*,*,#892,.F.);
#1261=ORIENTED_EDGE('',*,*,#889,.F.);
#1262=ORIENTED_EDGE('',*,*,#972,.F.);
#1263=ORIENTED_EDGE('',*,*,#973,.F.);
#1264=ORIENTED_EDGE('',*,*,#966,.T.);
#1265=ORIENTED_EDGE('',*,*,#967,.T.);
#1266=ORIENTED_EDGE('',*,*,#973,.T.);
#1267=ORIENTED_EDGE('',*,*,#971,.T.);
#1268=ORIENTED_EDGE('',*,*,#969,.T.);
#1269=ORIENTED_EDGE('',*,*,#974,.F.);
#1270=ORIENTED_EDGE('',*,*,#975,.F.);
#1271=ORIENTED_EDGE('',*,*,#976,.T.);
#1272=ORIENTED_EDGE('',*,*,#887,.F.);
#1273=ORIENTED_EDGE('',*,*,#976,.F.);
#1274=ORIENTED_EDGE('',*,*,#977,.F.);
#1275=ORIENTED_EDGE('',*,*,#978,.T.);
#1276=ORIENTED_EDGE('',*,*,#888,.F.);
#1277=ORIENTED_EDGE('',*,*,#978,.F.);
#1278=ORIENTED_EDGE('',*,*,#979,.F.);
#1279=ORIENTED_EDGE('',*,*,#980,.T.);
#1280=ORIENTED_EDGE('',*,*,#885,.F.);
#1281=ORIENTED_EDGE('',*,*,#980,.F.);
#1282=ORIENTED_EDGE('',*,*,#981,.F.);
#1283=ORIENTED_EDGE('',*,*,#974,.T.);
#1284=ORIENTED_EDGE('',*,*,#886,.F.);
#1285=ORIENTED_EDGE('',*,*,#975,.T.);
#1286=ORIENTED_EDGE('',*,*,#981,.T.);
#1287=ORIENTED_EDGE('',*,*,#979,.T.);
#1288=ORIENTED_EDGE('',*,*,#977,.T.);
#1289=ORIENTED_EDGE('',*,*,#982,.F.);
#1290=ORIENTED_EDGE('',*,*,#983,.F.);
#1291=ORIENTED_EDGE('',*,*,#984,.T.);
#1292=ORIENTED_EDGE('',*,*,#883,.F.);
#1293=ORIENTED_EDGE('',*,*,#984,.F.);
#1294=ORIENTED_EDGE('',*,*,#985,.F.);
#1295=ORIENTED_EDGE('',*,*,#986,.T.);
#1296=ORIENTED_EDGE('',*,*,#884,.F.);
#1297=ORIENTED_EDGE('',*,*,#986,.F.);
#1298=ORIENTED_EDGE('',*,*,#987,.F.);
#1299=ORIENTED_EDGE('',*,*,#988,.T.);
#1300=ORIENTED_EDGE('',*,*,#881,.F.);
#1301=ORIENTED_EDGE('',*,*,#988,.F.);
#1302=ORIENTED_EDGE('',*,*,#989,.F.);
#1303=ORIENTED_EDGE('',*,*,#982,.T.);
#1304=ORIENTED_EDGE('',*,*,#882,.F.);
#1305=ORIENTED_EDGE('',*,*,#983,.T.);
#1306=ORIENTED_EDGE('',*,*,#989,.T.);
#1307=ORIENTED_EDGE('',*,*,#987,.T.);
#1308=ORIENTED_EDGE('',*,*,#985,.T.);
#1309=ORIENTED_EDGE('',*,*,#990,.F.);
#1310=ORIENTED_EDGE('',*,*,#991,.F.);
#1311=ORIENTED_EDGE('',*,*,#992,.T.);
#1312=ORIENTED_EDGE('',*,*,#879,.F.);
#1313=ORIENTED_EDGE('',*,*,#992,.F.);
#1314=ORIENTED_EDGE('',*,*,#993,.F.);
#1315=ORIENTED_EDGE('',*,*,#994,.T.);
#1316=ORIENTED_EDGE('',*,*,#880,.F.);
#1317=ORIENTED_EDGE('',*,*,#994,.F.);
#1318=ORIENTED_EDGE('',*,*,#995,.F.);
#1319=ORIENTED_EDGE('',*,*,#996,.T.);
#1320=ORIENTED_EDGE('',*,*,#877,.F.);
#1321=ORIENTED_EDGE('',*,*,#996,.F.);
#1322=ORIENTED_EDGE('',*,*,#997,.F.);
#1323=ORIENTED_EDGE('',*,*,#990,.T.);
#1324=ORIENTED_EDGE('',*,*,#878,.F.);
#1325=ORIENTED_EDGE('',*,*,#991,.T.);
#1326=ORIENTED_EDGE('',*,*,#997,.T.);
#1327=ORIENTED_EDGE('',*,*,#995,.T.);
#1328=ORIENTED_EDGE('',*,*,#993,.T.);
#1329=ORIENTED_EDGE('',*,*,#998,.F.);
#1330=ORIENTED_EDGE('',*,*,#999,.F.);
#1331=ORIENTED_EDGE('',*,*,#1000,.T.);
#1332=ORIENTED_EDGE('',*,*,#875,.F.);
#1333=ORIENTED_EDGE('',*,*,#1000,.F.);
#1334=ORIENTED_EDGE('',*,*,#1001,.F.);
#1335=ORIENTED_EDGE('',*,*,#1002,.T.);
#1336=ORIENTED_EDGE('',*,*,#876,.F.);
#1337=ORIENTED_EDGE('',*,*,#1002,.F.);
#1338=ORIENTED_EDGE('',*,*,#1003,.F.);
#1339=ORIENTED_EDGE('',*,*,#1004,.T.);
#1340=ORIENTED_EDGE('',*,*,#873,.F.);
#1341=ORIENTED_EDGE('',*,*,#1004,.F.);
#1342=ORIENTED_EDGE('',*,*,#1005,.F.);
#1343=ORIENTED_EDGE('',*,*,#998,.T.);
#1344=ORIENTED_EDGE('',*,*,#874,.F.);
#1345=ORIENTED_EDGE('',*,*,#999,.T.);
#1346=ORIENTED_EDGE('',*,*,#1005,.T.);
#1347=ORIENTED_EDGE('',*,*,#1003,.T.);
#1348=ORIENTED_EDGE('',*,*,#1001,.T.);
#1349=ORIENTED_EDGE('',*,*,#1006,.F.);
#1350=ORIENTED_EDGE('',*,*,#1007,.F.);
#1351=ORIENTED_EDGE('',*,*,#1008,.T.);
#1352=ORIENTED_EDGE('',*,*,#871,.F.);
#1353=ORIENTED_EDGE('',*,*,#1008,.F.);
#1354=ORIENTED_EDGE('',*,*,#1009,.F.);
#1355=ORIENTED_EDGE('',*,*,#1010,.T.);
#1356=ORIENTED_EDGE('',*,*,#872,.F.);
#1357=ORIENTED_EDGE('',*,*,#1010,.F.);
#1358=ORIENTED_EDGE('',*,*,#1011,.F.);
#1359=ORIENTED_EDGE('',*,*,#1012,.T.);
#1360=ORIENTED_EDGE('',*,*,#869,.F.);
#1361=ORIENTED_EDGE('',*,*,#1012,.F.);
#1362=ORIENTED_EDGE('',*,*,#1013,.F.);
#1363=ORIENTED_EDGE('',*,*,#1006,.T.);
#1364=ORIENTED_EDGE('',*,*,#870,.F.);
#1365=ORIENTED_EDGE('',*,*,#1007,.T.);
#1366=ORIENTED_EDGE('',*,*,#1013,.T.);
#1367=ORIENTED_EDGE('',*,*,#1011,.T.);
#1368=ORIENTED_EDGE('',*,*,#1009,.T.);
#1369=ORIENTED_EDGE('',*,*,#1014,.F.);
#1370=ORIENTED_EDGE('',*,*,#1015,.F.);
#1371=ORIENTED_EDGE('',*,*,#1016,.T.);
#1372=ORIENTED_EDGE('',*,*,#867,.F.);
#1373=ORIENTED_EDGE('',*,*,#1016,.F.);
#1374=ORIENTED_EDGE('',*,*,#1017,.F.);
#1375=ORIENTED_EDGE('',*,*,#1018,.T.);
#1376=ORIENTED_EDGE('',*,*,#868,.F.);
#1377=ORIENTED_EDGE('',*,*,#1018,.F.);
#1378=ORIENTED_EDGE('',*,*,#1019,.F.);
#1379=ORIENTED_EDGE('',*,*,#1020,.T.);
#1380=ORIENTED_EDGE('',*,*,#865,.F.);
#1381=ORIENTED_EDGE('',*,*,#1020,.F.);
#1382=ORIENTED_EDGE('',*,*,#1021,.F.);
#1383=ORIENTED_EDGE('',*,*,#1014,.T.);
#1384=ORIENTED_EDGE('',*,*,#866,.F.);
#1385=ORIENTED_EDGE('',*,*,#1015,.T.);
#1386=ORIENTED_EDGE('',*,*,#1021,.T.);
#1387=ORIENTED_EDGE('',*,*,#1019,.T.);
#1388=ORIENTED_EDGE('',*,*,#1017,.T.);
#1389=ORIENTED_EDGE('',*,*,#1022,.F.);
#1390=ORIENTED_EDGE('',*,*,#1023,.F.);
#1391=ORIENTED_EDGE('',*,*,#1024,.T.);
#1392=ORIENTED_EDGE('',*,*,#850,.F.);
#1393=ORIENTED_EDGE('',*,*,#851,.F.);
#1394=ORIENTED_EDGE('',*,*,#1024,.F.);
#1395=ORIENTED_EDGE('',*,*,#1025,.F.);
#1396=ORIENTED_EDGE('',*,*,#1026,.T.);
#1397=ORIENTED_EDGE('',*,*,#854,.F.);
#1398=ORIENTED_EDGE('',*,*,#1026,.F.);
#1399=ORIENTED_EDGE('',*,*,#1027,.F.);
#1400=ORIENTED_EDGE('',*,*,#1028,.T.);
#1401=ORIENTED_EDGE('',*,*,#855,.F.);
#1402=ORIENTED_EDGE('',*,*,#1028,.F.);
#1403=ORIENTED_EDGE('',*,*,#1029,.F.);
#1404=ORIENTED_EDGE('',*,*,#1022,.T.);
#1405=ORIENTED_EDGE('',*,*,#849,.F.);
#1406=ORIENTED_EDGE('',*,*,#856,.F.);
#1407=ORIENTED_EDGE('',*,*,#1023,.T.);
#1408=ORIENTED_EDGE('',*,*,#1029,.T.);
#1409=ORIENTED_EDGE('',*,*,#1027,.T.);
#1410=ORIENTED_EDGE('',*,*,#1025,.T.);
#1411=ORIENTED_EDGE('',*,*,#1030,.F.);
#1412=ORIENTED_EDGE('',*,*,#1031,.F.);
#1413=ORIENTED_EDGE('',*,*,#1032,.T.);
#1414=ORIENTED_EDGE('',*,*,#863,.F.);
#1415=ORIENTED_EDGE('',*,*,#1032,.F.);
#1416=ORIENTED_EDGE('',*,*,#1033,.F.);
#1417=ORIENTED_EDGE('',*,*,#1034,.T.);
#1418=ORIENTED_EDGE('',*,*,#864,.F.);
#1419=ORIENTED_EDGE('',*,*,#1034,.F.);
#1420=ORIENTED_EDGE('',*,*,#1035,.F.);
#1421=ORIENTED_EDGE('',*,*,#1036,.T.);
#1422=ORIENTED_EDGE('',*,*,#861,.F.);
#1423=ORIENTED_EDGE('',*,*,#1036,.F.);
#1424=ORIENTED_EDGE('',*,*,#1037,.F.);
#1425=ORIENTED_EDGE('',*,*,#1030,.T.);
#1426=ORIENTED_EDGE('',*,*,#862,.F.);
#1427=ORIENTED_EDGE('',*,*,#1031,.T.);
#1428=ORIENTED_EDGE('',*,*,#1037,.T.);
#1429=ORIENTED_EDGE('',*,*,#1035,.T.);
#1430=ORIENTED_EDGE('',*,*,#1033,.T.);
#1431=ORIENTED_EDGE('',*,*,#1038,.F.);
#1432=ORIENTED_EDGE('',*,*,#1039,.F.);
#1433=ORIENTED_EDGE('',*,*,#1040,.T.);
#1434=ORIENTED_EDGE('',*,*,#859,.F.);
#1435=ORIENTED_EDGE('',*,*,#1040,.F.);
#1436=ORIENTED_EDGE('',*,*,#1041,.F.);
#1437=ORIENTED_EDGE('',*,*,#1042,.T.);
#1438=ORIENTED_EDGE('',*,*,#860,.F.);
#1439=ORIENTED_EDGE('',*,*,#1042,.F.);
#1440=ORIENTED_EDGE('',*,*,#1043,.F.);
#1441=ORIENTED_EDGE('',*,*,#1044,.T.);
#1442=ORIENTED_EDGE('',*,*,#857,.F.);
#1443=ORIENTED_EDGE('',*,*,#1044,.F.);
#1444=ORIENTED_EDGE('',*,*,#1045,.F.);
#1445=ORIENTED_EDGE('',*,*,#1038,.T.);
#1446=ORIENTED_EDGE('',*,*,#858,.F.);
#1447=ORIENTED_EDGE('',*,*,#1039,.T.);
#1448=ORIENTED_EDGE('',*,*,#1045,.T.);
#1449=ORIENTED_EDGE('',*,*,#1043,.T.);
#1450=ORIENTED_EDGE('',*,*,#1041,.T.);
#1451=ORIENTED_EDGE('',*,*,#1046,.T.);
#1452=ORIENTED_EDGE('',*,*,#1047,.T.);
#1453=ORIENTED_EDGE('',*,*,#925,.T.);
#1454=ORIENTED_EDGE('',*,*,#1047,.F.);
#1455=ORIENTED_EDGE('',*,*,#1048,.T.);
#1456=ORIENTED_EDGE('',*,*,#918,.T.);
#1457=ORIENTED_EDGE('',*,*,#1049,.T.);
#1458=ORIENTED_EDGE('',*,*,#924,.T.);
#1459=ORIENTED_EDGE('',*,*,#1049,.F.);
#1460=ORIENTED_EDGE('',*,*,#1050,.T.);
#1461=ORIENTED_EDGE('',*,*,#1051,.T.);
#1462=ORIENTED_EDGE('',*,*,#923,.T.);
#1463=ORIENTED_EDGE('',*,*,#1051,.F.);
#1464=ORIENTED_EDGE('',*,*,#1052,.T.);
#1465=ORIENTED_EDGE('',*,*,#1053,.T.);
#1466=ORIENTED_EDGE('',*,*,#1054,.T.);
#1467=ORIENTED_EDGE('',*,*,#922,.T.);
#1468=ORIENTED_EDGE('',*,*,#1054,.F.);
#1469=ORIENTED_EDGE('',*,*,#1055,.T.);
#1470=ORIENTED_EDGE('',*,*,#1056,.T.);
#1471=ORIENTED_EDGE('',*,*,#1057,.T.);
#1472=ORIENTED_EDGE('',*,*,#921,.T.);
#1473=ORIENTED_EDGE('',*,*,#1057,.F.);
#1474=ORIENTED_EDGE('',*,*,#1058,.T.);
#1475=ORIENTED_EDGE('',*,*,#1053,.F.);
#1476=ORIENTED_EDGE('',*,*,#1059,.T.);
#1477=ORIENTED_EDGE('',*,*,#914,.F.);
#1478=ORIENTED_EDGE('',*,*,#1059,.F.);
#1479=ORIENTED_EDGE('',*,*,#1055,.F.);
#1480=ORIENTED_EDGE('',*,*,#1050,.F.);
#1481=ORIENTED_EDGE('',*,*,#1060,.T.);
#1482=ORIENTED_EDGE('',*,*,#915,.F.);
#1483=ORIENTED_EDGE('',*,*,#1060,.F.);
#1484=ORIENTED_EDGE('',*,*,#1052,.F.);
#1485=ORIENTED_EDGE('',*,*,#1046,.F.);
#1486=ORIENTED_EDGE('',*,*,#1061,.T.);
#1487=ORIENTED_EDGE('',*,*,#916,.F.);
#1488=ORIENTED_EDGE('',*,*,#1061,.F.);
#1489=ORIENTED_EDGE('',*,*,#1048,.F.);
#1490=ORIENTED_EDGE('',*,*,#1056,.F.);
#1491=ORIENTED_EDGE('',*,*,#1062,.T.);
#1492=ORIENTED_EDGE('',*,*,#917,.F.);
#1493=ORIENTED_EDGE('',*,*,#1062,.F.);
#1494=ORIENTED_EDGE('',*,*,#1058,.F.);
#1495=CYLINDRICAL_SURFACE('',#1605,17.);
#1496=CYLINDRICAL_SURFACE('',#1648,14.);
#1497=CYLINDRICAL_SURFACE('',#1731,1.59999999999945);
#1498=CYLINDRICAL_SURFACE('',#1734,1.99999999999945);
#1499=CYLINDRICAL_SURFACE('',#1735,1.59999999999945);
#1500=CYLINDRICAL_SURFACE('',#1738,1.59999999999945);
#1501=CYLINDRICAL_SURFACE('',#1741,1.59999999999945);
#1502=ADVANCED_FACE('',(#122,#97,#98,#99,#100,#101,#102,#103,#104,#105,
#106,#107,#108,#109,#110),#1495,.T.);
#1503=ADVANCED_FACE('',(#123,#111),#19,.T.);
#1504=ADVANCED_FACE('',(#124,#112,#113,#114,#115,#116),#20,.F.);
#1505=ADVANCED_FACE('',(#125),#1496,.F.);
#1506=ADVANCED_FACE('',(#126,#117,#118,#119,#120,#121),#21,.T.);
#1507=ADVANCED_FACE('',(#127),#22,.F.);
#1508=ADVANCED_FACE('',(#128),#23,.F.);
#1509=ADVANCED_FACE('',(#129),#24,.F.);
#1510=ADVANCED_FACE('',(#130),#25,.F.);
#1511=ADVANCED_FACE('',(#131),#26,.T.);
#1512=ADVANCED_FACE('',(#132),#27,.F.);
#1513=ADVANCED_FACE('',(#133),#28,.F.);
#1514=ADVANCED_FACE('',(#134),#29,.F.);
#1515=ADVANCED_FACE('',(#135),#30,.F.);
#1516=ADVANCED_FACE('',(#136),#31,.T.);
#1517=ADVANCED_FACE('',(#137),#32,.F.);
#1518=ADVANCED_FACE('',(#138),#33,.F.);
#1519=ADVANCED_FACE('',(#139),#34,.F.);
#1520=ADVANCED_FACE('',(#140),#35,.F.);
#1521=ADVANCED_FACE('',(#141),#36,.T.);
#1522=ADVANCED_FACE('',(#142),#37,.F.);
#1523=ADVANCED_FACE('',(#143),#38,.F.);
#1524=ADVANCED_FACE('',(#144),#39,.F.);
#1525=ADVANCED_FACE('',(#145),#40,.F.);
#1526=ADVANCED_FACE('',(#146),#41,.T.);
#1527=ADVANCED_FACE('',(#147),#42,.F.);
#1528=ADVANCED_FACE('',(#148),#43,.F.);
#1529=ADVANCED_FACE('',(#149),#44,.F.);
#1530=ADVANCED_FACE('',(#150),#45,.F.);
#1531=ADVANCED_FACE('',(#151),#46,.T.);
#1532=ADVANCED_FACE('',(#152),#47,.F.);
#1533=ADVANCED_FACE('',(#153),#48,.F.);
#1534=ADVANCED_FACE('',(#154),#49,.F.);
#1535=ADVANCED_FACE('',(#155),#50,.F.);
#1536=ADVANCED_FACE('',(#156),#51,.T.);
#1537=ADVANCED_FACE('',(#157),#52,.F.);
#1538=ADVANCED_FACE('',(#158),#53,.F.);
#1539=ADVANCED_FACE('',(#159),#54,.F.);
#1540=ADVANCED_FACE('',(#160),#55,.F.);
#1541=ADVANCED_FACE('',(#161),#56,.T.);
#1542=ADVANCED_FACE('',(#162),#57,.F.);
#1543=ADVANCED_FACE('',(#163),#58,.F.);
#1544=ADVANCED_FACE('',(#164),#59,.F.);
#1545=ADVANCED_FACE('',(#165),#60,.F.);
#1546=ADVANCED_FACE('',(#166),#61,.T.);
#1547=ADVANCED_FACE('',(#167),#62,.F.);
#1548=ADVANCED_FACE('',(#168),#63,.F.);
#1549=ADVANCED_FACE('',(#169),#64,.F.);
#1550=ADVANCED_FACE('',(#170),#65,.F.);
#1551=ADVANCED_FACE('',(#171),#66,.T.);
#1552=ADVANCED_FACE('',(#172),#67,.F.);
#1553=ADVANCED_FACE('',(#173),#68,.F.);
#1554=ADVANCED_FACE('',(#174),#69,.F.);
#1555=ADVANCED_FACE('',(#175),#70,.F.);
#1556=ADVANCED_FACE('',(#176),#71,.T.);
#1557=ADVANCED_FACE('',(#177),#72,.F.);
#1558=ADVANCED_FACE('',(#178),#73,.F.);
#1559=ADVANCED_FACE('',(#179),#74,.F.);
#1560=ADVANCED_FACE('',(#180),#75,.F.);
#1561=ADVANCED_FACE('',(#181),#76,.T.);
#1562=ADVANCED_FACE('',(#182),#77,.F.);
#1563=ADVANCED_FACE('',(#183),#78,.F.);
#1564=ADVANCED_FACE('',(#184),#79,.F.);
#1565=ADVANCED_FACE('',(#185),#80,.F.);
#1566=ADVANCED_FACE('',(#186),#81,.T.);
#1567=ADVANCED_FACE('',(#187),#82,.F.);
#1568=ADVANCED_FACE('',(#188),#83,.F.);
#1569=ADVANCED_FACE('',(#189),#84,.F.);
#1570=ADVANCED_FACE('',(#190),#85,.F.);
#1571=ADVANCED_FACE('',(#191),#86,.T.);
#1572=ADVANCED_FACE('',(#192),#87,.F.);
#1573=ADVANCED_FACE('',(#193),#88,.F.);
#1574=ADVANCED_FACE('',(#194),#89,.F.);
#1575=ADVANCED_FACE('',(#195),#90,.F.);
#1576=ADVANCED_FACE('',(#196),#91,.T.);
#1577=ADVANCED_FACE('',(#197),#92,.F.);
#1578=ADVANCED_FACE('',(#198),#93,.F.);
#1579=ADVANCED_FACE('',(#199),#94,.F.);
#1580=ADVANCED_FACE('',(#200),#95,.F.);
#1581=ADVANCED_FACE('',(#201),#96,.T.);
#1582=ADVANCED_FACE('',(#202),#1497,.F.);
#1583=ADVANCED_FACE('',(#203),#1498,.F.);
#1584=ADVANCED_FACE('',(#204),#1499,.F.);
#1585=ADVANCED_FACE('',(#205),#1500,.F.);
#1586=ADVANCED_FACE('',(#206),#1501,.F.);
#1587=ADVANCED_FACE('',(#207),#15,.F.);
#1588=ADVANCED_FACE('',(#208),#16,.F.);
#1589=ADVANCED_FACE('',(#209),#17,.F.);
#1590=ADVANCED_FACE('',(#210),#18,.F.);
#1591=CLOSED_SHELL('',(#1502,#1503,#1504,#1505,#1506,#1507,#1508,#1509,
#1510,#1511,#1512,#1513,#1514,#1515,#1516,#1517,#1518,#1519,#1520,#1521,
#1522,#1523,#1524,#1525,#1526,#1527,#1528,#1529,#1530,#1531,#1532,#1533,
#1534,#1535,#1536,#1537,#1538,#1539,#1540,#1541,#1542,#1543,#1544,#1545,
#1546,#1547,#1548,#1549,#1550,#1551,#1552,#1553,#1554,#1555,#1556,#1557,
#1558,#1559,#1560,#1561,#1562,#1563,#1564,#1565,#1566,#1567,#1568,#1569,
#1570,#1571,#1572,#1573,#1574,#1575,#1576,#1577,#1578,#1579,#1580,#1581,
#1582,#1583,#1584,#1585,#1586,#1587,#1588,#1589,#1590));
#1592=DERIVED_UNIT_ELEMENT(#1594,1.);
#1593=DERIVED_UNIT_ELEMENT(#2653,-3.);
#1594=(
MASS_UNIT()
NAMED_UNIT(*)
SI_UNIT(.KILO.,.GRAM.)
);
#1595=DERIVED_UNIT((#1592,#1593));
#1596=MEASURE_REPRESENTATION_ITEM('density measure',
POSITIVE_RATIO_MEASURE(1420.),#1595);
#1597=PROPERTY_DEFINITION_REPRESENTATION(#1602,#1599);
#1598=PROPERTY_DEFINITION_REPRESENTATION(#1603,#1600);
#1599=REPRESENTATION('material name',(#1601),#2650);
#1600=REPRESENTATION('density',(#1596),#2650);
#1601=DESCRIPTIVE_REPRESENTATION_ITEM('PET','PET');
#1602=PROPERTY_DEFINITION('material property','material name',#2660);
#1603=PROPERTY_DEFINITION('material property','density of part',#2660);
#1604=AXIS2_PLACEMENT_3D('',#2198,#1748,#1749);
#1605=AXIS2_PLACEMENT_3D('',#2199,#1750,#1751);
#1606=AXIS2_PLACEMENT_3D('',#2201,#1752,#1753);
#1607=AXIS2_PLACEMENT_3D('',#2205,#1755,#1756);
#1608=AXIS2_PLACEMENT_3D('',#2209,#1758,#1759);
#1609=AXIS2_PLACEMENT_3D('',#2212,#1761,#1762);
#1610=AXIS2_PLACEMENT_3D('',#2214,#1763,#1764);
#1611=AXIS2_PLACEMENT_3D('',#2217,#1766,#1767);
#1612=AXIS2_PLACEMENT_3D('',#2222,#1769,#1770);
#1613=AXIS2_PLACEMENT_3D('',#2225,#1772,#1773);
#1614=AXIS2_PLACEMENT_3D('',#2230,#1775,#1776);
#1615=AXIS2_PLACEMENT_3D('',#2233,#1778,#1779);
#1616=AXIS2_PLACEMENT_3D('',#2238,#1781,#1782);
#1617=AXIS2_PLACEMENT_3D('',#2241,#1784,#1785);
#1618=AXIS2_PLACEMENT_3D('',#2246,#1787,#1788);
#1619=AXIS2_PLACEMENT_3D('',#2249,#1790,#1791);
#1620=AXIS2_PLACEMENT_3D('',#2254,#1793,#1794);
#1621=AXIS2_PLACEMENT_3D('',#2257,#1796,#1797);
#1622=AXIS2_PLACEMENT_3D('',#2262,#1799,#1800);
#1623=AXIS2_PLACEMENT_3D('',#2265,#1802,#1803);
#1624=AXIS2_PLACEMENT_3D('',#2270,#1805,#1806);
#1625=AXIS2_PLACEMENT_3D('',#2273,#1808,#1809);
#1626=AXIS2_PLACEMENT_3D('',#2278,#1811,#1812);
#1627=AXIS2_PLACEMENT_3D('',#2281,#1814,#1815);
#1628=AXIS2_PLACEMENT_3D('',#2284,#1816,#1817);
#1629=AXIS2_PLACEMENT_3D('',#2288,#1819,#1820);
#1630=AXIS2_PLACEMENT_3D('',#2294,#1823,#1824);
#1631=AXIS2_PLACEMENT_3D('',#2297,#1826,#1827);
#1632=AXIS2_PLACEMENT_3D('',#2302,#1829,#1830);
#1633=AXIS2_PLACEMENT_3D('',#2305,#1832,#1833);
#1634=AXIS2_PLACEMENT_3D('',#2310,#1835,#1836);
#1635=AXIS2_PLACEMENT_3D('',#2313,#1838,#1839);
#1636=AXIS2_PLACEMENT_3D('',#2318,#1841,#1842);
#1637=AXIS2_PLACEMENT_3D('',#2321,#1844,#1845);
#1638=AXIS2_PLACEMENT_3D('',#2326,#1847,#1848);
#1639=AXIS2_PLACEMENT_3D('',#2329,#1850,#1851);
#1640=AXIS2_PLACEMENT_3D('',#2330,#1852,#1853);
#1641=AXIS2_PLACEMENT_3D('',#2332,#1854,#1855);
#1642=AXIS2_PLACEMENT_3D('',#2333,#1856,#1857);
#1643=AXIS2_PLACEMENT_3D('',#2335,#1858,#1859);
#1644=AXIS2_PLACEMENT_3D('',#2337,#1860,#1861);
#1645=AXIS2_PLACEMENT_3D('',#2339,#1862,#1863);
#1646=AXIS2_PLACEMENT_3D('',#2341,#1864,#1865);
#1647=AXIS2_PLACEMENT_3D('',#2343,#1866,#1867);
#1648=AXIS2_PLACEMENT_3D('',#2344,#1868,#1869);
#1649=AXIS2_PLACEMENT_3D('',#2346,#1870,#1871);
#1650=AXIS2_PLACEMENT_3D('',#2348,#1873,#1874);
#1651=AXIS2_PLACEMENT_3D('',#2350,#1875,#1876);
#1652=AXIS2_PLACEMENT_3D('',#2352,#1877,#1878);
#1653=AXIS2_PLACEMENT_3D('',#2354,#1879,#1880);
#1654=AXIS2_PLACEMENT_3D('',#2356,#1881,#1882);
#1655=AXIS2_PLACEMENT_3D('',#2358,#1883,#1884);
#1656=AXIS2_PLACEMENT_3D('',#2359,#1885,#1886);
#1657=AXIS2_PLACEMENT_3D('',#2365,#1890,#1891);
#1658=AXIS2_PLACEMENT_3D('',#2369,#1894,#1895);
#1659=AXIS2_PLACEMENT_3D('',#2373,#1898,#1899);
#1660=AXIS2_PLACEMENT_3D('',#2375,#1901,#1902);
#1661=AXIS2_PLACEMENT_3D('',#2376,#1903,#1904);
#1662=AXIS2_PLACEMENT_3D('',#2382,#1908,#1909);
#1663=AXIS2_PLACEMENT_3D('',#2386,#1912,#1913);
#1664=AXIS2_PLACEMENT_3D('',#2390,#1916,#1917);
#1665=AXIS2_PLACEMENT_3D('',#2392,#1919,#1920);
#1666=AXIS2_PLACEMENT_3D('',#2393,#1921,#1922);
#1667=AXIS2_PLACEMENT_3D('',#2399,#1926,#1927);
#1668=AXIS2_PLACEMENT_3D('',#2403,#1930,#1931);
#1669=AXIS2_PLACEMENT_3D('',#2407,#1934,#1935);
#1670=AXIS2_PLACEMENT_3D('',#2409,#1937,#1938);
#1671=AXIS2_PLACEMENT_3D('',#2410,#1939,#1940);
#1672=AXIS2_PLACEMENT_3D('',#2416,#1944,#1945);
#1673=AXIS2_PLACEMENT_3D('',#2420,#1948,#1949);
#1674=AXIS2_PLACEMENT_3D('',#2424,#1952,#1953);
#1675=AXIS2_PLACEMENT_3D('',#2426,#1955,#1956);
#1676=AXIS2_PLACEMENT_3D('',#2427,#1957,#1958);
#1677=AXIS2_PLACEMENT_3D('',#2433,#1962,#1963);
#1678=AXIS2_PLACEMENT_3D('',#2437,#1966,#1967);
#1679=AXIS2_PLACEMENT_3D('',#2441,#1970,#1971);
#1680=AXIS2_PLACEMENT_3D('',#2443,#1973,#1974);
#1681=AXIS2_PLACEMENT_3D('',#2444,#1975,#1976);
#1682=AXIS2_PLACEMENT_3D('',#2450,#1980,#1981);
#1683=AXIS2_PLACEMENT_3D('',#2454,#1984,#1985);
#1684=AXIS2_PLACEMENT_3D('',#2458,#1988,#1989);
#1685=AXIS2_PLACEMENT_3D('',#2460,#1991,#1992);
#1686=AXIS2_PLACEMENT_3D('',#2461,#1993,#1994);
#1687=AXIS2_PLACEMENT_3D('',#2467,#1998,#1999);
#1688=AXIS2_PLACEMENT_3D('',#2471,#2002,#2003);
#1689=AXIS2_PLACEMENT_3D('',#2475,#2006,#2007);
#1690=AXIS2_PLACEMENT_3D('',#2477,#2009,#2010);
#1691=AXIS2_PLACEMENT_3D('',#2478,#2011,#2012);
#1692=AXIS2_PLACEMENT_3D('',#2484,#2016,#2017);
#1693=AXIS2_PLACEMENT_3D('',#2488,#2020,#2021);
#1694=AXIS2_PLACEMENT_3D('',#2492,#2024,#2025);
#1695=AXIS2_PLACEMENT_3D('',#2494,#2027,#2028);
#1696=AXIS2_PLACEMENT_3D('',#2495,#2029,#2030);
#1697=AXIS2_PLACEMENT_3D('',#2501,#2034,#2035);
#1698=AXIS2_PLACEMENT_3D('',#2505,#2038,#2039);
#1699=AXIS2_PLACEMENT_3D('',#2509,#2042,#2043);
#1700=AXIS2_PLACEMENT_3D('',#2511,#2045,#2046);
#1701=AXIS2_PLACEMENT_3D('',#2512,#2047,#2048);
#1702=AXIS2_PLACEMENT_3D('',#2518,#2052,#2053);
#1703=AXIS2_PLACEMENT_3D('',#2522,#2056,#2057);
#1704=AXIS2_PLACEMENT_3D('',#2526,#2060,#2061);
#1705=AXIS2_PLACEMENT_3D('',#2528,#2063,#2064);
#1706=AXIS2_PLACEMENT_3D('',#2529,#2065,#2066);
#1707=AXIS2_PLACEMENT_3D('',#2535,#2070,#2071);
#1708=AXIS2_PLACEMENT_3D('',#2539,#2074,#2075);
#1709=AXIS2_PLACEMENT_3D('',#2543,#2078,#2079);
#1710=AXIS2_PLACEMENT_3D('',#2545,#2081,#2082);
#1711=AXIS2_PLACEMENT_3D('',#2546,#2083,#2084);
#1712=AXIS2_PLACEMENT_3D('',#2552,#2088,#2089);
#1713=AXIS2_PLACEMENT_3D('',#2556,#2092,#2093);
#1714=AXIS2_PLACEMENT_3D('',#2560,#2096,#2097);
#1715=AXIS2_PLACEMENT_3D('',#2562,#2099,#2100);
#1716=AXIS2_PLACEMENT_3D('',#2563,#2101,#2102);
#1717=AXIS2_PLACEMENT_3D('',#2569,#2106,#2107);
#1718=AXIS2_PLACEMENT_3D('',#2573,#2110,#2111);
#1719=AXIS2_PLACEMENT_3D('',#2577,#2114,#2115);
#1720=AXIS2_PLACEMENT_3D('',#2579,#2117,#2118);
#1721=AXIS2_PLACEMENT_3D('',#2580,#2119,#2120);
#1722=AXIS2_PLACEMENT_3D('',#2586,#2124,#2125);
#1723=AXIS2_PLACEMENT_3D('',#2590,#2128,#2129);
#1724=AXIS2_PLACEMENT_3D('',#2594,#2132,#2133);
#1725=AXIS2_PLACEMENT_3D('',#2596,#2135,#2136);
#1726=AXIS2_PLACEMENT_3D('',#2597,#2137,#2138);
#1727=AXIS2_PLACEMENT_3D('',#2603,#2142,#2143);
#1728=AXIS2_PLACEMENT_3D('',#2607,#2146,#2147);
#1729=AXIS2_PLACEMENT_3D('',#2611,#2150,#2151);
#1730=AXIS2_PLACEMENT_3D('',#2613,#2153,#2154);
#1731=AXIS2_PLACEMENT_3D('',#2614,#2155,#2156);
#1732=AXIS2_PLACEMENT_3D('',#2617,#2157,#2158);
#1733=AXIS2_PLACEMENT_3D('',#2619,#2160,#2161);
#1734=AXIS2_PLACEMENT_3D('',#2620,#2162,#2163);
#1735=AXIS2_PLACEMENT_3D('',#2622,#2165,#2166);
#1736=AXIS2_PLACEMENT_3D('',#2625,#2167,#2168);
#1737=AXIS2_PLACEMENT_3D('',#2627,#2170,#2171);
#1738=AXIS2_PLACEMENT_3D('',#2628,#2172,#2173);
#1739=AXIS2_PLACEMENT_3D('',#2631,#2174,#2175);
#1740=AXIS2_PLACEMENT_3D('',#2633,#2177,#2178);
#1741=AXIS2_PLACEMENT_3D('',#2634,#2179,#2180);
#1742=AXIS2_PLACEMENT_3D('',#2637,#2181,#2182);
#1743=AXIS2_PLACEMENT_3D('',#2639,#2184,#2185);
#1744=AXIS2_PLACEMENT_3D('',#2640,#2186,#2187);
#1745=AXIS2_PLACEMENT_3D('',#2642,#2189,#2190);
#1746=AXIS2_PLACEMENT_3D('',#2644,#2192,#2193);
#1747=AXIS2_PLACEMENT_3D('',#2646,#2195,#2196);
#1748=DIRECTION('axis',(0.,0.,1.));
#1749=DIRECTION('refdir',(1.,0.,0.));
#1750=DIRECTION('center_axis',(0.,-1.,0.));
#1751=DIRECTION('ref_axis',(0.,0.,-1.));
#1752=DIRECTION('center_axis',(0.,1.,0.));
#1753=DIRECTION('ref_axis',(0.,0.,1.));
#1754=DIRECTION('',(0.,1.,0.));
#1755=DIRECTION('center_axis',(0.,-1.,0.));
#1756=DIRECTION('ref_axis',(0.,0.,-1.));
#1757=DIRECTION('',(0.,-1.,0.));
#1758=DIRECTION('center_axis',(0.,1.,0.));
#1759=DIRECTION('ref_axis',(0.,0.,1.));
#1760=DIRECTION('',(0.,1.,0.));
#1761=DIRECTION('center_axis',(0.,1.,0.));
#1762=DIRECTION('ref_axis',(0.,0.,1.));
#1763=DIRECTION('center_axis',(0.,1.,0.));
#1764=DIRECTION('ref_axis',(0.,0.,1.));
#1765=DIRECTION('',(0.,-1.,0.));
#1766=DIRECTION('center_axis',(0.,-1.,0.));
#1767=DIRECTION('ref_axis',(0.,0.,-1.));
#1768=DIRECTION('',(0.,-1.,0.));
#1769=DIRECTION('center_axis',(0.,-1.,0.));
#1770=DIRECTION('ref_axis',(0.,0.,-1.));
#1771=DIRECTION('',(0.,-1.,0.));
#1772=DIRECTION('center_axis',(0.,1.,0.));
#1773=DIRECTION('ref_axis',(0.,0.,1.));
#1774=DIRECTION('',(0.,-1.,0.));
#1775=DIRECTION('center_axis',(0.,-1.,0.));
#1776=DIRECTION('ref_axis',(0.,0.,-1.));
#1777=DIRECTION('',(0.,-1.,0.));
#1778=DIRECTION('center_axis',(0.,1.,0.));
#1779=DIRECTION('ref_axis',(0.,0.,1.));
#1780=DIRECTION('',(0.,-1.,0.));
#1781=DIRECTION('center_axis',(0.,-1.,0.));
#1782=DIRECTION('ref_axis',(0.,0.,-1.));
#1783=DIRECTION('',(0.,-1.,0.));
#1784=DIRECTION('center_axis',(0.,1.,0.));
#1785=DIRECTION('ref_axis',(0.,0.,1.));
#1786=DIRECTION('',(0.,-1.,0.));
#1787=DIRECTION('center_axis',(0.,-1.,0.));
#1788=DIRECTION('ref_axis',(0.,0.,-1.));
#1789=DIRECTION('',(0.,-1.,0.));
#1790=DIRECTION('center_axis',(0.,1.,0.));
#1791=DIRECTION('ref_axis',(0.,0.,1.));
#1792=DIRECTION('',(0.,-1.,0.));
#1793=DIRECTION('center_axis',(0.,-1.,0.));
#1794=DIRECTION('ref_axis',(0.,0.,-1.));
#1795=DIRECTION('',(0.,-1.,0.));
#1796=DIRECTION('center_axis',(0.,1.,0.));
#1797=DIRECTION('ref_axis',(0.,0.,1.));
#1798=DIRECTION('',(0.,-1.,0.));
#1799=DIRECTION('center_axis',(0.,-1.,0.));
#1800=DIRECTION('ref_axis',(0.,0.,-1.));
#1801=DIRECTION('',(0.,-1.,0.));
#1802=DIRECTION('center_axis',(0.,1.,0.));
#1803=DIRECTION('ref_axis',(0.,0.,1.));
#1804=DIRECTION('',(0.,-1.,0.));
#1805=DIRECTION('center_axis',(0.,-1.,0.));
#1806=DIRECTION('ref_axis',(0.,0.,-1.));
#1807=DIRECTION('',(0.,-1.,0.));
#1808=DIRECTION('center_axis',(0.,1.,0.));
#1809=DIRECTION('ref_axis',(0.,0.,1.));
#1810=DIRECTION('',(0.,-1.,0.));
#1811=DIRECTION('center_axis',(0.,-1.,0.));
#1812=DIRECTION('ref_axis',(0.,0.,-1.));
#1813=DIRECTION('',(0.,-1.,0.));
#1814=DIRECTION('center_axis',(0.,1.,0.));
#1815=DIRECTION('ref_axis',(0.,0.,1.));
#1816=DIRECTION('center_axis',(0.,-1.,0.));
#1817=DIRECTION('ref_axis',(0.,0.,-1.));
#1818=DIRECTION('',(0.,-1.,0.));
#1819=DIRECTION('center_axis',(0.,1.,0.));
#1820=DIRECTION('ref_axis',(0.,0.,1.));
#1821=DIRECTION('',(0.,-1.,0.));
#1822=DIRECTION('',(0.,-1.,0.));
#1823=DIRECTION('center_axis',(0.,-1.,0.));
#1824=DIRECTION('ref_axis',(0.,0.,-1.));
#1825=DIRECTION('',(0.,-1.,0.));
#1826=DIRECTION('center_axis',(0.,1.,0.));
#1827=DIRECTION('ref_axis',(0.,0.,1.));
#1828=DIRECTION('',(0.,-1.,0.));
#1829=DIRECTION('center_axis',(0.,-1.,0.));
#1830=DIRECTION('ref_axis',(0.,0.,-1.));
#1831=DIRECTION('',(0.,-1.,0.));
#1832=DIRECTION('center_axis',(0.,1.,0.));
#1833=DIRECTION('ref_axis',(0.,0.,1.));
#1834=DIRECTION('',(0.,-1.,0.));
#1835=DIRECTION('center_axis',(0.,-1.,0.));
#1836=DIRECTION('ref_axis',(0.,0.,-1.));
#1837=DIRECTION('',(0.,-1.,0.));
#1838=DIRECTION('center_axis',(0.,1.,0.));
#1839=DIRECTION('ref_axis',(0.,0.,1.));
#1840=DIRECTION('',(0.,-1.,0.));
#1841=DIRECTION('center_axis',(0.,-1.,0.));
#1842=DIRECTION('ref_axis',(0.,0.,-1.));
#1843=DIRECTION('',(0.,-1.,0.));
#1844=DIRECTION('center_axis',(0.,1.,0.));
#1845=DIRECTION('ref_axis',(0.,0.,1.));
#1846=DIRECTION('',(0.,-1.,0.));
#1847=DIRECTION('center_axis',(0.,-1.,0.));
#1848=DIRECTION('ref_axis',(0.,0.,-1.));
#1849=DIRECTION('',(0.,-1.,0.));
#1850=DIRECTION('center_axis',(0.,1.,0.));
#1851=DIRECTION('ref_axis',(0.,0.,1.));
#1852=DIRECTION('center_axis',(0.,1.,0.));
#1853=DIRECTION('ref_axis',(0.,0.,1.));
#1854=DIRECTION('center_axis',(0.,1.,0.));
#1855=DIRECTION('ref_axis',(0.,0.,1.));
#1856=DIRECTION('center_axis',(0.,1.,0.));
#1857=DIRECTION('ref_axis',(0.,0.,1.));
#1858=DIRECTION('center_axis',(0.,1.,0.));
#1859=DIRECTION('ref_axis',(0.,0.,1.));
#1860=DIRECTION('center_axis',(0.,1.,0.));
#1861=DIRECTION('ref_axis',(0.,0.,1.));
#1862=DIRECTION('center_axis',(0.,1.,0.));
#1863=DIRECTION('ref_axis',(0.,0.,1.));
#1864=DIRECTION('center_axis',(0.,1.,0.));
#1865=DIRECTION('ref_axis',(0.,0.,1.));
#1866=DIRECTION('center_axis',(0.,1.,0.));
#1867=DIRECTION('ref_axis',(0.,0.,1.));
#1868=DIRECTION('center_axis',(0.,1.,0.));
#1869=DIRECTION('ref_axis',(0.,0.,1.));
#1870=DIRECTION('center_axis',(0.,1.,0.));
#1871=DIRECTION('ref_axis',(0.,0.,1.));
#1872=DIRECTION('',(0.,1.,0.));
#1873=DIRECTION('center_axis',(0.,1.,0.));
#1874=DIRECTION('ref_axis',(0.,0.,1.));
#1875=DIRECTION('center_axis',(0.,1.,0.));
#1876=DIRECTION('ref_axis',(0.,0.,1.));
#1877=DIRECTION('center_axis',(0.,1.,0.));
#1878=DIRECTION('ref_axis',(0.,0.,1.));
#1879=DIRECTION('center_axis',(0.,1.,0.));
#1880=DIRECTION('ref_axis',(0.,0.,1.));
#1881=DIRECTION('center_axis',(0.,1.,0.));
#1882=DIRECTION('ref_axis',(0.,0.,1.));
#1883=DIRECTION('center_axis',(0.,1.,0.));
#1884=DIRECTION('ref_axis',(0.,0.,1.));
#1885=DIRECTION('center_axis',(0.,-1.19049650312134E-16,-1.));
#1886=DIRECTION('ref_axis',(-1.,0.,0.));
#1887=DIRECTION('',(-1.,0.,0.));
#1888=DIRECTION('',(0.,-1.,1.19729934028203E-16));
#1889=DIRECTION('',(-1.,0.,0.));
#1890=DIRECTION('center_axis',(0.,1.,0.));
#1891=DIRECTION('ref_axis',(0.,0.,1.));
#1892=DIRECTION('',(0.,0.,-1.));
#1893=DIRECTION('',(-1.,0.,0.));
#1894=DIRECTION('center_axis',(0.,-1.19049650312134E-16,1.));
#1895=DIRECTION('ref_axis',(1.,0.,0.));
#1896=DIRECTION('',(0.,1.,1.19729934028203E-16));
#1897=DIRECTION('',(-1.,0.,0.));
#1898=DIRECTION('center_axis',(0.,-1.,0.));
#1899=DIRECTION('ref_axis',(0.,0.,-1.));
#1900=DIRECTION('',(0.,0.,1.));
#1901=DIRECTION('center_axis',(-1.,0.,0.));
#1902=DIRECTION('ref_axis',(0.,0.,1.));
#1903=DIRECTION('center_axis',(-0.406736643075801,-1.19049650312134E-16,
-0.913545457642601));
#1904=DIRECTION('ref_axis',(-0.913545457642601,0.,0.406736643075801));
#1905=DIRECTION('',(-0.9135454576426,0.,0.406736643075801));
#1906=DIRECTION('',(8.7076315656875E-17,-1.,8.7076315656875E-17));
#1907=DIRECTION('',(-0.9135454576426,0.,0.406736643075801));
#1908=DIRECTION('center_axis',(0.,1.,0.));
#1909=DIRECTION('ref_axis',(0.,0.,1.));
#1910=DIRECTION('',(-0.406736643075801,0.,-0.9135454576426));
#1911=DIRECTION('',(-0.9135454576426,0.,0.406736643075801));
#1912=DIRECTION('center_axis',(0.406736643075801,-1.19049650312134E-16,
0.913545457642601));
#1913=DIRECTION('ref_axis',(0.913545457642601,0.,-0.406736643075801));
#1914=DIRECTION('',(8.7076315656875E-17,1.,1.30614473485313E-16));
#1915=DIRECTION('',(-0.9135454576426,0.,0.406736643075801));
#1916=DIRECTION('center_axis',(0.,-1.,0.));
#1917=DIRECTION('ref_axis',(0.,0.,-1.));
#1918=DIRECTION('',(0.406736643075801,0.,0.9135454576426));
#1919=DIRECTION('center_axis',(-0.913545457642601,0.,0.406736643075801));
#1920=DIRECTION('ref_axis',(0.406736643075801,0.,0.913545457642601));
#1921=DIRECTION('center_axis',(0.406736643075789,-1.19049650312134E-16,
-0.913545457642606));
#1922=DIRECTION('ref_axis',(-0.913545457642606,0.,-0.406736643075789));
#1923=DIRECTION('',(-0.913545457642606,0.,-0.406736643075788));
#1924=DIRECTION('',(-8.7076315656875E-17,-1.,1.30614473485313E-16));
#1925=DIRECTION('',(-0.913545457642606,0.,-0.406736643075789));
#1926=DIRECTION('center_axis',(0.,1.,0.));
#1927=DIRECTION('ref_axis',(0.,0.,1.));
#1928=DIRECTION('',(0.406736643075789,0.,-0.913545457642606));
#1929=DIRECTION('',(-0.913545457642606,0.,-0.406736643075788));
#1930=DIRECTION('center_axis',(-0.406736643075789,-1.19049650312134E-16,
0.913545457642606));
#1931=DIRECTION('ref_axis',(0.913545457642606,0.,0.406736643075789));
#1932=DIRECTION('',(0.,1.,1.08845394571094E-16));
#1933=DIRECTION('',(-0.913545457642606,0.,-0.406736643075788));
#1934=DIRECTION('center_axis',(0.,-1.,0.));
#1935=DIRECTION('ref_axis',(0.,0.,-1.));
#1936=DIRECTION('',(-0.406736643075788,0.,0.913545457642606));
#1937=DIRECTION('center_axis',(-0.913545457642606,0.,-0.406736643075789));
#1938=DIRECTION('ref_axis',(-0.406736643075789,0.,0.913545457642606));
#1939=DIRECTION('center_axis',(0.743144825477386,-1.19049650312134E-16,
-0.669130606358867));
#1940=DIRECTION('ref_axis',(-0.669130606358867,0.,-0.743144825477386));
#1941=DIRECTION('',(-0.669130606358867,0.,-0.743144825477386));
#1942=DIRECTION('',(-4.35381578284375E-17,-1.,8.7076315656875E-17));
#1943=DIRECTION('',(-0.669130606358867,0.,-0.743144825477386));
#1944=DIRECTION('center_axis',(0.,1.,0.));
#1945=DIRECTION('ref_axis',(0.,0.,1.));
#1946=DIRECTION('',(0.743144825477386,0.,-0.669130606358867));
#1947=DIRECTION('',(-0.669130606358869,0.,-0.743144825477385));
#1948=DIRECTION('center_axis',(-0.743144825477386,-1.19049650312134E-16,
0.669130606358867));
#1949=DIRECTION('ref_axis',(0.669130606358867,0.,0.743144825477386));
#1950=DIRECTION('',(-8.7076315656875E-17,1.,0.));
#1951=DIRECTION('',(-0.669130606358868,0.,-0.743144825477386));
#1952=DIRECTION('center_axis',(0.,-1.,0.));
#1953=DIRECTION('ref_axis',(0.,0.,-1.));
#1954=DIRECTION('',(-0.743144825477386,0.,0.669130606358867));
#1955=DIRECTION('center_axis',(-0.669130606358867,0.,-0.743144825477386));
#1956=DIRECTION('ref_axis',(-0.743144825477386,0.,0.669130606358867));
#1957=DIRECTION('center_axis',(0.95105651629515,-1.19049650312134E-16,-0.309016994374957));
#1958=DIRECTION('ref_axis',(-0.309016994374957,0.,-0.95105651629515));
#1959=DIRECTION('',(-0.309016994374957,0.,-0.95105651629515));
#1960=DIRECTION('',(-1.30614473485313E-16,-1.,0.));
#1961=DIRECTION('',(-0.309016994374957,0.,-0.95105651629515));
#1962=DIRECTION('center_axis',(0.,1.,0.));
#1963=DIRECTION('ref_axis',(0.,0.,1.));
#1964=DIRECTION('',(0.95105651629515,0.,-0.309016994374957));
#1965=DIRECTION('',(-0.309016994374958,0.,-0.95105651629515));
#1966=DIRECTION('center_axis',(-0.95105651629515,-1.19049650312134E-16,
0.309016994374957));
#1967=DIRECTION('ref_axis',(0.309016994374957,0.,0.95105651629515));
#1968=DIRECTION('',(-8.7076315656875E-17,1.,8.7076315656875E-17));
#1969=DIRECTION('',(-0.309016994374957,0.,-0.951056516295151));
#1970=DIRECTION('center_axis',(0.,-1.,0.));
#1971=DIRECTION('ref_axis',(0.,0.,-1.));
#1972=DIRECTION('',(-0.95105651629515,0.,0.309016994374957));
#1973=DIRECTION('center_axis',(-0.309016994374957,0.,-0.95105651629515));
#1974=DIRECTION('ref_axis',(-0.95105651629515,0.,0.309016994374957));
#1975=DIRECTION('center_axis',(0.994521895368274,-1.19049650312134E-16,
0.104528463267644));
#1976=DIRECTION('ref_axis',(0.104528463267644,0.,-0.994521895368274));
#1977=DIRECTION('',(0.104528463267644,0.,-0.994521895368274));
#1978=DIRECTION('',(-1.30614473485313E-16,-1.,0.));
#1979=DIRECTION('',(0.104528463267644,0.,-0.994521895368274));
#1980=DIRECTION('center_axis',(0.,1.,0.));
#1981=DIRECTION('ref_axis',(0.,0.,1.));
#1982=DIRECTION('',(0.994521895368274,0.,0.104528463267644));
#1983=DIRECTION('',(0.104528463267644,0.,-0.994521895368274));
#1984=DIRECTION('center_axis',(-0.994521895368274,-1.19049650312134E-16,
-0.104528463267644));
#1985=DIRECTION('ref_axis',(-0.104528463267644,0.,0.994521895368274));
#1986=DIRECTION('',(-1.19729934028203E-16,1.,0.));
#1987=DIRECTION('',(0.104528463267644,0.,-0.994521895368274));
#1988=DIRECTION('center_axis',(0.,-1.,0.));
#1989=DIRECTION('ref_axis',(0.,0.,-1.));
#1990=DIRECTION('',(-0.994521895368274,0.,-0.104528463267644));
#1991=DIRECTION('center_axis',(0.104528463267644,0.,-0.994521895368274));
#1992=DIRECTION('ref_axis',(-0.994521895368274,0.,-0.104528463267644));
#1993=DIRECTION('center_axis',(0.866025403784443,-1.19049650312134E-16,
0.499999999999992));
#1994=DIRECTION('ref_axis',(0.499999999999992,0.,-0.866025403784443));
#1995=DIRECTION('',(0.499999999999991,0.,-0.866025403784444));
#1996=DIRECTION('',(-1.30614473485313E-16,-1.,0.));
#1997=DIRECTION('',(0.499999999999992,0.,-0.866025403784443));
#1998=DIRECTION('center_axis',(0.,1.,0.));
#1999=DIRECTION('ref_axis',(0.,0.,1.));
#2000=DIRECTION('',(0.866025403784443,0.,0.499999999999992));
#2001=DIRECTION('',(0.499999999999992,0.,-0.866025403784443));
#2002=DIRECTION('center_axis',(-0.866025403784443,-1.19049650312134E-16,
-0.499999999999992));
#2003=DIRECTION('ref_axis',(-0.499999999999992,0.,0.866025403784443));
#2004=DIRECTION('',(-1.30614473485313E-16,1.,-8.7076315656875E-17));
#2005=DIRECTION('',(0.499999999999992,0.,-0.866025403784443));
#2006=DIRECTION('center_axis',(0.,-1.,0.));
#2007=DIRECTION('ref_axis',(0.,0.,-1.));
#2008=DIRECTION('',(-0.866025403784443,0.,-0.499999999999992));
#2009=DIRECTION('center_axis',(0.499999999999992,0.,-0.866025403784443));
#2010=DIRECTION('ref_axis',(-0.866025403784443,0.,-0.499999999999992));
#2011=DIRECTION('center_axis',(0.58778525229248,-1.19049650312134E-16,0.809016994374943));
#2012=DIRECTION('ref_axis',(0.809016994374943,0.,-0.58778525229248));
#2013=DIRECTION('',(0.809016994374943,0.,-0.58778525229248));
#2014=DIRECTION('',(-8.7076315656875E-17,-1.,-8.7076315656875E-17));
#2015=DIRECTION('',(0.809016994374943,0.,-0.58778525229248));
#2016=DIRECTION('center_axis',(0.,1.,0.));
#2017=DIRECTION('ref_axis',(0.,0.,1.));
#2018=DIRECTION('',(0.58778525229248,0.,0.809016994374943));
#2019=DIRECTION('',(0.809016994374942,0.,-0.58778525229248));
#2020=DIRECTION('center_axis',(-0.58778525229248,-1.19049650312134E-16,
-0.809016994374943));
#2021=DIRECTION('ref_axis',(-0.809016994374943,0.,0.58778525229248));
#2022=DIRECTION('',(0.,1.,0.));
#2023=DIRECTION('',(0.809016994374943,0.,-0.587785252292479));
#2024=DIRECTION('center_axis',(0.,-1.,0.));
#2025=DIRECTION('ref_axis',(0.,0.,-1.));
#2026=DIRECTION('',(-0.58778525229248,0.,-0.809016994374943));
#2027=DIRECTION('center_axis',(0.809016994374943,0.,-0.58778525229248));
#2028=DIRECTION('ref_axis',(-0.58778525229248,0.,-0.809016994374943));
#2029=DIRECTION('center_axis',(0.207911690817766,-1.19049650312134E-16,
0.978147600733804));
#2030=DIRECTION('ref_axis',(0.978147600733804,0.,-0.207911690817766));
#2031=DIRECTION('',(0.978147600733804,0.,-0.207911690817767));
#2032=DIRECTION('',(0.,-1.,-1.19729934028203E-16));
#2033=DIRECTION('',(0.978147600733804,0.,-0.207911690817767));
#2034=DIRECTION('center_axis',(0.,1.,0.));
#2035=DIRECTION('ref_axis',(0.,0.,1.));
#2036=DIRECTION('',(0.207911690817766,0.,0.978147600733804));
#2037=DIRECTION('',(0.978147600733804,0.,-0.207911690817767));
#2038=DIRECTION('center_axis',(-0.207911690817766,-1.19049650312134E-16,
-0.978147600733804));
#2039=DIRECTION('ref_axis',(-0.978147600733804,0.,0.207911690817766));
#2040=DIRECTION('',(0.,1.,-8.7076315656875E-17));
#2041=DIRECTION('',(0.978147600733804,0.,-0.207911690817767));
#2042=DIRECTION('center_axis',(0.,-1.,0.));
#2043=DIRECTION('ref_axis',(0.,0.,-1.));
#2044=DIRECTION('',(-0.207911690817767,0.,-0.978147600733804));
#2045=DIRECTION('center_axis',(0.978147600733804,0.,-0.207911690817766));
#2046=DIRECTION('ref_axis',(-0.207911690817766,0.,-0.978147600733804));
#2047=DIRECTION('center_axis',(-0.207911690817753,-1.19049650312134E-16,
0.978147600733807));
#2048=DIRECTION('ref_axis',(0.978147600733807,0.,0.207911690817753));
#2049=DIRECTION('',(0.978147600733807,0.,0.207911690817753));
#2050=DIRECTION('',(0.,-1.,-1.30614473485313E-16));
#2051=DIRECTION('',(0.978147600733807,0.,0.207911690817752));
#2052=DIRECTION('center_axis',(0.,1.,0.));
#2053=DIRECTION('ref_axis',(0.,0.,1.));
#2054=DIRECTION('',(-0.207911690817753,0.,0.978147600733807));
#2055=DIRECTION('',(0.978147600733807,0.,0.207911690817753));
#2056=DIRECTION('center_axis',(0.207911690817753,-1.19049650312134E-16,
-0.978147600733807));
#2057=DIRECTION('ref_axis',(-0.978147600733807,0.,-0.207911690817753));
#2058=DIRECTION('',(0.,1.,-1.19729934028203E-16));
#2059=DIRECTION('',(0.978147600733807,0.,0.207911690817753));
#2060=DIRECTION('center_axis',(0.,-1.,0.));
#2061=DIRECTION('ref_axis',(0.,0.,-1.));
#2062=DIRECTION('',(0.207911690817753,0.,-0.978147600733807));
#2063=DIRECTION('center_axis',(0.978147600733807,0.,0.207911690817753));
#2064=DIRECTION('ref_axis',(0.207911690817753,0.,-0.978147600733807));
#2065=DIRECTION('center_axis',(-0.587785252292469,-1.19049650312134E-16,
0.80901699437495));
#2066=DIRECTION('ref_axis',(0.80901699437495,0.,0.587785252292469));
#2067=DIRECTION('',(0.809016994374951,0.,0.587785252292469));
#2068=DIRECTION('',(8.7076315656875E-17,-1.,-8.7076315656875E-17));
#2069=DIRECTION('',(0.809016994374951,0.,0.587785252292468));
#2070=DIRECTION('center_axis',(0.,1.,0.));
#2071=DIRECTION('ref_axis',(0.,0.,1.));
#2072=DIRECTION('',(-0.587785252292469,0.,0.809016994374951));
#2073=DIRECTION('',(0.809016994374951,0.,0.587785252292468));
#2074=DIRECTION('center_axis',(0.587785252292469,-1.19049650312134E-16,
-0.80901699437495));
#2075=DIRECTION('ref_axis',(-0.80901699437495,0.,-0.587785252292469));
#2076=DIRECTION('',(8.7076315656875E-17,1.,-8.7076315656875E-17));
#2077=DIRECTION('',(0.809016994374951,0.,0.587785252292468));
#2078=DIRECTION('center_axis',(0.,-1.,0.));
#2079=DIRECTION('ref_axis',(0.,0.,-1.));
#2080=DIRECTION('',(0.587785252292469,0.,-0.809016994374951));
#2081=DIRECTION('center_axis',(0.80901699437495,0.,0.587785252292469));
#2082=DIRECTION('ref_axis',(0.587785252292469,0.,-0.80901699437495));
#2083=DIRECTION('center_axis',(-0.866025403784436,-1.19049650312134E-16,
0.500000000000004));
#2084=DIRECTION('ref_axis',(0.500000000000004,0.,0.866025403784436));
#2085=DIRECTION('',(0.500000000000004,0.,0.866025403784436));
#2086=DIRECTION('',(8.7076315656875E-17,-1.,-8.7076315656875E-17));
#2087=DIRECTION('',(0.500000000000004,0.,0.866025403784436));
#2088=DIRECTION('center_axis',(0.,1.,0.));
#2089=DIRECTION('ref_axis',(0.,0.,1.));
#2090=DIRECTION('',(-0.866025403784436,0.,0.500000000000004));
#2091=DIRECTION('',(0.500000000000004,0.,0.866025403784436));
#2092=DIRECTION('center_axis',(0.866025403784436,-1.19049650312134E-16,
-0.500000000000004));
#2093=DIRECTION('ref_axis',(-0.500000000000004,0.,-0.866025403784436));
#2094=DIRECTION('',(1.7415263131375E-16,1.,-8.7076315656875E-17));
#2095=DIRECTION('',(0.500000000000005,0.,0.866025403784435));
#2096=DIRECTION('center_axis',(0.,-1.,0.));
#2097=DIRECTION('ref_axis',(0.,0.,-1.));
#2098=DIRECTION('',(0.866025403784436,0.,-0.500000000000004));
#2099=DIRECTION('center_axis',(0.500000000000004,0.,0.866025403784436));
#2100=DIRECTION('ref_axis',(0.866025403784436,0.,-0.500000000000004));
#2101=DIRECTION('center_axis',(-0.994521895368273,-1.19049650312134E-16,
0.104528463267657));
#2102=DIRECTION('ref_axis',(0.104528463267657,0.,0.994521895368273));
#2103=DIRECTION('',(0.104528463267657,0.,0.994521895368273));
#2104=DIRECTION('',(1.19729934028203E-16,-1.,0.));
#2105=DIRECTION('',(0.104528463267657,0.,0.994521895368273));
#2106=DIRECTION('center_axis',(0.,1.,0.));
#2107=DIRECTION('ref_axis',(0.,0.,1.));
#2108=DIRECTION('',(-0.994521895368273,0.,0.104528463267657));
#2109=DIRECTION('',(0.104528463267657,0.,0.994521895368273));
#2110=DIRECTION('center_axis',(0.994521895368273,-1.19049650312134E-16,
-0.104528463267657));
#2111=DIRECTION('ref_axis',(-0.104528463267657,0.,-0.994521895368273));
#2112=DIRECTION('',(1.30614473485313E-16,1.,0.));
#2113=DIRECTION('',(0.104528463267657,0.,0.994521895368273));
#2114=DIRECTION('center_axis',(0.,-1.,0.));
#2115=DIRECTION('ref_axis',(0.,0.,-1.));
#2116=DIRECTION('',(0.994521895368273,0.,-0.104528463267657));
#2117=DIRECTION('center_axis',(0.104528463267657,0.,0.994521895368273));
#2118=DIRECTION('ref_axis',(0.994521895368273,0.,-0.104528463267657));
#2119=DIRECTION('center_axis',(-0.951056516295154,-1.19049650312134E-16,
-0.309016994374945));
#2120=DIRECTION('ref_axis',(-0.309016994374945,0.,0.951056516295154));
#2121=DIRECTION('',(-0.309016994374944,0.,0.951056516295155));
#2122=DIRECTION('',(8.7076315656875E-17,-1.,8.7076315656875E-17));
#2123=DIRECTION('',(-0.309016994374945,0.,0.951056516295154));
#2124=DIRECTION('center_axis',(0.,1.,0.));
#2125=DIRECTION('ref_axis',(0.,0.,1.));
#2126=DIRECTION('',(-0.951056516295155,0.,-0.309016994374945));
#2127=DIRECTION('',(-0.309016994374945,0.,0.951056516295154));
#2128=DIRECTION('center_axis',(0.951056516295154,-1.19049650312134E-16,
0.309016994374945));
#2129=DIRECTION('ref_axis',(0.309016994374945,0.,-0.951056516295154));
#2130=DIRECTION('',(1.08845394571094E-16,1.,8.7076315656875E-17));
#2131=DIRECTION('',(-0.309016994374945,0.,0.951056516295154));
#2132=DIRECTION('center_axis',(0.,-1.,0.));
#2133=DIRECTION('ref_axis',(0.,0.,-1.));
#2134=DIRECTION('',(0.951056516295154,0.,0.309016994374945));
#2135=DIRECTION('center_axis',(-0.309016994374945,0.,0.951056516295154));
#2136=DIRECTION('ref_axis',(0.951056516295154,0.,0.309016994374945));
#2137=DIRECTION('center_axis',(-0.743144825477395,-1.19049650312134E-16,
-0.669130606358857));
#2138=DIRECTION('ref_axis',(-0.669130606358857,0.,0.743144825477395));
#2139=DIRECTION('',(-0.669130606358857,0.,0.743144825477395));
#2140=DIRECTION('',(8.7076315656875E-17,-1.,8.7076315656875E-17));
#2141=DIRECTION('',(-0.669130606358857,0.,0.743144825477395));
#2142=DIRECTION('center_axis',(0.,1.,0.));
#2143=DIRECTION('ref_axis',(0.,0.,1.));
#2144=DIRECTION('',(-0.743144825477395,0.,-0.669130606358857));
#2145=DIRECTION('',(-0.669130606358858,0.,0.743144825477395));
#2146=DIRECTION('center_axis',(0.743144825477395,-1.19049650312134E-16,
0.669130606358857));
#2147=DIRECTION('ref_axis',(0.669130606358857,0.,-0.743144825477395));
#2148=DIRECTION('',(8.7076315656875E-17,1.,8.7076315656875E-17));
#2149=DIRECTION('',(-0.669130606358857,0.,0.743144825477395));
#2150=DIRECTION('center_axis',(0.,-1.,0.));
#2151=DIRECTION('ref_axis',(0.,0.,-1.));
#2152=DIRECTION('',(0.743144825477395,0.,0.669130606358857));
#2153=DIRECTION('center_axis',(-0.669130606358857,0.,0.743144825477395));
#2154=DIRECTION('ref_axis',(0.743144825477395,0.,0.669130606358857));
#2155=DIRECTION('center_axis',(0.,1.,0.));
#2156=DIRECTION('ref_axis',(0.,0.,1.));
#2157=DIRECTION('center_axis',(0.,1.,0.));
#2158=DIRECTION('ref_axis',(0.,0.,1.));
#2159=DIRECTION('',(0.,1.,0.));
#2160=DIRECTION('center_axis',(0.,1.,0.));
#2161=DIRECTION('ref_axis',(0.,0.,1.));
#2162=DIRECTION('center_axis',(0.,1.,0.));
#2163=DIRECTION('ref_axis',(0.,0.,1.));
#2164=DIRECTION('',(0.,1.,0.));
#2165=DIRECTION('center_axis',(0.,1.,0.));
#2166=DIRECTION('ref_axis',(0.,0.,1.));
#2167=DIRECTION('center_axis',(0.,1.,0.));
#2168=DIRECTION('ref_axis',(0.,0.,1.));
#2169=DIRECTION('',(0.,1.,0.));
#2170=DIRECTION('center_axis',(0.,1.,0.));
#2171=DIRECTION('ref_axis',(0.,0.,1.));
#2172=DIRECTION('center_axis',(0.,1.,0.));
#2173=DIRECTION('ref_axis',(0.,0.,1.));
#2174=DIRECTION('center_axis',(0.,1.,0.));
#2175=DIRECTION('ref_axis',(0.,0.,1.));
#2176=DIRECTION('',(0.,1.,0.));
#2177=DIRECTION('center_axis',(0.,1.,0.));
#2178=DIRECTION('ref_axis',(0.,0.,1.));
#2179=DIRECTION('center_axis',(0.,1.,0.));
#2180=DIRECTION('ref_axis',(0.,0.,1.));
#2181=DIRECTION('center_axis',(0.,1.,0.));
#2182=DIRECTION('ref_axis',(0.,0.,1.));
#2183=DIRECTION('',(0.,1.,0.));
#2184=DIRECTION('center_axis',(0.,1.,0.));
#2185=DIRECTION('ref_axis',(0.,0.,1.));
#2186=DIRECTION('center_axis',(0.,-1.,0.));
#2187=DIRECTION('ref_axis',(0.,0.,-1.));
#2188=DIRECTION('',(-8.65956056235493E-17,-0.707106781186547,0.707106781186547));
#2189=DIRECTION('center_axis',(0.,-1.,0.));
#2190=DIRECTION('ref_axis',(0.,0.,-1.));
#2191=DIRECTION('',(-8.65956056235493E-17,-0.707106781186547,0.707106781186547));
#2192=DIRECTION('center_axis',(0.,-1.,0.));
#2193=DIRECTION('ref_axis',(0.,0.,-1.));
#2194=DIRECTION('',(-8.65956056235493E-17,-0.707106781186548,0.707106781186548));
#2195=DIRECTION('center_axis',(0.,-1.,0.));
#2196=DIRECTION('ref_axis',(0.,0.,-1.));
#2197=DIRECTION('',(-8.65956056235493E-17,-0.707106781186547,0.707106781186547));
#2198=CARTESIAN_POINT('',(0.,0.,0.));
#2199=CARTESIAN_POINT('Origin',(0.,29.5,0.));
#2200=CARTESIAN_POINT('',(0.,0.,17.));
#2201=CARTESIAN_POINT('Origin',(0.,0.,0.));
#2202=CARTESIAN_POINT('',(-2.0818995585505E-15,2.,17.));
#2203=CARTESIAN_POINT('',(-2.0818995585505E-15,29.5,17.));
#2204=CARTESIAN_POINT('',(-0.224400230287886,2.,16.9985188924402));
#2205=CARTESIAN_POINT('Origin',(0.,2.,0.));
#2206=CARTESIAN_POINT('',(-0.224400230287889,27.5,16.9985188924402));
#2207=CARTESIAN_POINT('',(-0.224400230287889,27.5,16.9985188924402));
#2208=CARTESIAN_POINT('',(-2.0818995585505E-15,27.5,17.));
#2209=CARTESIAN_POINT('Origin',(0.,27.5,0.));
#2210=CARTESIAN_POINT('',(0.,29.5,17.));
#2211=CARTESIAN_POINT('',(-2.0818995585505E-15,29.5,17.));
#2212=CARTESIAN_POINT('Origin',(0.,29.5,0.));
#2213=CARTESIAN_POINT('',(3.7536873511852,27.5,16.5804050393696));
#2214=CARTESIAN_POINT('Origin',(0.,27.5,0.));
#2215=CARTESIAN_POINT('',(3.7536873511852,2.,16.5804050393696));
#2216=CARTESIAN_POINT('',(3.7536873511852,27.5,16.5804050393696));
#2217=CARTESIAN_POINT('Origin',(0.,2.,0.));
#2218=CARTESIAN_POINT('',(-9.80993511594671,27.5,13.883989809162));
#2219=CARTESIAN_POINT('',(-9.80993511594671,2.,13.883989809162));
#2220=CARTESIAN_POINT('',(-9.80993511594671,27.5,13.883989809162));
#2221=CARTESIAN_POINT('',(-12.7825144178563,2.,11.2074673837266));
#2222=CARTESIAN_POINT('Origin',(0.,2.,0.));
#2223=CARTESIAN_POINT('',(-12.7825144178563,27.5,11.2074673837266));
#2224=CARTESIAN_POINT('',(-12.7825144178563,27.5,11.2074673837266));
#2225=CARTESIAN_POINT('Origin',(0.,27.5,0.));
#2226=CARTESIAN_POINT('',(-3.31469425746455,27.5,16.6737159019677));
#2227=CARTESIAN_POINT('',(-3.31469425746456,2.,16.6737159019677));
#2228=CARTESIAN_POINT('',(-3.31469425746455,27.5,16.6737159019677));
#2229=CARTESIAN_POINT('',(-7.11892032264517,2.,15.4376479244679));
#2230=CARTESIAN_POINT('Origin',(0.,2.,0.));
#2231=CARTESIAN_POINT('',(-7.11892032264517,27.5,15.4376479244679));
#2232=CARTESIAN_POINT('',(-7.11892032264517,27.5,15.4376479244679));
#2233=CARTESIAN_POINT('Origin',(0.,27.5,0.));
#2234=CARTESIAN_POINT('',(10.173022315636,27.5,13.6201915172134));
#2235=CARTESIAN_POINT('',(10.173022315636,2.,13.6201915172134));
#2236=CARTESIAN_POINT('',(10.173022315636,27.5,13.6201915172134));
#2237=CARTESIAN_POINT('',(6.70892070049826,2.,15.6201915172134));
#2238=CARTESIAN_POINT('Origin',(0.,2.,0.));
#2239=CARTESIAN_POINT('',(6.70892070049826,27.5,15.6201915172134));
#2240=CARTESIAN_POINT('',(6.70892070049826,27.5,15.6201915172134));
#2241=CARTESIAN_POINT('Origin',(0.,27.5,0.));
#2242=CARTESIAN_POINT('',(14.833349302707,27.5,8.30492314617558));
#2243=CARTESIAN_POINT('',(14.833349302707,2.,8.30492314617559));
#2244=CARTESIAN_POINT('',(14.833349302707,27.5,8.30492314617559));
#2245=CARTESIAN_POINT('',(12.4822082935371,2.,11.5409911236754));
#2246=CARTESIAN_POINT('Origin',(0.,2.,0.));
#2247=CARTESIAN_POINT('',(12.4822082935371,27.5,11.5409911236754));
#2248=CARTESIAN_POINT('',(12.4822082935371,27.5,11.5409911236754));
#2249=CARTESIAN_POINT('Origin',(0.,27.5,0.));
#2250=CARTESIAN_POINT('',(16.928855438592,27.5,1.55365811530579));
#2251=CARTESIAN_POINT('',(16.928855438592,2.,1.5536581153058));
#2252=CARTESIAN_POINT('',(16.928855438592,27.5,1.55365811530579));
#2253=CARTESIAN_POINT('',(16.0972086753209,2.,5.46624851824102));
#2254=CARTESIAN_POINT('Origin',(0.,2.,0.));
#2255=CARTESIAN_POINT('',(16.0972086753209,27.5,5.46624851824102));
#2256=CARTESIAN_POINT('',(16.0972086753209,27.5,5.46624851824102));
#2257=CARTESIAN_POINT('Origin',(0.,27.5,0.));
#2258=CARTESIAN_POINT('',(16.0972086753209,27.5,-5.46624851824124));
#2259=CARTESIAN_POINT('',(16.0972086753209,2.,-5.46624851824124));
#2260=CARTESIAN_POINT('',(16.0972086753209,27.5,-5.46624851824124));
#2261=CARTESIAN_POINT('',(16.9288554385919,2.,-1.55365811530603));
#2262=CARTESIAN_POINT('Origin',(0.,2.,0.));
#2263=CARTESIAN_POINT('',(16.9288554385919,27.5,-1.55365811530602));
#2264=CARTESIAN_POINT('',(16.9288554385919,27.5,-1.55365811530602));
#2265=CARTESIAN_POINT('Origin',(0.,27.5,0.));
#2266=CARTESIAN_POINT('',(12.4822082935369,27.5,-11.5409911236756));
#2267=CARTESIAN_POINT('',(12.4822082935369,2.,-11.5409911236755));
#2268=CARTESIAN_POINT('',(12.4822082935369,27.5,-11.5409911236756));
#2269=CARTESIAN_POINT('',(14.8333493027068,2.,-8.30492314617578));
#2270=CARTESIAN_POINT('Origin',(0.,2.,0.));
#2271=CARTESIAN_POINT('',(14.8333493027068,27.5,-8.30492314617578));
#2272=CARTESIAN_POINT('',(14.8333493027068,27.5,-8.30492314617578));
#2273=CARTESIAN_POINT('Origin',(0.,27.5,0.));
#2274=CARTESIAN_POINT('',(6.70892070049804,27.5,-15.6201915172135));
#2275=CARTESIAN_POINT('',(6.70892070049805,2.,-15.6201915172135));
#2276=CARTESIAN_POINT('',(6.70892070049804,27.5,-15.6201915172135));
#2277=CARTESIAN_POINT('',(10.1730223156358,2.,-13.6201915172135));
#2278=CARTESIAN_POINT('Origin',(0.,2.,0.));
#2279=CARTESIAN_POINT('',(10.1730223156358,27.5,-13.6201915172135));
#2280=CARTESIAN_POINT('',(10.1730223156358,27.5,-13.6201915172135));
#2281=CARTESIAN_POINT('Origin',(0.,27.5,0.));
#2282=CARTESIAN_POINT('',(-0.224400230288117,2.,-16.9985188924402));
#2283=CARTESIAN_POINT('',(3.75368735118498,2.,-16.5804050393696));
#2284=CARTESIAN_POINT('Origin',(0.,2.,0.));
#2285=CARTESIAN_POINT('',(3.75368735118498,27.5,-16.5804050393696));
#2286=CARTESIAN_POINT('',(3.75368735118498,27.5,-16.5804050393696));
#2287=CARTESIAN_POINT('',(-0.224400230288119,27.5,-16.9985188924402));
#2288=CARTESIAN_POINT('Origin',(0.,27.5,0.));
#2289=CARTESIAN_POINT('',(-0.22440023028812,27.5,-16.9985188924402));
#2290=CARTESIAN_POINT('',(-7.11892032264537,27.5,-15.4376479244679));
#2291=CARTESIAN_POINT('',(-7.11892032264537,2.,-15.4376479244679));
#2292=CARTESIAN_POINT('',(-7.11892032264537,27.5,-15.4376479244679));
#2293=CARTESIAN_POINT('',(-3.31469425746477,2.,-16.6737159019677));
#2294=CARTESIAN_POINT('Origin',(0.,2.,0.));
#2295=CARTESIAN_POINT('',(-3.31469425746477,27.5,-16.6737159019677));
#2296=CARTESIAN_POINT('',(-3.31469425746477,27.5,-16.6737159019677));
#2297=CARTESIAN_POINT('Origin',(0.,27.5,0.));
#2298=CARTESIAN_POINT('',(-12.7825144178564,27.5,-11.2074673837264));
#2299=CARTESIAN_POINT('',(-12.7825144178564,2.,-11.2074673837264));
#2300=CARTESIAN_POINT('',(-12.7825144178564,27.5,-11.2074673837264));
#2301=CARTESIAN_POINT('',(-9.8099351159469,2.,-13.8839898091619));
#2302=CARTESIAN_POINT('Origin',(0.,2.,0.));
#2303=CARTESIAN_POINT('',(-9.8099351159469,27.5,-13.8839898091619));
#2304=CARTESIAN_POINT('',(-9.8099351159469,27.5,-13.8839898091619));
#2305=CARTESIAN_POINT('Origin',(0.,27.5,0.));
#2306=CARTESIAN_POINT('',(-16.2358956447222,27.5,-5.03941391569394));
#2307=CARTESIAN_POINT('',(-16.2358956447222,2.,-5.03941391569394));
#2308=CARTESIAN_POINT('',(-16.2358956447222,27.5,-5.03941391569394));
#2309=CARTESIAN_POINT('',(-14.6089490724191,2.,-8.69359574626436));
#2310=CARTESIAN_POINT('Origin',(0.,2.,0.));
#2311=CARTESIAN_POINT('',(-14.6089490724191,27.5,-8.69359574626437));
#2312=CARTESIAN_POINT('',(-14.6089490724191,27.5,-8.69359574626437));
#2313=CARTESIAN_POINT('Origin',(0.,27.5,0.));
#2314=CARTESIAN_POINT('',(-14.608949072419,27.5,8.69359574626456));
#2315=CARTESIAN_POINT('',(-14.608949072419,2.,8.69359574626456));
#2316=CARTESIAN_POINT('',(-14.608949072419,27.5,8.69359574626456));
#2317=CARTESIAN_POINT('',(-16.2358956447222,2.,5.03941391569416));
#2318=CARTESIAN_POINT('Origin',(0.,2.,0.));
#2319=CARTESIAN_POINT('',(-16.2358956447222,27.5,5.03941391569416));
#2320=CARTESIAN_POINT('',(-16.2358956447222,27.5,5.03941391569416));
#2321=CARTESIAN_POINT('Origin',(0.,27.5,0.));
#2322=CARTESIAN_POINT('',(-16.8819430161341,27.5,2.));
#2323=CARTESIAN_POINT('',(-16.8819430161341,2.,2.));
#2324=CARTESIAN_POINT('',(-16.8819430161341,27.5,2.));
#2325=CARTESIAN_POINT('',(-16.8819430161341,2.,-2.));
#2326=CARTESIAN_POINT('Origin',(0.,2.,0.));
#2327=CARTESIAN_POINT('',(-16.8819430161341,27.5,-2.));
#2328=CARTESIAN_POINT('',(-16.8819430161341,27.5,-2.));
#2329=CARTESIAN_POINT('Origin',(0.,27.5,0.));
#2330=CARTESIAN_POINT('Origin',(0.,29.5,0.));
#2331=CARTESIAN_POINT('',(-1.71450551880629E-15,29.5,-14.));
#2332=CARTESIAN_POINT('Origin',(0.,29.5,0.));
#2333=CARTESIAN_POINT('Origin',(0.,0.,0.));
#2334=CARTESIAN_POINT('',(4.33068958639698,0.,-1.54409600528387));
#2335=CARTESIAN_POINT('Origin',(4.33068958639698,0.,-4.64409600528332));
#2336=CARTESIAN_POINT('',(-4.64409600528164,0.,-1.23068958639903));
#2337=CARTESIAN_POINT('Origin',(-4.64409600528164,0.,-4.33068958639848));
#2338=CARTESIAN_POINT('',(4.64409600528185,0.,7.43068958639468));
#2339=CARTESIAN_POINT('Origin',(4.64409600528185,0.,4.33068958639523));
#2340=CARTESIAN_POINT('',(-4.3306895863968,0.,7.74409600527955));
#2341=CARTESIAN_POINT('Origin',(-4.3306895863968,0.,4.64409600528009));
#2342=CARTESIAN_POINT('',(8.30217974870573E-14,0.,-2.00000000000106));
#2343=CARTESIAN_POINT('Origin',(8.32667268468867E-14,0.,-1.6080886622305E-12));
#2344=CARTESIAN_POINT('Origin',(0.,2.,0.));
#2345=CARTESIAN_POINT('',(-1.71450551880629E-15,2.,-14.));
#2346=CARTESIAN_POINT('Origin',(0.,2.,0.));
#2347=CARTESIAN_POINT('',(-1.71450551880629E-15,2.,-14.));
#2348=CARTESIAN_POINT('Origin',(0.,2.,0.));
#2349=CARTESIAN_POINT('',(-4.3306895863968,2.,3.04409600528064));
#2350=CARTESIAN_POINT('Origin',(-4.3306895863968,2.,4.64409600528009));
#2351=CARTESIAN_POINT('',(4.33068958639698,2.,-6.24409600528277));
#2352=CARTESIAN_POINT('Origin',(4.33068958639698,2.,-4.64409600528332));
#2353=CARTESIAN_POINT('',(-4.64409600528164,2.,-5.93068958639793));
#2354=CARTESIAN_POINT('Origin',(-4.64409600528164,2.,-4.33068958639848));
#2355=CARTESIAN_POINT('',(8.30217974870573E-14,2.,-2.00000000000106));
#2356=CARTESIAN_POINT('Origin',(8.32667268468867E-14,2.,-1.6080886622305E-12));
#2357=CARTESIAN_POINT('',(4.64409600528185,2.,2.73068958639577));
#2358=CARTESIAN_POINT('Origin',(4.64409600528185,2.,4.33068958639523));
#2359=CARTESIAN_POINT('Origin',(-15.5,27.5,-2.));
#2360=CARTESIAN_POINT('',(-15.5,2.,-2.));
#2361=CARTESIAN_POINT('',(-15.5,2.,-2.));
#2362=CARTESIAN_POINT('',(-15.5,27.5,-2.));
#2363=CARTESIAN_POINT('',(-15.5,27.5,-2.));
#2364=CARTESIAN_POINT('',(-15.5,27.5,-2.));
#2365=CARTESIAN_POINT('Origin',(-15.5,27.5,-2.));
#2366=CARTESIAN_POINT('',(-15.5,27.5,2.));
#2367=CARTESIAN_POINT('',(-15.5,27.5,2.));
#2368=CARTESIAN_POINT('',(-15.5,27.5,2.));
#2369=CARTESIAN_POINT('Origin',(-15.5,27.5,2.));
#2370=CARTESIAN_POINT('',(-15.5,2.,2.));
#2371=CARTESIAN_POINT('',(-15.5,2.,2.));
#2372=CARTESIAN_POINT('',(-15.5,2.,2.));
#2373=CARTESIAN_POINT('Origin',(-15.5,2.,-2.));
#2374=CARTESIAN_POINT('',(-15.5,2.,-2.));
#2375=CARTESIAN_POINT('Origin',(-15.5,0.,0.));
#2376=CARTESIAN_POINT('Origin',(-14.9734278796119,27.5,4.47732705238972));
#2377=CARTESIAN_POINT('',(-14.9734278796119,2.,4.47732705238972));
#2378=CARTESIAN_POINT('',(-14.9734278796119,2.,4.47732705238972));
#2379=CARTESIAN_POINT('',(-14.9734278796119,27.5,4.47732705238972));
#2380=CARTESIAN_POINT('',(-14.9734278796119,27.5,4.47732705238972));
#2381=CARTESIAN_POINT('',(-14.9734278796119,27.5,4.47732705238972));
#2382=CARTESIAN_POINT('Origin',(-14.9734278796119,27.5,4.47732705238972));
#2383=CARTESIAN_POINT('',(-13.3464813073087,27.5,8.13150888296012));
#2384=CARTESIAN_POINT('',(-13.3464813073087,27.5,8.13150888296012));
#2385=CARTESIAN_POINT('',(-13.3464813073087,27.5,8.13150888296012));
#2386=CARTESIAN_POINT('Origin',(-13.3464813073087,27.5,8.13150888296012));
#2387=CARTESIAN_POINT('',(-13.3464813073087,2.,8.13150888296011));
#2388=CARTESIAN_POINT('',(-13.3464813073087,2.,8.13150888296011));
#2389=CARTESIAN_POINT('',(-13.3464813073087,2.,8.13150888296011));
#2390=CARTESIAN_POINT('Origin',(-14.9734278796119,2.,4.47732705238972));
#2391=CARTESIAN_POINT('',(-14.9734278796119,2.,4.47732705238972));
#2392=CARTESIAN_POINT('Origin',(-14.1599545934603,0.,6.30441796767492));
#2393=CARTESIAN_POINT('Origin',(-13.3464813073088,27.5,-8.13150888295994));
#2394=CARTESIAN_POINT('',(-13.3464813073088,2.,-8.13150888295994));
#2395=CARTESIAN_POINT('',(-13.3464813073088,2.,-8.13150888295994));
#2396=CARTESIAN_POINT('',(-13.3464813073088,27.5,-8.13150888295994));
#2397=CARTESIAN_POINT('',(-13.3464813073088,27.5,-8.13150888295994));
#2398=CARTESIAN_POINT('',(-13.3464813073088,27.5,-8.13150888295994));
#2399=CARTESIAN_POINT('Origin',(-13.3464813073088,27.5,-8.13150888295994));
#2400=CARTESIAN_POINT('',(-14.973427879612,27.5,-4.47732705238952));
#2401=CARTESIAN_POINT('',(-14.973427879612,27.5,-4.47732705238951));
#2402=CARTESIAN_POINT('',(-14.973427879612,27.5,-4.47732705238952));
#2403=CARTESIAN_POINT('Origin',(-14.973427879612,27.5,-4.47732705238952));
#2404=CARTESIAN_POINT('',(-14.973427879612,2.,-4.47732705238952));
#2405=CARTESIAN_POINT('',(-14.973427879612,2.,-4.47732705238952));
#2406=CARTESIAN_POINT('',(-14.973427879612,2.,-4.47732705238952));
#2407=CARTESIAN_POINT('Origin',(-13.3464813073088,2.,-8.13150888295994));
#2408=CARTESIAN_POINT('',(-13.3464813073088,2.,-8.13150888295994));
#2409=CARTESIAN_POINT('Origin',(-14.1599545934604,0.,-6.30441796767473));
#2410=CARTESIAN_POINT('Origin',(-8.88523474760767,27.5,-12.8570060076172));
#2411=CARTESIAN_POINT('',(-8.88523474760767,2.,-12.8570060076172));
#2412=CARTESIAN_POINT('',(-8.88523474760767,2.,-12.8570060076172));
#2413=CARTESIAN_POINT('',(-8.88523474760767,27.5,-12.8570060076172));
#2414=CARTESIAN_POINT('',(-8.88523474760767,27.5,-12.8570060076172));
#2415=CARTESIAN_POINT('',(-8.88523474760767,27.5,-12.8570060076172));
#2416=CARTESIAN_POINT('Origin',(-8.88523474760767,27.5,-12.8570060076172));
#2417=CARTESIAN_POINT('',(-11.8578140495172,27.5,-10.1804835821818));
#2418=CARTESIAN_POINT('',(-11.8578140495172,27.5,-10.1804835821818));
#2419=CARTESIAN_POINT('',(-11.8578140495172,27.5,-10.1804835821818));
#2420=CARTESIAN_POINT('Origin',(-11.8578140495172,27.5,-10.1804835821818));
#2421=CARTESIAN_POINT('',(-11.8578140495172,2.,-10.1804835821818));
#2422=CARTESIAN_POINT('',(-11.8578140495172,2.,-10.1804835821818));
#2423=CARTESIAN_POINT('',(-11.8578140495172,2.,-10.1804835821818));
#2424=CARTESIAN_POINT('Origin',(-8.88523474760767,2.,-12.8570060076172));
#2425=CARTESIAN_POINT('',(-8.88523474760767,2.,-12.8570060076172));
#2426=CARTESIAN_POINT('Origin',(-10.3715243985624,0.,-11.5187447948995));
#2427=CARTESIAN_POINT('Origin',(-2.88765038022154,27.5,-15.3594099913247));
#2428=CARTESIAN_POINT('',(-2.88765038022154,2.,-15.3594099913247));
#2429=CARTESIAN_POINT('',(-2.88765038022154,2.,-15.3594099913247));
#2430=CARTESIAN_POINT('',(-2.88765038022154,27.5,-15.3594099913247));
#2431=CARTESIAN_POINT('',(-2.88765038022154,27.5,-15.3594099913247));
#2432=CARTESIAN_POINT('',(-2.88765038022154,27.5,-15.3594099913247));
#2433=CARTESIAN_POINT('Origin',(-2.88765038022154,27.5,-15.3594099913247));
#2434=CARTESIAN_POINT('',(-6.69187644540214,27.5,-14.1233420138249));
#2435=CARTESIAN_POINT('',(-6.69187644540214,27.5,-14.1233420138249));
#2436=CARTESIAN_POINT('',(-6.69187644540214,27.5,-14.1233420138249));
#2437=CARTESIAN_POINT('Origin',(-6.69187644540214,27.5,-14.1233420138249));
#2438=CARTESIAN_POINT('',(-6.69187644540214,2.,-14.1233420138249));
#2439=CARTESIAN_POINT('',(-6.69187644540214,2.,-14.1233420138249));
#2440=CARTESIAN_POINT('',(-6.69187644540214,2.,-14.1233420138249));
#2441=CARTESIAN_POINT('Origin',(-2.88765038022154,2.,-15.3594099913247));
#2442=CARTESIAN_POINT('',(-2.88765038022154,2.,-15.3594099913247));
#2443=CARTESIAN_POINT('Origin',(-4.78976341281184,0.,-14.7413760025748));
#2444=CARTESIAN_POINT('Origin',(3.60923497138503,27.5,-15.206032451673));
#2445=CARTESIAN_POINT('',(3.60923497138502,2.,-15.206032451673));
#2446=CARTESIAN_POINT('',(3.60923497138502,2.,-15.206032451673));
#2447=CARTESIAN_POINT('',(3.60923497138503,27.5,-15.206032451673));
#2448=CARTESIAN_POINT('',(3.60923497138503,27.5,-15.206032451673));
#2449=CARTESIAN_POINT('',(3.60923497138503,27.5,-15.206032451673));
#2450=CARTESIAN_POINT('Origin',(3.60923497138503,27.5,-15.206032451673));
#2451=CARTESIAN_POINT('',(-0.368852610088072,27.5,-15.6241463047435));
#2452=CARTESIAN_POINT('',(-0.368852610088073,27.5,-15.6241463047435));
#2453=CARTESIAN_POINT('',(-0.368852610088072,27.5,-15.6241463047435));
#2454=CARTESIAN_POINT('Origin',(-0.368852610088072,27.5,-15.6241463047435));
#2455=CARTESIAN_POINT('',(-0.368852610088069,2.,-15.6241463047435));
#2456=CARTESIAN_POINT('',(-0.368852610088069,2.,-15.6241463047435));
#2457=CARTESIAN_POINT('',(-0.368852610088069,2.,-15.6241463047435));
#2458=CARTESIAN_POINT('Origin',(3.60923497138502,2.,-15.206032451673));
#2459=CARTESIAN_POINT('',(3.60923497138502,2.,-15.206032451673));
#2460=CARTESIAN_POINT('Origin',(1.62019118064848,0.,-15.4150893782083));
#2461=CARTESIAN_POINT('Origin',(9.48205080756876,27.5,-12.4233937586589));
#2462=CARTESIAN_POINT('',(9.48205080756876,2.,-12.4233937586589));
#2463=CARTESIAN_POINT('',(9.48205080756876,2.,-12.4233937586589));
#2464=CARTESIAN_POINT('',(9.48205080756876,27.5,-12.4233937586589));
#2465=CARTESIAN_POINT('',(9.48205080756876,27.5,-12.4233937586589));
#2466=CARTESIAN_POINT('',(9.48205080756876,27.5,-12.4233937586589));
#2467=CARTESIAN_POINT('Origin',(9.48205080756876,27.5,-12.4233937586589));
#2468=CARTESIAN_POINT('',(6.01794919243099,27.5,-14.4233937586589));
#2469=CARTESIAN_POINT('',(6.01794919243099,27.5,-14.4233937586589));
#2470=CARTESIAN_POINT('',(6.01794919243099,27.5,-14.4233937586589));
#2471=CARTESIAN_POINT('Origin',(6.01794919243099,27.5,-14.4233937586589));
#2472=CARTESIAN_POINT('',(6.01794919243099,2.,-14.4233937586589));
#2473=CARTESIAN_POINT('',(6.01794919243099,2.,-14.4233937586589));
#2474=CARTESIAN_POINT('',(6.01794919243099,2.,-14.4233937586589));
#2475=CARTESIAN_POINT('Origin',(9.48205080756876,2.,-12.4233937586589));
#2476=CARTESIAN_POINT('',(9.48205080756876,2.,-12.4233937586589));
#2477=CARTESIAN_POINT('Origin',(7.74999999999988,0.,-13.4233937586589));
#2478=CARTESIAN_POINT('Origin',(13.7153339173966,27.5,-7.49263742178355));
#2479=CARTESIAN_POINT('',(13.7153339173966,2.,-7.49263742178355));
#2480=CARTESIAN_POINT('',(13.7153339173966,2.,-7.49263742178355));
#2481=CARTESIAN_POINT('',(13.7153339173966,27.5,-7.49263742178355));
#2482=CARTESIAN_POINT('',(13.7153339173966,27.5,-7.49263742178355));
#2483=CARTESIAN_POINT('',(13.7153339173966,27.5,-7.49263742178355));
#2484=CARTESIAN_POINT('Origin',(13.7153339173966,27.5,-7.49263742178355));
#2485=CARTESIAN_POINT('',(11.3641929082267,27.5,-10.7287053992833));
#2486=CARTESIAN_POINT('',(11.3641929082267,27.5,-10.7287053992833));
#2487=CARTESIAN_POINT('',(11.3641929082267,27.5,-10.7287053992833));
#2488=CARTESIAN_POINT('Origin',(11.3641929082267,27.5,-10.7287053992833));
#2489=CARTESIAN_POINT('',(11.3641929082267,2.,-10.7287053992833));
#2490=CARTESIAN_POINT('',(11.3641929082267,2.,-10.7287053992833));
#2491=CARTESIAN_POINT('',(11.3641929082267,2.,-10.7287053992833));
#2492=CARTESIAN_POINT('Origin',(13.7153339173966,2.,-7.49263742178355));
#2493=CARTESIAN_POINT('',(13.7153339173966,2.,-7.49263742178355));
#2494=CARTESIAN_POINT('Origin',(12.5397634128116,0.,-9.11067141053344));
#2495=CARTESIAN_POINT('Origin',(15.5771111930095,27.5,-1.26633600620777));
#2496=CARTESIAN_POINT('',(15.5771111930095,2.,-1.26633600620777));
#2497=CARTESIAN_POINT('',(15.5771111930095,2.,-1.26633600620777));
#2498=CARTESIAN_POINT('',(15.5771111930095,27.5,-1.26633600620777));
#2499=CARTESIAN_POINT('',(15.5771111930095,27.5,-1.26633600620777));
#2500=CARTESIAN_POINT('',(15.5771111930095,27.5,-1.26633600620777));
#2501=CARTESIAN_POINT('Origin',(15.5771111930095,27.5,-1.26633600620777));
#2502=CARTESIAN_POINT('',(14.7454644297384,27.5,-5.17892640914299));
#2503=CARTESIAN_POINT('',(14.7454644297384,27.5,-5.17892640914299));
#2504=CARTESIAN_POINT('',(14.7454644297384,27.5,-5.17892640914299));
#2505=CARTESIAN_POINT('Origin',(14.7454644297384,27.5,-5.17892640914299));
#2506=CARTESIAN_POINT('',(14.7454644297384,2.,-5.17892640914299));
#2507=CARTESIAN_POINT('',(14.7454644297384,2.,-5.17892640914299));
#2508=CARTESIAN_POINT('',(14.7454644297384,2.,-5.17892640914299));
#2509=CARTESIAN_POINT('Origin',(15.5771111930095,2.,-1.26633600620777));
#2510=CARTESIAN_POINT('',(15.5771111930095,2.,-1.26633600620777));
#2511=CARTESIAN_POINT('Origin',(15.161287811374,0.,-3.22263120767538));
#2512=CARTESIAN_POINT('Origin',(14.7454644297385,27.5,5.17892640914279));
#2513=CARTESIAN_POINT('',(14.7454644297385,2.,5.17892640914279));
#2514=CARTESIAN_POINT('',(14.7454644297385,2.,5.17892640914279));
#2515=CARTESIAN_POINT('',(14.7454644297385,27.5,5.17892640914279));
#2516=CARTESIAN_POINT('',(14.7454644297385,27.5,5.17892640914279));
#2517=CARTESIAN_POINT('',(14.7454644297385,27.5,5.17892640914279));
#2518=CARTESIAN_POINT('Origin',(14.7454644297385,27.5,5.17892640914279));
#2519=CARTESIAN_POINT('',(15.5771111930095,27.5,1.26633600620756));
#2520=CARTESIAN_POINT('',(15.5771111930095,27.5,1.26633600620756));
#2521=CARTESIAN_POINT('',(15.5771111930095,27.5,1.26633600620756));
#2522=CARTESIAN_POINT('Origin',(15.5771111930095,27.5,1.26633600620756));
#2523=CARTESIAN_POINT('',(15.5771111930095,2.,1.26633600620756));
#2524=CARTESIAN_POINT('',(15.5771111930095,2.,1.26633600620756));
#2525=CARTESIAN_POINT('',(15.5771111930095,2.,1.26633600620756));
#2526=CARTESIAN_POINT('Origin',(14.7454644297385,2.,5.17892640914279));
#2527=CARTESIAN_POINT('',(14.7454644297385,2.,5.17892640914279));
#2528=CARTESIAN_POINT('Origin',(15.161287811374,0.,3.22263120767518));
#2529=CARTESIAN_POINT('Origin',(11.3641929082268,27.5,10.7287053992832));
#2530=CARTESIAN_POINT('',(11.3641929082268,2.,10.7287053992832));
#2531=CARTESIAN_POINT('',(11.3641929082268,2.,10.7287053992832));
#2532=CARTESIAN_POINT('',(11.3641929082268,27.5,10.7287053992832));
#2533=CARTESIAN_POINT('',(11.3641929082268,27.5,10.7287053992832));
#2534=CARTESIAN_POINT('',(11.3641929082268,27.5,10.7287053992832));
#2535=CARTESIAN_POINT('Origin',(11.3641929082268,27.5,10.7287053992832));
#2536=CARTESIAN_POINT('',(13.7153339173967,27.5,7.49263742178337));
#2537=CARTESIAN_POINT('',(13.7153339173967,27.5,7.49263742178337));
#2538=CARTESIAN_POINT('',(13.7153339173967,27.5,7.49263742178337));
#2539=CARTESIAN_POINT('Origin',(13.7153339173967,27.5,7.49263742178337));
#2540=CARTESIAN_POINT('',(13.7153339173967,2.,7.49263742178337));
#2541=CARTESIAN_POINT('',(13.7153339173967,2.,7.49263742178337));
#2542=CARTESIAN_POINT('',(13.7153339173967,2.,7.49263742178337));
#2543=CARTESIAN_POINT('Origin',(11.3641929082268,2.,10.7287053992832));
#2544=CARTESIAN_POINT('',(11.3641929082268,2.,10.7287053992832));
#2545=CARTESIAN_POINT('Origin',(12.5397634128117,0.,9.11067141053327));
#2546=CARTESIAN_POINT('Origin',(6.01794919243119,27.5,14.4233937586588));
#2547=CARTESIAN_POINT('',(6.01794919243119,2.,14.4233937586588));
#2548=CARTESIAN_POINT('',(6.01794919243119,2.,14.4233937586588));
#2549=CARTESIAN_POINT('',(6.01794919243119,27.5,14.4233937586588));
#2550=CARTESIAN_POINT('',(6.01794919243119,27.5,14.4233937586588));
#2551=CARTESIAN_POINT('',(6.01794919243119,27.5,14.4233937586588));
#2552=CARTESIAN_POINT('Origin',(6.01794919243119,27.5,14.4233937586588));
#2553=CARTESIAN_POINT('',(9.48205080756894,27.5,12.4233937586588));
#2554=CARTESIAN_POINT('',(9.48205080756894,27.5,12.4233937586588));
#2555=CARTESIAN_POINT('',(9.48205080756894,27.5,12.4233937586588));
#2556=CARTESIAN_POINT('Origin',(9.48205080756894,27.5,12.4233937586588));
#2557=CARTESIAN_POINT('',(9.48205080756893,2.,12.4233937586588));
#2558=CARTESIAN_POINT('',(9.48205080756893,2.,12.4233937586588));
#2559=CARTESIAN_POINT('',(9.48205080756893,2.,12.4233937586588));
#2560=CARTESIAN_POINT('Origin',(6.01794919243119,2.,14.4233937586588));
#2561=CARTESIAN_POINT('',(6.01794919243119,2.,14.4233937586588));
#2562=CARTESIAN_POINT('Origin',(7.75000000000006,0.,13.4233937586588));
#2563=CARTESIAN_POINT('Origin',(-0.368852610087861,27.5,15.6241463047435));
#2564=CARTESIAN_POINT('',(-0.368852610087858,2.,15.6241463047435));
#2565=CARTESIAN_POINT('',(-0.368852610087858,2.,15.6241463047435));
#2566=CARTESIAN_POINT('',(-0.368852610087861,27.5,15.6241463047435));
#2567=CARTESIAN_POINT('',(-0.368852610087861,27.5,15.6241463047435));
#2568=CARTESIAN_POINT('',(-0.368852610087861,27.5,15.6241463047435));
#2569=CARTESIAN_POINT('Origin',(-0.368852610087861,27.5,15.6241463047435));
#2570=CARTESIAN_POINT('',(3.60923497138523,27.5,15.2060324516729));
#2571=CARTESIAN_POINT('',(3.60923497138523,27.5,15.2060324516729));
#2572=CARTESIAN_POINT('',(3.60923497138523,27.5,15.2060324516729));
#2573=CARTESIAN_POINT('Origin',(3.60923497138523,27.5,15.2060324516729));
#2574=CARTESIAN_POINT('',(3.60923497138523,2.,15.2060324516729));
#2575=CARTESIAN_POINT('',(3.60923497138523,2.,15.2060324516729));
#2576=CARTESIAN_POINT('',(3.60923497138523,2.,15.2060324516729));
#2577=CARTESIAN_POINT('Origin',(-0.368852610087858,2.,15.6241463047435));
#2578=CARTESIAN_POINT('',(-0.368852610087858,2.,15.6241463047435));
#2579=CARTESIAN_POINT('Origin',(1.62019118064869,0.,15.4150893782082));
#2580=CARTESIAN_POINT('Origin',(-6.69187644540196,27.5,14.123342013825));
#2581=CARTESIAN_POINT('',(-6.69187644540195,2.,14.123342013825));
#2582=CARTESIAN_POINT('',(-6.69187644540195,2.,14.123342013825));
#2583=CARTESIAN_POINT('',(-6.69187644540196,27.5,14.123342013825));
#2584=CARTESIAN_POINT('',(-6.69187644540196,27.5,14.123342013825));
#2585=CARTESIAN_POINT('',(-6.69187644540196,27.5,14.123342013825));
#2586=CARTESIAN_POINT('Origin',(-6.69187644540196,27.5,14.123342013825));
#2587=CARTESIAN_POINT('',(-2.88765038022134,27.5,15.3594099913248));
#2588=CARTESIAN_POINT('',(-2.88765038022134,27.5,15.3594099913248));
#2589=CARTESIAN_POINT('',(-2.88765038022134,27.5,15.3594099913248));
#2590=CARTESIAN_POINT('Origin',(-2.88765038022134,27.5,15.3594099913248));
#2591=CARTESIAN_POINT('',(-2.88765038022134,2.,15.3594099913248));
#2592=CARTESIAN_POINT('',(-2.88765038022134,2.,15.3594099913248));
#2593=CARTESIAN_POINT('',(-2.88765038022134,2.,15.3594099913248));
#2594=CARTESIAN_POINT('Origin',(-6.69187644540195,2.,14.123342013825));
#2595=CARTESIAN_POINT('',(-6.69187644540195,2.,14.123342013825));
#2596=CARTESIAN_POINT('Origin',(-4.78976341281165,0.,14.7413760025749));
#2597=CARTESIAN_POINT('Origin',(-11.8578140495171,27.5,10.1804835821819));
#2598=CARTESIAN_POINT('',(-11.8578140495171,2.,10.1804835821819));
#2599=CARTESIAN_POINT('',(-11.8578140495171,2.,10.1804835821819));
#2600=CARTESIAN_POINT('',(-11.8578140495171,27.5,10.1804835821819));
#2601=CARTESIAN_POINT('',(-11.8578140495171,27.5,10.1804835821819));
#2602=CARTESIAN_POINT('',(-11.8578140495171,27.5,10.1804835821819));
#2603=CARTESIAN_POINT('Origin',(-11.8578140495171,27.5,10.1804835821819));
#2604=CARTESIAN_POINT('',(-8.88523474760749,27.5,12.8570060076173));
#2605=CARTESIAN_POINT('',(-8.88523474760749,27.5,12.8570060076173));
#2606=CARTESIAN_POINT('',(-8.88523474760749,27.5,12.8570060076173));
#2607=CARTESIAN_POINT('Origin',(-8.88523474760749,27.5,12.8570060076173));
#2608=CARTESIAN_POINT('',(-8.88523474760749,2.,12.8570060076173));
#2609=CARTESIAN_POINT('',(-8.88523474760749,2.,12.8570060076173));
#2610=CARTESIAN_POINT('',(-8.88523474760749,2.,12.8570060076173));
#2611=CARTESIAN_POINT('Origin',(-11.8578140495171,2.,10.1804835821819));
#2612=CARTESIAN_POINT('',(-11.8578140495171,2.,10.1804835821819));
#2613=CARTESIAN_POINT('Origin',(-10.3715243985623,0.,11.5187447948996));
#2614=CARTESIAN_POINT('Origin',(4.64409600528185,-5.65685424949083,4.33068958639523));
#2615=CARTESIAN_POINT('',(4.64409600528185,1.5,5.93068958639468));
#2616=CARTESIAN_POINT('',(4.64409600528185,1.5,2.73068958639577));
#2617=CARTESIAN_POINT('Origin',(4.64409600528185,1.5,4.33068958639523));
#2618=CARTESIAN_POINT('',(4.64409600528185,-5.65685424949083,2.73068958639577));
#2619=CARTESIAN_POINT('Origin',(4.64409600528185,1.5,4.33068958639523));
#2620=CARTESIAN_POINT('Origin',(8.32667268468867E-14,-5.65685424949083,
-1.6080886622305E-12));
#2621=CARTESIAN_POINT('',(8.30217974870573E-14,-5.65685424949083,-2.00000000000106));
#2622=CARTESIAN_POINT('Origin',(-4.64409600528164,-5.65685424949083,-4.33068958639848));
#2623=CARTESIAN_POINT('',(-4.64409600528164,1.5,-2.73068958639903));
#2624=CARTESIAN_POINT('',(-4.64409600528164,1.5,-5.93068958639793));
#2625=CARTESIAN_POINT('Origin',(-4.64409600528164,1.5,-4.33068958639848));
#2626=CARTESIAN_POINT('',(-4.64409600528164,-5.65685424949083,-5.93068958639793));
#2627=CARTESIAN_POINT('Origin',(-4.64409600528164,1.5,-4.33068958639848));
#2628=CARTESIAN_POINT('Origin',(4.33068958639698,-5.65685424949083,-4.64409600528332));
#2629=CARTESIAN_POINT('',(4.33068958639698,1.5,-3.04409600528387));
#2630=CARTESIAN_POINT('',(4.33068958639698,1.5,-6.24409600528277));
#2631=CARTESIAN_POINT('Origin',(4.33068958639698,1.5,-4.64409600528332));
#2632=CARTESIAN_POINT('',(4.33068958639698,-5.65685424949083,-6.24409600528277));
#2633=CARTESIAN_POINT('Origin',(4.33068958639698,1.5,-4.64409600528332));
#2634=CARTESIAN_POINT('Origin',(-4.3306895863968,-5.65685424949083,4.64409600528009));
#2635=CARTESIAN_POINT('',(-4.3306895863968,1.5,6.24409600527955));
#2636=CARTESIAN_POINT('',(-4.3306895863968,1.5,3.04409600528064));
#2637=CARTESIAN_POINT('Origin',(-4.3306895863968,1.5,4.64409600528009));
#2638=CARTESIAN_POINT('',(-4.3306895863968,-5.65685424949083,3.04409600528064));
#2639=CARTESIAN_POINT('Origin',(-4.3306895863968,1.5,4.64409600528009));
#2640=CARTESIAN_POINT('Origin',(4.33068958639698,1.5,-4.64409600528332));
#2641=CARTESIAN_POINT('',(4.33068958639698,1.5,-3.04409600528387));
#2642=CARTESIAN_POINT('Origin',(-4.64409600528164,1.5,-4.33068958639848));
#2643=CARTESIAN_POINT('',(-4.64409600528164,1.5,-2.73068958639903));
#2644=CARTESIAN_POINT('Origin',(4.64409600528185,1.5,4.33068958639523));
#2645=CARTESIAN_POINT('',(4.64409600528185,1.5,5.93068958639468));
#2646=CARTESIAN_POINT('Origin',(-4.3306895863968,1.5,4.64409600528009));
#2647=CARTESIAN_POINT('',(-4.3306895863968,1.5,6.24409600527955));
#2648=UNCERTAINTY_MEASURE_WITH_UNIT(LENGTH_MEASURE(0.01),#2652,
'DISTANCE_ACCURACY_VALUE',
'Maximum model space distance between geometric entities at asserted c
onnectivities');
#2649=UNCERTAINTY_MEASURE_WITH_UNIT(LENGTH_MEASURE(0.01),#2652,
'DISTANCE_ACCURACY_VALUE',
'Maximum model space distance between geometric entities at asserted c
onnectivities');
#2650=(
GEOMETRIC_REPRESENTATION_CONTEXT(3)
GLOBAL_UNCERTAINTY_ASSIGNED_CONTEXT((#2648))
GLOBAL_UNIT_ASSIGNED_CONTEXT((#2652,#2654,#2655))
REPRESENTATION_CONTEXT('','3D')
);
#2651=(
GEOMETRIC_REPRESENTATION_CONTEXT(3)
GLOBAL_UNCERTAINTY_ASSIGNED_CONTEXT((#2649))
GLOBAL_UNIT_ASSIGNED_CONTEXT((#2652,#2654,#2655))
REPRESENTATION_CONTEXT('','3D')
);
#2652=(
LENGTH_UNIT()
NAMED_UNIT(*)
SI_UNIT(.MILLI.,.METRE.)
);
#2653=(
LENGTH_UNIT()
NAMED_UNIT(*)
SI_UNIT($,.METRE.)
);
#2654=(
NAMED_UNIT(*)
PLANE_ANGLE_UNIT()
SI_UNIT($,.RADIAN.)
);
#2655=(
NAMED_UNIT(*)
SI_UNIT($,.STERADIAN.)
SOLID_ANGLE_UNIT()
);
#2656=SHAPE_DEFINITION_REPRESENTATION(#2657,#2658);
#2657=PRODUCT_DEFINITION_SHAPE('',$,#2660);
#2658=SHAPE_REPRESENTATION('',(#1604),#2650);
#2659=PRODUCT_DEFINITION_CONTEXT('part definition',#2664,'design');
#2660=PRODUCT_DEFINITION('2026-05-07-11-22-28-040','uus tagarattas',#2661,
#2659);
#2661=PRODUCT_DEFINITION_FORMATION('',$,#2666);
#2662=PRODUCT_RELATED_PRODUCT_CATEGORY('uus tagarattas',
'uus tagarattas',(#2666));
#2663=APPLICATION_PROTOCOL_DEFINITION('international standard',
'automotive_design',2009,#2664);
#2664=APPLICATION_CONTEXT(
'Core Data for Automotive Mechanical Design Process');
#2665=PRODUCT_CONTEXT('part definition',#2664,'mechanical');
#2666=PRODUCT('2026-05-07-11-22-28-040','uus tagarattas',$,(#2665));
#2667=PRESENTATION_STYLE_ASSIGNMENT((#2668));
#2668=SURFACE_STYLE_USAGE(.BOTH.,#2669);
#2669=SURFACE_SIDE_STYLE('',(#2670));
#2670=SURFACE_STYLE_FILL_AREA(#2671);
#2671=FILL_AREA_STYLE('Steel - Satin',(#2672));
#2672=FILL_AREA_STYLE_COLOUR('Steel - Satin',#2673);
#2673=COLOUR_RGB('Steel - Satin',0.627450980392157,0.627450980392157,0.627450980392157);
ENDSEC;
END-ISO-10303-21;
